filename,label
100023.jpg,spiral
100053.jpg,elliptical
100078.jpg,elliptical
100090.jpg,elliptical
100122.jpg,elliptical
100123.jpg,irregular
100128.jpg,elliptical
100134.jpg,irregular
100263.jpg,irregular
100288.jpg,elliptical
100295.jpg,elliptical
100380.jpg,spiral
100402.jpg,elliptical
100428.jpg,elliptical
100434.jpg,elliptical
100444.jpg,elliptical
100458.jpg,irregular
100479.jpg,elliptical
100513.jpg,irregular
100520.jpg,irregular
100561.jpg,irregular
100571.jpg,irregular
100601.jpg,elliptical
100672.jpg,elliptical
100673.jpg,spiral
100724.jpg,elliptical
100727.jpg,elliptical
100730.jpg,elliptical
100740.jpg,elliptical
100744.jpg,elliptical
100765.jpg,spiral
100801.jpg,spiral
100813.jpg,spiral
100821.jpg,spiral
100852.jpg,elliptical
100859.jpg,spiral
100861.jpg,elliptical
100867.jpg,elliptical
100887.jpg,elliptical
100951.jpg,spiral
101007.jpg,spiral
101061.jpg,elliptical
101074.jpg,spiral
101092.jpg,elliptical
101133.jpg,irregular
101135.jpg,elliptical
101140.jpg,spiral
101151.jpg,elliptical
101164.jpg,elliptical
101244.jpg,irregular
101246.jpg,elliptical
101247.jpg,elliptical
101251.jpg,elliptical
101275.jpg,spiral
101283.jpg,elliptical
101286.jpg,elliptical
101290.jpg,elliptical
101291.jpg,elliptical
101296.jpg,elliptical
101298.jpg,spiral
101307.jpg,spiral
101315.jpg,spiral
101325.jpg,irregular
101371.jpg,irregular
101501.jpg,irregular
101502.jpg,irregular
101518.jpg,elliptical
101538.jpg,elliptical
101548.jpg,elliptical
101564.jpg,spiral
101572.jpg,elliptical
101589.jpg,irregular
101591.jpg,irregular
101597.jpg,irregular
101599.jpg,elliptical
101623.jpg,elliptical
101627.jpg,elliptical
101651.jpg,elliptical
101654.jpg,irregular
101666.jpg,irregular
101695.jpg,elliptical
101754.jpg,elliptical
101756.jpg,irregular
101774.jpg,spiral
101787.jpg,spiral
101798.jpg,irregular
101804.jpg,spiral
101816.jpg,elliptical
101854.jpg,elliptical
101858.jpg,elliptical
101875.jpg,elliptical
101943.jpg,elliptical
101971.jpg,elliptical
101980.jpg,irregular
101991.jpg,spiral
102000.jpg,elliptical
102015.jpg,elliptical
102040.jpg,spiral
102046.jpg,irregular
102115.jpg,elliptical
102174.jpg,elliptical
102176.jpg,spiral
102182.jpg,elliptical
102243.jpg,irregular
102260.jpg,elliptical
102295.jpg,elliptical
102347.jpg,irregular
102371.jpg,elliptical
102391.jpg,spiral
102402.jpg,spiral
102407.jpg,spiral
102422.jpg,spiral
102433.jpg,spiral
102471.jpg,elliptical
102474.jpg,irregular
102481.jpg,elliptical
102513.jpg,elliptical
102556.jpg,elliptical
102595.jpg,irregular
102602.jpg,elliptical
102616.jpg,elliptical
102642.jpg,elliptical
102699.jpg,irregular
102729.jpg,elliptical
102735.jpg,spiral
102742.jpg,spiral
102743.jpg,elliptical
102765.jpg,spiral
102770.jpg,elliptical
102799.jpg,elliptical
102804.jpg,elliptical
102808.jpg,elliptical
102822.jpg,irregular
102834.jpg,elliptical
102839.jpg,elliptical
102843.jpg,elliptical
102871.jpg,elliptical
102919.jpg,irregular
102928.jpg,elliptical
102933.jpg,elliptical
102977.jpg,elliptical
102990.jpg,spiral
102998.jpg,irregular
103019.jpg,spiral
103037.jpg,spiral
103072.jpg,elliptical
103075.jpg,spiral
103191.jpg,elliptical
103224.jpg,elliptical
103233.jpg,elliptical
103260.jpg,elliptical
103323.jpg,elliptical
103348.jpg,elliptical
103353.jpg,elliptical
103354.jpg,elliptical
103356.jpg,spiral
103386.jpg,elliptical
103393.jpg,elliptical
103444.jpg,elliptical
103491.jpg,irregular
103500.jpg,elliptical
103523.jpg,irregular
103533.jpg,spiral
103547.jpg,spiral
103561.jpg,spiral
103577.jpg,elliptical
103610.jpg,elliptical
103626.jpg,elliptical
103645.jpg,elliptical
103646.jpg,elliptical
103707.jpg,irregular
103718.jpg,elliptical
103731.jpg,elliptical
103754.jpg,irregular
103758.jpg,elliptical
103818.jpg,spiral
103819.jpg,elliptical
103824.jpg,spiral
103900.jpg,elliptical
103902.jpg,elliptical
103904.jpg,elliptical
103907.jpg,elliptical
103950.jpg,spiral
103955.jpg,elliptical
103974.jpg,irregular
103979.jpg,spiral
104001.jpg,irregular
104020.jpg,spiral
104040.jpg,spiral
104096.jpg,elliptical
104110.jpg,elliptical
104141.jpg,elliptical
104143.jpg,elliptical
104159.jpg,elliptical
104173.jpg,elliptical
104196.jpg,elliptical
104234.jpg,spiral
104243.jpg,elliptical
104253.jpg,elliptical
104279.jpg,irregular
104281.jpg,elliptical
104365.jpg,irregular
104387.jpg,elliptical
104389.jpg,spiral
104414.jpg,irregular
104420.jpg,spiral
104422.jpg,elliptical
104440.jpg,elliptical
104460.jpg,elliptical
104478.jpg,spiral
104516.jpg,elliptical
104536.jpg,spiral
104589.jpg,spiral
104602.jpg,elliptical
104611.jpg,elliptical
104612.jpg,elliptical
104703.jpg,elliptical
104709.jpg,elliptical
104764.jpg,elliptical
104769.jpg,elliptical
104784.jpg,spiral
104929.jpg,elliptical
104934.jpg,spiral
104977.jpg,irregular
104988.jpg,elliptical
105009.jpg,spiral
105014.jpg,irregular
105020.jpg,elliptical
105028.jpg,irregular
105069.jpg,spiral
105082.jpg,elliptical
105088.jpg,elliptical
105092.jpg,elliptical
105165.jpg,elliptical
105218.jpg,spiral
105258.jpg,elliptical
105279.jpg,elliptical
105314.jpg,spiral
105331.jpg,elliptical
105354.jpg,elliptical
105365.jpg,spiral
105417.jpg,spiral
105447.jpg,elliptical
105459.jpg,elliptical
105497.jpg,spiral
105500.jpg,spiral
105507.jpg,elliptical
105539.jpg,spiral
105541.jpg,elliptical
105572.jpg,spiral
105581.jpg,elliptical
105631.jpg,spiral
105648.jpg,elliptical
105700.jpg,spiral
105755.jpg,elliptical
105757.jpg,elliptical
105762.jpg,elliptical
105772.jpg,elliptical
105774.jpg,irregular
105797.jpg,elliptical
105868.jpg,irregular
105870.jpg,elliptical
105900.jpg,irregular
105925.jpg,spiral
105991.jpg,elliptical
106000.jpg,elliptical
106018.jpg,elliptical
106028.jpg,elliptical
106040.jpg,elliptical
106044.jpg,elliptical
106049.jpg,irregular
106079.jpg,irregular
106105.jpg,elliptical
106124.jpg,elliptical
106147.jpg,elliptical
106170.jpg,elliptical
106205.jpg,elliptical
106206.jpg,irregular
106230.jpg,irregular
106263.jpg,irregular
106355.jpg,spiral
106357.jpg,irregular
106388.jpg,elliptical
106390.jpg,spiral
106463.jpg,elliptical
106471.jpg,irregular
106544.jpg,elliptical
106612.jpg,elliptical
106621.jpg,spiral
106652.jpg,elliptical
106664.jpg,spiral
106689.jpg,elliptical
106694.jpg,elliptical
106725.jpg,irregular
106749.jpg,elliptical
106773.jpg,elliptical
106777.jpg,spiral
106781.jpg,elliptical
106784.jpg,spiral
106800.jpg,elliptical
106812.jpg,elliptical
106829.jpg,elliptical
106841.jpg,elliptical
106896.jpg,elliptical
106919.jpg,elliptical
106923.jpg,elliptical
106973.jpg,elliptical
107012.jpg,spiral
107019.jpg,elliptical
107055.jpg,elliptical
107084.jpg,spiral
107106.jpg,elliptical
107143.jpg,elliptical
107159.jpg,spiral
107193.jpg,irregular
107202.jpg,spiral
107229.jpg,spiral
107261.jpg,elliptical
107272.jpg,irregular
107298.jpg,elliptical
107355.jpg,spiral
107374.jpg,spiral
107379.jpg,spiral
107383.jpg,irregular
107388.jpg,elliptical
107394.jpg,elliptical
107403.jpg,elliptical
107415.jpg,irregular
107434.jpg,irregular
107435.jpg,elliptical
107461.jpg,elliptical
107480.jpg,elliptical
107496.jpg,irregular
107510.jpg,elliptical
107517.jpg,spiral
107521.jpg,elliptical
107524.jpg,spiral
107527.jpg,elliptical
107539.jpg,elliptical
107553.jpg,elliptical
107555.jpg,spiral
107573.jpg,elliptical
107576.jpg,elliptical
107593.jpg,spiral
107606.jpg,spiral
107608.jpg,elliptical
107610.jpg,elliptical
107619.jpg,elliptical
107627.jpg,irregular
107629.jpg,irregular
107688.jpg,elliptical
107692.jpg,elliptical
107709.jpg,irregular
107745.jpg,spiral
107747.jpg,spiral
107794.jpg,elliptical
107828.jpg,elliptical
107849.jpg,elliptical
107859.jpg,irregular
107888.jpg,elliptical
107951.jpg,spiral
107954.jpg,elliptical
107961.jpg,elliptical
107966.jpg,elliptical
107967.jpg,elliptical
107972.jpg,spiral
107975.jpg,elliptical
107985.jpg,irregular
108012.jpg,spiral
108017.jpg,elliptical
108038.jpg,irregular
108066.jpg,elliptical
108103.jpg,irregular
108111.jpg,elliptical
108146.jpg,elliptical
108160.jpg,elliptical
108182.jpg,elliptical
108195.jpg,elliptical
108207.jpg,elliptical
108251.jpg,spiral
108272.jpg,spiral
108305.jpg,elliptical
108481.jpg,elliptical
108551.jpg,elliptical
108574.jpg,spiral
108580.jpg,elliptical
108584.jpg,elliptical
108608.jpg,spiral
108624.jpg,elliptical
108645.jpg,elliptical
108661.jpg,elliptical
108672.jpg,elliptical
108692.jpg,irregular
108715.jpg,irregular
108717.jpg,elliptical
108742.jpg,irregular
108757.jpg,elliptical
108764.jpg,irregular
108772.jpg,spiral
108779.jpg,spiral
108786.jpg,irregular
108914.jpg,elliptical
108917.jpg,elliptical
108920.jpg,elliptical
108928.jpg,elliptical
108929.jpg,spiral
108952.jpg,elliptical
108959.jpg,elliptical
108961.jpg,spiral
108988.jpg,elliptical
108991.jpg,elliptical
108994.jpg,irregular
109011.jpg,spiral
109033.jpg,elliptical
109074.jpg,elliptical
109098.jpg,elliptical
109127.jpg,elliptical
109132.jpg,irregular
109155.jpg,elliptical
109180.jpg,elliptical
109215.jpg,elliptical
109266.jpg,spiral
109282.jpg,irregular
109292.jpg,elliptical
109330.jpg,elliptical
109360.jpg,elliptical
109366.jpg,spiral
109380.jpg,spiral
109402.jpg,elliptical
109404.jpg,elliptical
109509.jpg,irregular
109568.jpg,spiral
109595.jpg,elliptical
109623.jpg,elliptical
109630.jpg,elliptical
109682.jpg,elliptical
109688.jpg,spiral
109699.jpg,elliptical
109715.jpg,elliptical
109727.jpg,elliptical
109740.jpg,elliptical
109744.jpg,irregular
109750.jpg,elliptical
109780.jpg,irregular
109827.jpg,elliptical
109868.jpg,spiral
109879.jpg,irregular
109946.jpg,irregular
109977.jpg,elliptical
110074.jpg,elliptical
110076.jpg,elliptical
110109.jpg,spiral
110121.jpg,elliptical
110129.jpg,elliptical
110139.jpg,elliptical
110149.jpg,elliptical
110178.jpg,elliptical
110195.jpg,elliptical
110217.jpg,irregular
110250.jpg,elliptical
110285.jpg,irregular
110306.jpg,elliptical
110313.jpg,elliptical
110339.jpg,spiral
110348.jpg,elliptical
110349.jpg,elliptical
110364.jpg,irregular
110370.jpg,irregular
110375.jpg,irregular
110384.jpg,irregular
110388.jpg,elliptical
110389.jpg,irregular
110404.jpg,irregular
110411.jpg,elliptical
110465.jpg,irregular
110480.jpg,elliptical
110528.jpg,spiral
110538.jpg,elliptical
110633.jpg,spiral
110636.jpg,elliptical
110676.jpg,spiral
110710.jpg,spiral
110713.jpg,spiral
110719.jpg,irregular
110763.jpg,irregular
110789.jpg,irregular
110805.jpg,elliptical
110821.jpg,elliptical
110837.jpg,spiral
110844.jpg,spiral
110858.jpg,elliptical
110887.jpg,spiral
110964.jpg,irregular
110966.jpg,spiral
111038.jpg,elliptical
111141.jpg,spiral
111142.jpg,elliptical
111149.jpg,elliptical
111207.jpg,elliptical
111223.jpg,elliptical
111240.jpg,elliptical
111245.jpg,elliptical
111259.jpg,elliptical
111274.jpg,elliptical
111298.jpg,elliptical
111305.jpg,spiral
111312.jpg,elliptical
111383.jpg,elliptical
111398.jpg,elliptical
111399.jpg,elliptical
111411.jpg,elliptical
111417.jpg,elliptical
111428.jpg,elliptical
111481.jpg,elliptical
111491.jpg,irregular
111499.jpg,elliptical
111514.jpg,spiral
111534.jpg,spiral
111597.jpg,elliptical
111615.jpg,irregular
111622.jpg,spiral
111658.jpg,spiral
111660.jpg,elliptical
111681.jpg,elliptical
111725.jpg,elliptical
111727.jpg,irregular
111753.jpg,elliptical
111792.jpg,spiral
111793.jpg,elliptical
111799.jpg,spiral
111839.jpg,elliptical
111882.jpg,spiral
111883.jpg,irregular
111980.jpg,elliptical
112016.jpg,elliptical
112072.jpg,spiral
112119.jpg,elliptical
112125.jpg,spiral
112135.jpg,elliptical
112167.jpg,elliptical
112177.jpg,spiral
112196.jpg,irregular
112229.jpg,elliptical
112254.jpg,elliptical
112311.jpg,elliptical
112314.jpg,irregular
112359.jpg,elliptical
112404.jpg,spiral
112420.jpg,irregular
112444.jpg,spiral
112479.jpg,spiral
112512.jpg,elliptical
112518.jpg,spiral
112536.jpg,irregular
112574.jpg,elliptical
112592.jpg,elliptical
112623.jpg,spiral
112628.jpg,elliptical
112678.jpg,elliptical
112764.jpg,elliptical
112769.jpg,spiral
112814.jpg,elliptical
112819.jpg,elliptical
112826.jpg,elliptical
112841.jpg,elliptical
112846.jpg,elliptical
112918.jpg,elliptical
112964.jpg,elliptical
112965.jpg,elliptical
112997.jpg,irregular
113072.jpg,elliptical
113118.jpg,elliptical
113142.jpg,elliptical
113149.jpg,elliptical
113166.jpg,irregular
113267.jpg,elliptical
113279.jpg,irregular
113284.jpg,spiral
113289.jpg,spiral
113303.jpg,spiral
113305.jpg,elliptical
113322.jpg,irregular
113373.jpg,elliptical
113394.jpg,elliptical
113417.jpg,irregular
113418.jpg,elliptical
113420.jpg,elliptical
113444.jpg,elliptical
113452.jpg,elliptical
113457.jpg,elliptical
113483.jpg,elliptical
113516.jpg,elliptical
113518.jpg,elliptical
113566.jpg,elliptical
113608.jpg,irregular
113655.jpg,spiral
113672.jpg,elliptical
113746.jpg,irregular
113761.jpg,elliptical
113766.jpg,elliptical
113779.jpg,irregular
113813.jpg,elliptical
113828.jpg,elliptical
113845.jpg,elliptical
113857.jpg,elliptical
113903.jpg,elliptical
113913.jpg,elliptical
113965.jpg,elliptical
113971.jpg,spiral
113975.jpg,elliptical
113987.jpg,spiral
113992.jpg,elliptical
113999.jpg,elliptical
114046.jpg,elliptical
114080.jpg,spiral
114173.jpg,elliptical
114190.jpg,elliptical
114191.jpg,elliptical
114207.jpg,elliptical
114240.jpg,irregular
114256.jpg,spiral
114271.jpg,elliptical
114289.jpg,elliptical
114294.jpg,elliptical
114319.jpg,elliptical
114337.jpg,elliptical
114354.jpg,irregular
114433.jpg,irregular
114457.jpg,elliptical
114462.jpg,elliptical
114502.jpg,spiral
114517.jpg,spiral
114550.jpg,irregular
114587.jpg,spiral
114588.jpg,elliptical
114602.jpg,irregular
114650.jpg,elliptical
114654.jpg,elliptical
114658.jpg,irregular
114682.jpg,elliptical
114688.jpg,spiral
114695.jpg,elliptical
114696.jpg,elliptical
114741.jpg,spiral
114772.jpg,spiral
114815.jpg,spiral
114863.jpg,irregular
114893.jpg,elliptical
114957.jpg,spiral
114965.jpg,spiral
114966.jpg,spiral
114993.jpg,elliptical
115042.jpg,elliptical
115051.jpg,elliptical
115091.jpg,irregular
115094.jpg,elliptical
115109.jpg,elliptical
115132.jpg,elliptical
115143.jpg,spiral
115235.jpg,elliptical
115247.jpg,irregular
115255.jpg,elliptical
115275.jpg,elliptical
115299.jpg,irregular
115314.jpg,spiral
115330.jpg,elliptical
115357.jpg,elliptical
115368.jpg,elliptical
115384.jpg,elliptical
115385.jpg,irregular
115399.jpg,irregular
115402.jpg,irregular
115426.jpg,elliptical
115449.jpg,elliptical
115450.jpg,irregular
115490.jpg,irregular
115506.jpg,elliptical
115515.jpg,spiral
115525.jpg,elliptical
115535.jpg,spiral
115545.jpg,elliptical
115560.jpg,elliptical
115571.jpg,spiral
115587.jpg,spiral
115597.jpg,elliptical
115617.jpg,irregular
115659.jpg,spiral
115675.jpg,spiral
115716.jpg,elliptical
115736.jpg,elliptical
115753.jpg,elliptical
115777.jpg,spiral
115787.jpg,elliptical
115815.jpg,irregular
115824.jpg,spiral
115838.jpg,elliptical
115845.jpg,elliptical
115854.jpg,elliptical
115858.jpg,irregular
115869.jpg,irregular
115883.jpg,elliptical
115886.jpg,elliptical
115891.jpg,elliptical
115905.jpg,spiral
115918.jpg,elliptical
115938.jpg,elliptical
115942.jpg,elliptical
116011.jpg,elliptical
116043.jpg,spiral
116045.jpg,elliptical
116118.jpg,spiral
116140.jpg,spiral
116208.jpg,elliptical
116210.jpg,elliptical
116214.jpg,elliptical
116228.jpg,elliptical
116239.jpg,elliptical
116249.jpg,irregular
116291.jpg,spiral
116306.jpg,spiral
116328.jpg,spiral
116386.jpg,elliptical
116422.jpg,spiral
116435.jpg,elliptical
116517.jpg,elliptical
116524.jpg,elliptical
116527.jpg,elliptical
116542.jpg,irregular
116565.jpg,elliptical
116582.jpg,elliptical
116614.jpg,elliptical
116620.jpg,elliptical
116638.jpg,irregular
116669.jpg,elliptical
116692.jpg,elliptical
116695.jpg,elliptical
116719.jpg,elliptical
116723.jpg,elliptical
116779.jpg,elliptical
116780.jpg,elliptical
116794.jpg,spiral
116815.jpg,spiral
116844.jpg,elliptical
116873.jpg,elliptical
116879.jpg,elliptical
116886.jpg,elliptical
116896.jpg,spiral
116914.jpg,elliptical
116927.jpg,elliptical
116958.jpg,elliptical
116964.jpg,elliptical
116998.jpg,spiral
117045.jpg,irregular
117068.jpg,elliptical
117085.jpg,irregular
117090.jpg,elliptical
117100.jpg,irregular
117104.jpg,elliptical
117158.jpg,irregular
117164.jpg,irregular
117192.jpg,elliptical
117206.jpg,spiral
117214.jpg,elliptical
117216.jpg,elliptical
117228.jpg,elliptical
117235.jpg,elliptical
117300.jpg,spiral
117440.jpg,spiral
117494.jpg,spiral
117503.jpg,spiral
117510.jpg,elliptical
117528.jpg,irregular
117587.jpg,elliptical
117605.jpg,elliptical
117621.jpg,elliptical
117623.jpg,elliptical
117627.jpg,irregular
117641.jpg,spiral
117647.jpg,elliptical
117674.jpg,spiral
117722.jpg,irregular
117764.jpg,elliptical
117767.jpg,elliptical
117775.jpg,irregular
117805.jpg,elliptical
117813.jpg,elliptical
117833.jpg,elliptical
117853.jpg,elliptical
117915.jpg,irregular
117921.jpg,elliptical
117996.jpg,elliptical
118015.jpg,elliptical
118044.jpg,elliptical
118063.jpg,elliptical
118074.jpg,elliptical
118119.jpg,elliptical
118141.jpg,elliptical
118150.jpg,irregular
118161.jpg,elliptical
118163.jpg,elliptical
118199.jpg,spiral
118260.jpg,irregular
118323.jpg,spiral
118348.jpg,elliptical
118452.jpg,elliptical
118476.jpg,spiral
118493.jpg,elliptical
118506.jpg,elliptical
118539.jpg,spiral
118590.jpg,elliptical
118638.jpg,spiral
118685.jpg,elliptical
118700.jpg,elliptical
118702.jpg,irregular
118712.jpg,irregular
118723.jpg,spiral
118767.jpg,elliptical
118811.jpg,elliptical
118868.jpg,elliptical
118877.jpg,spiral
118935.jpg,spiral
118944.jpg,elliptical
118947.jpg,elliptical
118949.jpg,elliptical
118993.jpg,irregular
119009.jpg,irregular
119010.jpg,irregular
119014.jpg,irregular
119045.jpg,spiral
119147.jpg,irregular
119150.jpg,spiral
119186.jpg,elliptical
119239.jpg,spiral
119240.jpg,spiral
119256.jpg,elliptical
119262.jpg,irregular
119277.jpg,spiral
119280.jpg,irregular
119314.jpg,elliptical
119321.jpg,spiral
119334.jpg,elliptical
119383.jpg,elliptical
119384.jpg,elliptical
119398.jpg,elliptical
119417.jpg,elliptical
119459.jpg,irregular
119536.jpg,irregular
119537.jpg,irregular
119554.jpg,elliptical
119573.jpg,spiral
119599.jpg,irregular
119644.jpg,irregular
119666.jpg,elliptical
119670.jpg,irregular
119693.jpg,elliptical
119699.jpg,elliptical
119718.jpg,spiral
119720.jpg,elliptical
119740.jpg,irregular
119766.jpg,elliptical
119773.jpg,spiral
119777.jpg,spiral
119798.jpg,elliptical
119816.jpg,spiral
119864.jpg,irregular
119889.jpg,irregular
119909.jpg,irregular
119921.jpg,elliptical
119941.jpg,elliptical
119990.jpg,irregular
120006.jpg,elliptical
120027.jpg,elliptical
120036.jpg,elliptical
120042.jpg,spiral
120062.jpg,elliptical
120107.jpg,elliptical
120112.jpg,elliptical
120158.jpg,irregular
120197.jpg,spiral
120201.jpg,elliptical
120214.jpg,elliptical
120219.jpg,elliptical
120228.jpg,spiral
120231.jpg,elliptical
120250.jpg,irregular
120258.jpg,elliptical
120305.jpg,elliptical
120307.jpg,spiral
120314.jpg,elliptical
120316.jpg,irregular
120337.jpg,spiral
120374.jpg,irregular
120383.jpg,spiral
120384.jpg,spiral
120387.jpg,elliptical
120433.jpg,spiral
120438.jpg,elliptical
120440.jpg,elliptical
120447.jpg,irregular
120535.jpg,elliptical
120548.jpg,spiral
120566.jpg,elliptical
120629.jpg,elliptical
120632.jpg,spiral
120641.jpg,irregular
120648.jpg,elliptical
120659.jpg,elliptical
120676.jpg,irregular
120697.jpg,elliptical
120716.jpg,spiral
120763.jpg,elliptical
120774.jpg,elliptical
120776.jpg,elliptical
120782.jpg,elliptical
120891.jpg,elliptical
120918.jpg,elliptical
120923.jpg,elliptical
120941.jpg,spiral
120998.jpg,spiral
121006.jpg,spiral
121016.jpg,elliptical
121044.jpg,elliptical
121048.jpg,spiral
121059.jpg,elliptical
121068.jpg,elliptical
121085.jpg,spiral
121129.jpg,irregular
121133.jpg,elliptical
121164.jpg,irregular
121177.jpg,irregular
121178.jpg,irregular
121190.jpg,elliptical
121195.jpg,elliptical
121196.jpg,elliptical
121250.jpg,elliptical
121262.jpg,elliptical
121287.jpg,elliptical
121319.jpg,irregular
121346.jpg,elliptical
121394.jpg,spiral
121410.jpg,irregular
121413.jpg,elliptical
121459.jpg,elliptical
121462.jpg,irregular
121473.jpg,elliptical
121558.jpg,spiral
121577.jpg,elliptical
121590.jpg,elliptical
121592.jpg,elliptical
121611.jpg,elliptical
121621.jpg,spiral
121625.jpg,elliptical
121645.jpg,elliptical
121670.jpg,elliptical
121705.jpg,irregular
121713.jpg,elliptical
121727.jpg,spiral
121746.jpg,irregular
121768.jpg,spiral
121769.jpg,elliptical
121774.jpg,irregular
121801.jpg,elliptical
121811.jpg,elliptical
121831.jpg,elliptical
121835.jpg,elliptical
121899.jpg,elliptical
121902.jpg,spiral
121944.jpg,spiral
121946.jpg,elliptical
121960.jpg,elliptical
121973.jpg,spiral
122003.jpg,elliptical
122020.jpg,elliptical
122042.jpg,spiral
122073.jpg,elliptical
122093.jpg,spiral
122109.jpg,elliptical
122131.jpg,elliptical
122158.jpg,elliptical
122176.jpg,irregular
122221.jpg,irregular
122226.jpg,spiral
122240.jpg,spiral
122265.jpg,irregular
122278.jpg,elliptical
122292.jpg,irregular
122293.jpg,irregular
122298.jpg,elliptical
122307.jpg,elliptical
122362.jpg,irregular
122371.jpg,elliptical
122444.jpg,elliptical
122445.jpg,spiral
122469.jpg,elliptical
122477.jpg,spiral
122479.jpg,elliptical
122566.jpg,elliptical
122608.jpg,elliptical
122634.jpg,elliptical
122654.jpg,spiral
122672.jpg,elliptical
122674.jpg,elliptical
122705.jpg,elliptical
122715.jpg,irregular
122717.jpg,elliptical
122721.jpg,spiral
122753.jpg,irregular
122754.jpg,elliptical
122804.jpg,spiral
122818.jpg,spiral
122855.jpg,irregular
122870.jpg,elliptical
122877.jpg,elliptical
122909.jpg,elliptical
122933.jpg,elliptical
122965.jpg,elliptical
122995.jpg,spiral
123024.jpg,spiral
123036.jpg,spiral
123059.jpg,elliptical
123067.jpg,elliptical
123093.jpg,spiral
123103.jpg,spiral
123118.jpg,elliptical
123133.jpg,spiral
123139.jpg,elliptical
123141.jpg,elliptical
123156.jpg,elliptical
123192.jpg,elliptical
123204.jpg,elliptical
123207.jpg,spiral
123243.jpg,elliptical
123282.jpg,elliptical
123294.jpg,elliptical
123308.jpg,irregular
123344.jpg,elliptical
123349.jpg,irregular
123383.jpg,elliptical
123387.jpg,elliptical
123411.jpg,elliptical
123412.jpg,elliptical
123416.jpg,elliptical
123433.jpg,elliptical
123440.jpg,elliptical
123470.jpg,spiral
123486.jpg,irregular
123517.jpg,elliptical
123540.jpg,spiral
123628.jpg,elliptical
123648.jpg,elliptical
123679.jpg,elliptical
123694.jpg,spiral
123695.jpg,elliptical
123700.jpg,irregular
123713.jpg,elliptical
123770.jpg,elliptical
123811.jpg,elliptical
123858.jpg,spiral
123871.jpg,spiral
123906.jpg,irregular
123938.jpg,spiral
123980.jpg,elliptical
123981.jpg,spiral
124019.jpg,elliptical
124050.jpg,spiral
124057.jpg,elliptical
124059.jpg,spiral
124076.jpg,elliptical
124175.jpg,spiral
124200.jpg,spiral
124206.jpg,elliptical
124210.jpg,elliptical
124214.jpg,spiral
124265.jpg,spiral
124273.jpg,irregular
124305.jpg,elliptical
124342.jpg,spiral
124375.jpg,elliptical
124424.jpg,spiral
124434.jpg,elliptical
124443.jpg,spiral
124483.jpg,elliptical
124491.jpg,elliptical
124494.jpg,spiral
124499.jpg,irregular
124516.jpg,elliptical
124548.jpg,spiral
124578.jpg,elliptical
124648.jpg,elliptical
124649.jpg,elliptical
124679.jpg,spiral
124733.jpg,irregular
124770.jpg,elliptical
124782.jpg,elliptical
124816.jpg,elliptical
124854.jpg,irregular
124862.jpg,elliptical
124882.jpg,spiral
124908.jpg,elliptical
124977.jpg,elliptical
124991.jpg,elliptical
124994.jpg,elliptical
125006.jpg,elliptical
125011.jpg,elliptical
125040.jpg,irregular
125063.jpg,elliptical
125108.jpg,elliptical
125118.jpg,elliptical
125119.jpg,elliptical
125129.jpg,elliptical
125151.jpg,elliptical
125158.jpg,elliptical
125188.jpg,elliptical
125199.jpg,elliptical
125209.jpg,elliptical
125277.jpg,elliptical
125304.jpg,elliptical
125327.jpg,elliptical
125328.jpg,irregular
125358.jpg,elliptical
125393.jpg,elliptical
125439.jpg,elliptical
125460.jpg,spiral
125507.jpg,spiral
125525.jpg,elliptical
125576.jpg,elliptical
125597.jpg,elliptical
125616.jpg,irregular
125620.jpg,elliptical
125627.jpg,elliptical
125664.jpg,elliptical
125667.jpg,elliptical
125678.jpg,spiral
125683.jpg,elliptical
125686.jpg,irregular
125687.jpg,irregular
125719.jpg,spiral
125739.jpg,elliptical
125740.jpg,elliptical
125746.jpg,elliptical
125755.jpg,spiral
125770.jpg,spiral
125797.jpg,irregular
125798.jpg,elliptical
125948.jpg,spiral
125960.jpg,spiral
125975.jpg,elliptical
125983.jpg,elliptical
126077.jpg,spiral
126085.jpg,spiral
126131.jpg,irregular
126202.jpg,spiral
126234.jpg,irregular
126256.jpg,elliptical
126260.jpg,spiral
126279.jpg,spiral
126282.jpg,elliptical
126304.jpg,irregular
126321.jpg,irregular
126338.jpg,elliptical
126364.jpg,spiral
126382.jpg,elliptical
126386.jpg,elliptical
126391.jpg,elliptical
126406.jpg,spiral
126475.jpg,elliptical
126486.jpg,spiral
126502.jpg,elliptical
126510.jpg,elliptical
126540.jpg,elliptical
126581.jpg,spiral
126638.jpg,elliptical
126656.jpg,irregular
126663.jpg,elliptical
126694.jpg,elliptical
126696.jpg,elliptical
126719.jpg,elliptical
126740.jpg,elliptical
126760.jpg,irregular
126764.jpg,spiral
126800.jpg,elliptical
126827.jpg,irregular
126841.jpg,elliptical
126845.jpg,irregular
126847.jpg,elliptical
126856.jpg,elliptical
126864.jpg,elliptical
126885.jpg,elliptical
126961.jpg,irregular
127027.jpg,elliptical
127031.jpg,elliptical
127052.jpg,irregular
127057.jpg,elliptical
127059.jpg,elliptical
127082.jpg,irregular
127163.jpg,spiral
127210.jpg,spiral
127231.jpg,irregular
127297.jpg,elliptical
127317.jpg,irregular
127333.jpg,spiral
127382.jpg,irregular
127386.jpg,spiral
127417.jpg,spiral
127441.jpg,spiral
127444.jpg,irregular
127458.jpg,elliptical
127465.jpg,elliptical
127494.jpg,spiral
127498.jpg,spiral
127502.jpg,elliptical
127511.jpg,spiral
127546.jpg,elliptical
127552.jpg,irregular
127574.jpg,spiral
127627.jpg,elliptical
127630.jpg,elliptical
127669.jpg,spiral
127687.jpg,elliptical
127698.jpg,elliptical
127788.jpg,elliptical
127795.jpg,spiral
127817.jpg,elliptical
127857.jpg,elliptical
127887.jpg,irregular
127901.jpg,spiral
127935.jpg,irregular
127950.jpg,irregular
127970.jpg,irregular
128004.jpg,irregular
128027.jpg,elliptical
128068.jpg,elliptical
128069.jpg,elliptical
128079.jpg,elliptical
128110.jpg,irregular
128128.jpg,spiral
128132.jpg,spiral
128137.jpg,elliptical
128147.jpg,elliptical
128216.jpg,spiral
128220.jpg,elliptical
128271.jpg,elliptical
128277.jpg,elliptical
128316.jpg,elliptical
128341.jpg,irregular
128343.jpg,spiral
128357.jpg,elliptical
128385.jpg,irregular
128389.jpg,elliptical
128396.jpg,irregular
128411.jpg,elliptical
128417.jpg,irregular
128470.jpg,spiral
128485.jpg,elliptical
128496.jpg,elliptical
128499.jpg,elliptical
128519.jpg,elliptical
128563.jpg,elliptical
128615.jpg,elliptical
128619.jpg,elliptical
128625.jpg,spiral
128646.jpg,irregular
128650.jpg,spiral
128664.jpg,spiral
128707.jpg,spiral
128720.jpg,elliptical
128724.jpg,elliptical
128749.jpg,irregular
128799.jpg,elliptical
128814.jpg,irregular
128815.jpg,elliptical
128832.jpg,elliptical
128864.jpg,elliptical
128936.jpg,elliptical
128947.jpg,elliptical
128978.jpg,elliptical
129036.jpg,elliptical
129042.jpg,elliptical
129043.jpg,irregular
129093.jpg,spiral
129117.jpg,elliptical
129146.jpg,irregular
129149.jpg,spiral
129160.jpg,elliptical
129168.jpg,elliptical
129170.jpg,spiral
129173.jpg,irregular
129175.jpg,irregular
129195.jpg,irregular
129199.jpg,spiral
129202.jpg,elliptical
129211.jpg,elliptical
129221.jpg,spiral
129248.jpg,elliptical
129277.jpg,elliptical
129359.jpg,elliptical
129365.jpg,elliptical
129376.jpg,elliptical
129433.jpg,irregular
129439.jpg,elliptical
129456.jpg,elliptical
129458.jpg,elliptical
129488.jpg,elliptical
129510.jpg,irregular
129556.jpg,elliptical
129560.jpg,irregular
129570.jpg,elliptical
129594.jpg,elliptical
129605.jpg,elliptical
129609.jpg,spiral
129622.jpg,spiral
129637.jpg,elliptical
129721.jpg,elliptical
129777.jpg,spiral
129780.jpg,elliptical
129809.jpg,elliptical
129883.jpg,irregular
129932.jpg,elliptical
129935.jpg,irregular
129937.jpg,elliptical
129951.jpg,irregular
130002.jpg,irregular
130026.jpg,spiral
130055.jpg,spiral
130071.jpg,irregular
130077.jpg,irregular
130097.jpg,spiral
130110.jpg,elliptical
130207.jpg,elliptical
130226.jpg,irregular
130241.jpg,irregular
130244.jpg,elliptical
130278.jpg,elliptical
130313.jpg,spiral
130343.jpg,irregular
130344.jpg,elliptical
130355.jpg,elliptical
130356.jpg,elliptical
130397.jpg,elliptical
130403.jpg,elliptical
130407.jpg,elliptical
130426.jpg,elliptical
130450.jpg,elliptical
130454.jpg,irregular
130456.jpg,elliptical
130460.jpg,irregular
130475.jpg,spiral
130520.jpg,spiral
130558.jpg,elliptical
130565.jpg,spiral
130624.jpg,elliptical
130710.jpg,elliptical
130723.jpg,elliptical
130743.jpg,elliptical
130745.jpg,elliptical
130759.jpg,elliptical
130760.jpg,spiral
130768.jpg,elliptical
130781.jpg,elliptical
130803.jpg,elliptical
130819.jpg,elliptical
130826.jpg,irregular
130853.jpg,spiral
130861.jpg,irregular
130868.jpg,elliptical
130908.jpg,spiral
130969.jpg,elliptical
130971.jpg,elliptical
130973.jpg,elliptical
130979.jpg,elliptical
131009.jpg,spiral
131030.jpg,spiral
131049.jpg,spiral
131051.jpg,elliptical
131054.jpg,elliptical
131064.jpg,elliptical
131103.jpg,irregular
131138.jpg,spiral
131164.jpg,elliptical
131172.jpg,irregular
131184.jpg,elliptical
131189.jpg,spiral
131208.jpg,irregular
131211.jpg,elliptical
131245.jpg,elliptical
131246.jpg,spiral
131260.jpg,elliptical
131293.jpg,elliptical
131315.jpg,elliptical
131373.jpg,elliptical
131374.jpg,elliptical
131376.jpg,elliptical
131395.jpg,spiral
131410.jpg,elliptical
131452.jpg,irregular
131465.jpg,spiral
131500.jpg,spiral
131504.jpg,elliptical
131520.jpg,elliptical
131521.jpg,elliptical
131525.jpg,elliptical
131540.jpg,elliptical
131585.jpg,elliptical
131596.jpg,elliptical
131603.jpg,elliptical
131635.jpg,elliptical
131670.jpg,elliptical
131744.jpg,elliptical
131745.jpg,spiral
131821.jpg,elliptical
131843.jpg,irregular
131848.jpg,irregular
131855.jpg,elliptical
131874.jpg,elliptical
131903.jpg,spiral
131905.jpg,elliptical
131939.jpg,elliptical
131999.jpg,elliptical
132003.jpg,elliptical
132038.jpg,spiral
132121.jpg,elliptical
132127.jpg,spiral
132139.jpg,irregular
132147.jpg,irregular
132172.jpg,elliptical
132175.jpg,irregular
132188.jpg,elliptical
132209.jpg,irregular
132234.jpg,elliptical
132247.jpg,irregular
132267.jpg,elliptical
132280.jpg,elliptical
132321.jpg,elliptical
132342.jpg,elliptical
132350.jpg,elliptical
132382.jpg,elliptical
132400.jpg,elliptical
132416.jpg,elliptical
132419.jpg,elliptical
132423.jpg,elliptical
132439.jpg,irregular
132448.jpg,elliptical
132456.jpg,elliptical
132551.jpg,irregular
132612.jpg,elliptical
132623.jpg,elliptical
132626.jpg,elliptical
132631.jpg,irregular
132636.jpg,elliptical
132640.jpg,elliptical
132658.jpg,spiral
132709.jpg,elliptical
132714.jpg,elliptical
132732.jpg,elliptical
132754.jpg,elliptical
132767.jpg,spiral
132781.jpg,irregular
132788.jpg,elliptical
132802.jpg,elliptical
132813.jpg,irregular
132825.jpg,elliptical
132837.jpg,elliptical
132856.jpg,spiral
132907.jpg,spiral
132957.jpg,elliptical
132969.jpg,irregular
133009.jpg,irregular
133036.jpg,elliptical
133161.jpg,elliptical
133231.jpg,elliptical
133282.jpg,spiral
133287.jpg,elliptical
133289.jpg,elliptical
133307.jpg,spiral
133355.jpg,elliptical
133380.jpg,irregular
133395.jpg,elliptical
133435.jpg,spiral
133451.jpg,elliptical
133499.jpg,irregular
133503.jpg,elliptical
133531.jpg,elliptical
133558.jpg,irregular
133596.jpg,elliptical
133616.jpg,spiral
133626.jpg,elliptical
133637.jpg,elliptical
133639.jpg,irregular
133654.jpg,elliptical
133675.jpg,elliptical
133711.jpg,elliptical
133734.jpg,elliptical
133755.jpg,elliptical
133766.jpg,irregular
133779.jpg,elliptical
133854.jpg,spiral
133862.jpg,elliptical
133870.jpg,elliptical
134055.jpg,elliptical
134068.jpg,elliptical
134087.jpg,elliptical
134155.jpg,spiral
134170.jpg,elliptical
134184.jpg,elliptical
134234.jpg,elliptical
134266.jpg,spiral
134270.jpg,elliptical
134277.jpg,elliptical
134285.jpg,elliptical
134289.jpg,elliptical
134363.jpg,irregular
134364.jpg,elliptical
134368.jpg,spiral
134398.jpg,elliptical
134412.jpg,irregular
134415.jpg,elliptical
134424.jpg,irregular
134425.jpg,irregular
134456.jpg,elliptical
134463.jpg,elliptical
134470.jpg,spiral
134556.jpg,spiral
134569.jpg,spiral
134600.jpg,elliptical
134618.jpg,elliptical
134624.jpg,elliptical
134631.jpg,elliptical
134638.jpg,elliptical
134646.jpg,spiral
134661.jpg,irregular
134681.jpg,elliptical
134688.jpg,spiral
134703.jpg,elliptical
134736.jpg,elliptical
134742.jpg,spiral
134798.jpg,elliptical
134817.jpg,spiral
134877.jpg,elliptical
134880.jpg,spiral
134899.jpg,elliptical
134903.jpg,spiral
134915.jpg,spiral
134922.jpg,irregular
134981.jpg,spiral
134986.jpg,elliptical
135020.jpg,elliptical
135033.jpg,irregular
135039.jpg,elliptical
135059.jpg,elliptical
135095.jpg,irregular
135102.jpg,irregular
135134.jpg,elliptical
135172.jpg,elliptical
135173.jpg,irregular
135184.jpg,elliptical
135191.jpg,elliptical
135208.jpg,spiral
135223.jpg,elliptical
135258.jpg,irregular
135295.jpg,spiral
135299.jpg,elliptical
135338.jpg,spiral
135352.jpg,elliptical
135353.jpg,spiral
135359.jpg,elliptical
135363.jpg,elliptical
135417.jpg,irregular
135441.jpg,irregular
135494.jpg,elliptical
135499.jpg,spiral
135524.jpg,elliptical
135536.jpg,elliptical
135541.jpg,elliptical
135588.jpg,irregular
135596.jpg,elliptical
135616.jpg,elliptical
135640.jpg,irregular
135705.jpg,elliptical
135717.jpg,irregular
135766.jpg,spiral
135779.jpg,elliptical
135809.jpg,spiral
135828.jpg,irregular
135831.jpg,elliptical
135868.jpg,elliptical
135873.jpg,spiral
135890.jpg,elliptical
135901.jpg,elliptical
135902.jpg,spiral
135924.jpg,elliptical
135972.jpg,elliptical
135980.jpg,elliptical
136005.jpg,elliptical
136022.jpg,elliptical
136039.jpg,elliptical
136072.jpg,spiral
136093.jpg,irregular
136166.jpg,irregular
136167.jpg,elliptical
136211.jpg,spiral
136233.jpg,elliptical
136247.jpg,elliptical
136255.jpg,irregular
136261.jpg,irregular
136289.jpg,spiral
136317.jpg,spiral
136370.jpg,elliptical
136385.jpg,elliptical
136387.jpg,elliptical
136401.jpg,elliptical
136414.jpg,irregular
136418.jpg,elliptical
136420.jpg,spiral
136439.jpg,elliptical
136454.jpg,elliptical
136466.jpg,irregular
136494.jpg,elliptical
136539.jpg,elliptical
136565.jpg,elliptical
136569.jpg,spiral
136581.jpg,irregular
136592.jpg,elliptical
136594.jpg,irregular
136661.jpg,irregular
136695.jpg,spiral
136729.jpg,elliptical
136731.jpg,elliptical
136756.jpg,spiral
136821.jpg,elliptical
136823.jpg,spiral
136827.jpg,elliptical
136851.jpg,elliptical
136877.jpg,irregular
136899.jpg,elliptical
136908.jpg,irregular
136929.jpg,elliptical
136991.jpg,spiral
136993.jpg,irregular
137043.jpg,elliptical
137052.jpg,elliptical
137122.jpg,elliptical
137134.jpg,elliptical
137135.jpg,elliptical
137150.jpg,irregular
137172.jpg,spiral
137179.jpg,irregular
137192.jpg,elliptical
137197.jpg,elliptical
137212.jpg,elliptical
137237.jpg,elliptical
137253.jpg,elliptical
137272.jpg,irregular
137349.jpg,elliptical
137350.jpg,spiral
137352.jpg,elliptical
137376.jpg,spiral
137386.jpg,irregular
137390.jpg,elliptical
137405.jpg,elliptical
137453.jpg,spiral
137473.jpg,elliptical
137487.jpg,irregular
137522.jpg,irregular
137555.jpg,elliptical
137556.jpg,irregular
137578.jpg,irregular
137585.jpg,elliptical
137587.jpg,elliptical
137640.jpg,irregular
137644.jpg,elliptical
137653.jpg,irregular
137693.jpg,irregular
137709.jpg,elliptical
137712.jpg,elliptical
137749.jpg,irregular
137778.jpg,irregular
137783.jpg,spiral
137787.jpg,elliptical
137809.jpg,irregular
137841.jpg,spiral
137901.jpg,irregular
137957.jpg,elliptical
137969.jpg,irregular
137973.jpg,elliptical
138098.jpg,elliptical
138121.jpg,elliptical
138137.jpg,spiral
138164.jpg,elliptical
138204.jpg,elliptical
138215.jpg,elliptical
138236.jpg,spiral
138238.jpg,elliptical
138251.jpg,spiral
138287.jpg,elliptical
138290.jpg,irregular
138339.jpg,elliptical
138341.jpg,elliptical
138351.jpg,elliptical
138352.jpg,elliptical
138360.jpg,elliptical
138436.jpg,elliptical
138452.jpg,spiral
138455.jpg,irregular
138481.jpg,elliptical
138490.jpg,spiral
138528.jpg,elliptical
138532.jpg,elliptical
138551.jpg,elliptical
138564.jpg,elliptical
138565.jpg,elliptical
138616.jpg,elliptical
138632.jpg,elliptical
138636.jpg,irregular
138685.jpg,spiral
138689.jpg,irregular
138725.jpg,elliptical
138739.jpg,elliptical
138769.jpg,elliptical
138772.jpg,elliptical
138816.jpg,irregular
138818.jpg,elliptical
138823.jpg,elliptical
138830.jpg,elliptical
138859.jpg,elliptical
138869.jpg,irregular
138883.jpg,spiral
138893.jpg,elliptical
138895.jpg,elliptical
138899.jpg,irregular
138916.jpg,elliptical
138943.jpg,elliptical
138962.jpg,elliptical
139006.jpg,elliptical
139038.jpg,elliptical
139046.jpg,elliptical
139077.jpg,elliptical
139099.jpg,elliptical
139109.jpg,elliptical
139143.jpg,elliptical
139144.jpg,elliptical
139152.jpg,elliptical
139153.jpg,elliptical
139191.jpg,irregular
139202.jpg,elliptical
139205.jpg,irregular
139220.jpg,spiral
139266.jpg,spiral
139269.jpg,elliptical
139303.jpg,elliptical
139313.jpg,spiral
139315.jpg,irregular
139325.jpg,elliptical
139336.jpg,elliptical
139352.jpg,spiral
139355.jpg,elliptical
139395.jpg,elliptical
139416.jpg,elliptical
139432.jpg,spiral
139480.jpg,irregular
139523.jpg,elliptical
139540.jpg,irregular
139547.jpg,elliptical
139554.jpg,elliptical
139596.jpg,irregular
139635.jpg,spiral
139650.jpg,elliptical
139670.jpg,elliptical
139672.jpg,irregular
139679.jpg,spiral
139688.jpg,elliptical
139692.jpg,elliptical
139711.jpg,spiral
139712.jpg,spiral
139725.jpg,spiral
139758.jpg,spiral
139775.jpg,elliptical
139821.jpg,elliptical
139823.jpg,elliptical
139862.jpg,elliptical
139863.jpg,elliptical
139900.jpg,spiral
139901.jpg,elliptical
139919.jpg,spiral
139923.jpg,elliptical
139932.jpg,spiral
139940.jpg,elliptical
139955.jpg,elliptical
140000.jpg,elliptical
140010.jpg,elliptical
140023.jpg,irregular
140054.jpg,elliptical
140063.jpg,elliptical
140070.jpg,spiral
140081.jpg,elliptical
140146.jpg,elliptical
140154.jpg,spiral
140163.jpg,spiral
140176.jpg,elliptical
140185.jpg,elliptical
140206.jpg,elliptical
140218.jpg,elliptical
140239.jpg,spiral
140246.jpg,elliptical
140254.jpg,elliptical
140278.jpg,irregular
140289.jpg,elliptical
140317.jpg,irregular
140329.jpg,elliptical
140398.jpg,elliptical
140402.jpg,elliptical
140453.jpg,irregular
140466.jpg,elliptical
140489.jpg,elliptical
140529.jpg,elliptical
140530.jpg,elliptical
140533.jpg,spiral
140552.jpg,irregular
140558.jpg,irregular
140614.jpg,elliptical
140618.jpg,elliptical
140631.jpg,elliptical
140661.jpg,elliptical
140673.jpg,spiral
140695.jpg,elliptical
140710.jpg,elliptical
140714.jpg,elliptical
140730.jpg,spiral
140740.jpg,irregular
140829.jpg,spiral
140849.jpg,elliptical
140876.jpg,spiral
140949.jpg,spiral
140957.jpg,spiral
141084.jpg,spiral
141110.jpg,spiral
141131.jpg,elliptical
141148.jpg,irregular
141162.jpg,elliptical
141171.jpg,elliptical
141226.jpg,elliptical
141282.jpg,elliptical
141319.jpg,spiral
141331.jpg,elliptical
141332.jpg,spiral
141333.jpg,elliptical
141489.jpg,elliptical
141511.jpg,irregular
141567.jpg,spiral
141593.jpg,elliptical
141604.jpg,elliptical
141605.jpg,spiral
141634.jpg,elliptical
141651.jpg,spiral
141652.jpg,irregular
141677.jpg,elliptical
141711.jpg,elliptical
141714.jpg,elliptical
141722.jpg,elliptical
141731.jpg,elliptical
141733.jpg,irregular
141746.jpg,elliptical
141789.jpg,elliptical
141797.jpg,elliptical
141901.jpg,elliptical
141925.jpg,irregular
141930.jpg,irregular
141948.jpg,elliptical
141957.jpg,elliptical
141966.jpg,elliptical
141973.jpg,elliptical
142008.jpg,spiral
142031.jpg,irregular
142039.jpg,elliptical
142148.jpg,irregular
142172.jpg,elliptical
142202.jpg,elliptical
142257.jpg,elliptical
142259.jpg,elliptical
142267.jpg,elliptical
142281.jpg,elliptical
142290.jpg,spiral
142331.jpg,irregular
142367.jpg,elliptical
142370.jpg,elliptical
142375.jpg,elliptical
142394.jpg,elliptical
142404.jpg,elliptical
142480.jpg,irregular
142508.jpg,spiral
142581.jpg,irregular
142621.jpg,irregular
142664.jpg,elliptical
142694.jpg,spiral
142719.jpg,elliptical
142724.jpg,elliptical
142745.jpg,elliptical
142773.jpg,elliptical
142797.jpg,elliptical
142829.jpg,elliptical
142847.jpg,irregular
142872.jpg,elliptical
142905.jpg,elliptical
142918.jpg,elliptical
142993.jpg,irregular
143029.jpg,elliptical
143038.jpg,irregular
143103.jpg,elliptical
143148.jpg,spiral
143156.jpg,spiral
143160.jpg,elliptical
143163.jpg,elliptical
143171.jpg,irregular
143187.jpg,elliptical
143193.jpg,elliptical
143196.jpg,spiral
143205.jpg,elliptical
143271.jpg,elliptical
143272.jpg,elliptical
143307.jpg,elliptical
143316.jpg,irregular
143333.jpg,spiral
143350.jpg,spiral
143358.jpg,elliptical
143377.jpg,elliptical
143422.jpg,elliptical
143438.jpg,elliptical
143447.jpg,elliptical
143509.jpg,elliptical
143531.jpg,spiral
143541.jpg,elliptical
143546.jpg,elliptical
143582.jpg,irregular
143636.jpg,elliptical
143666.jpg,irregular
143730.jpg,elliptical
143762.jpg,elliptical
143772.jpg,elliptical
143776.jpg,elliptical
143789.jpg,elliptical
143798.jpg,spiral
143817.jpg,irregular
143858.jpg,elliptical
143863.jpg,spiral
143868.jpg,elliptical
143898.jpg,elliptical
143928.jpg,elliptical
143962.jpg,elliptical
143974.jpg,spiral
143976.jpg,spiral
143996.jpg,elliptical
144007.jpg,elliptical
144010.jpg,irregular
144012.jpg,irregular
144058.jpg,elliptical
144084.jpg,elliptical
144088.jpg,elliptical
144129.jpg,elliptical
144201.jpg,elliptical
144225.jpg,elliptical
144237.jpg,elliptical
144241.jpg,elliptical
144264.jpg,irregular
144265.jpg,elliptical
144324.jpg,spiral
144433.jpg,elliptical
144449.jpg,elliptical
144475.jpg,elliptical
144558.jpg,elliptical
144560.jpg,elliptical
144597.jpg,spiral
144603.jpg,spiral
144704.jpg,irregular
144740.jpg,elliptical
144795.jpg,elliptical
144797.jpg,spiral
144816.jpg,irregular
144866.jpg,spiral
144881.jpg,elliptical
144885.jpg,irregular
144927.jpg,elliptical
144933.jpg,elliptical
144958.jpg,irregular
144997.jpg,irregular
145003.jpg,elliptical
145008.jpg,irregular
145016.jpg,irregular
145030.jpg,elliptical
145035.jpg,irregular
145073.jpg,spiral
145106.jpg,spiral
145144.jpg,spiral
145154.jpg,elliptical
145177.jpg,irregular
145183.jpg,elliptical
145206.jpg,elliptical
145215.jpg,elliptical
145248.jpg,spiral
145282.jpg,irregular
145298.jpg,spiral
145326.jpg,spiral
145342.jpg,spiral
145375.jpg,spiral
145393.jpg,elliptical
145443.jpg,spiral
145502.jpg,elliptical
145531.jpg,elliptical
145549.jpg,irregular
145571.jpg,irregular
145586.jpg,spiral
145598.jpg,irregular
145679.jpg,elliptical
145695.jpg,irregular
145741.jpg,spiral
145743.jpg,elliptical
145776.jpg,elliptical
145781.jpg,elliptical
145793.jpg,elliptical
145813.jpg,elliptical
145831.jpg,spiral
145832.jpg,irregular
145850.jpg,irregular
145875.jpg,spiral
145879.jpg,elliptical
145922.jpg,elliptical
145935.jpg,elliptical
145951.jpg,elliptical
145975.jpg,elliptical
145976.jpg,elliptical
146029.jpg,elliptical
146049.jpg,irregular
146060.jpg,spiral
146074.jpg,elliptical
146133.jpg,elliptical
146135.jpg,irregular
146148.jpg,spiral
146201.jpg,spiral
146204.jpg,elliptical
146223.jpg,spiral
146256.jpg,elliptical
146316.jpg,irregular
146334.jpg,elliptical
146376.jpg,spiral
146425.jpg,elliptical
146437.jpg,irregular
146513.jpg,spiral
146528.jpg,spiral
146554.jpg,elliptical
146584.jpg,elliptical
146594.jpg,irregular
146601.jpg,spiral
146640.jpg,irregular
146645.jpg,spiral
146650.jpg,elliptical
146687.jpg,spiral
146691.jpg,irregular
146741.jpg,elliptical
146743.jpg,spiral
146762.jpg,elliptical
146808.jpg,elliptical
146818.jpg,elliptical
146899.jpg,spiral
146903.jpg,spiral
146907.jpg,elliptical
146936.jpg,elliptical
146952.jpg,irregular
146968.jpg,elliptical
147019.jpg,elliptical
147022.jpg,elliptical
147040.jpg,elliptical
147063.jpg,elliptical
147081.jpg,elliptical
147111.jpg,elliptical
147133.jpg,spiral
147152.jpg,elliptical
147153.jpg,elliptical
147159.jpg,elliptical
147167.jpg,spiral
147204.jpg,elliptical
147211.jpg,spiral
147218.jpg,elliptical
147232.jpg,irregular
147261.jpg,elliptical
147273.jpg,irregular
147303.jpg,elliptical
147305.jpg,elliptical
147319.jpg,elliptical
147384.jpg,elliptical
147413.jpg,spiral
147427.jpg,irregular
147441.jpg,elliptical
147455.jpg,elliptical
147459.jpg,elliptical
147489.jpg,elliptical
147525.jpg,spiral
147532.jpg,irregular
147539.jpg,elliptical
147546.jpg,spiral
147627.jpg,elliptical
147631.jpg,spiral
147670.jpg,elliptical
147673.jpg,elliptical
147748.jpg,irregular
147800.jpg,elliptical
147826.jpg,elliptical
147844.jpg,irregular
147845.jpg,elliptical
147864.jpg,elliptical
147924.jpg,elliptical
147943.jpg,spiral
147951.jpg,elliptical
147972.jpg,spiral
147991.jpg,spiral
148051.jpg,irregular
148072.jpg,elliptical
148077.jpg,spiral
148122.jpg,elliptical
148178.jpg,elliptical
148223.jpg,elliptical
148230.jpg,irregular
148257.jpg,spiral
148261.jpg,elliptical
148280.jpg,elliptical
148319.jpg,elliptical
148329.jpg,spiral
148355.jpg,spiral
148358.jpg,elliptical
148381.jpg,elliptical
148461.jpg,elliptical
148529.jpg,elliptical
148575.jpg,elliptical
148611.jpg,elliptical
148620.jpg,elliptical
148702.jpg,elliptical
148729.jpg,elliptical
148734.jpg,elliptical
148771.jpg,elliptical
148776.jpg,elliptical
148795.jpg,spiral
148805.jpg,spiral
148814.jpg,elliptical
148826.jpg,elliptical
148859.jpg,elliptical
148862.jpg,spiral
148863.jpg,irregular
148864.jpg,elliptical
148881.jpg,elliptical
148911.jpg,elliptical
148926.jpg,elliptical
148937.jpg,elliptical
148971.jpg,irregular
148990.jpg,irregular
149081.jpg,elliptical
149112.jpg,spiral
149141.jpg,elliptical
149143.jpg,elliptical
149151.jpg,elliptical
149163.jpg,irregular
149188.jpg,irregular
149207.jpg,spiral
149224.jpg,elliptical
149229.jpg,spiral
149254.jpg,spiral
149271.jpg,elliptical
149280.jpg,spiral
149281.jpg,elliptical
149323.jpg,elliptical
149326.jpg,elliptical
149330.jpg,elliptical
149364.jpg,elliptical
149382.jpg,elliptical
149390.jpg,elliptical
149463.jpg,elliptical
149483.jpg,elliptical
149497.jpg,elliptical
149509.jpg,irregular
149514.jpg,elliptical
149516.jpg,elliptical
149527.jpg,spiral
149536.jpg,elliptical
149547.jpg,irregular
149572.jpg,irregular
149603.jpg,elliptical
149627.jpg,elliptical
149659.jpg,elliptical
149704.jpg,elliptical
149798.jpg,irregular
149812.jpg,irregular
149922.jpg,spiral
149936.jpg,elliptical
149967.jpg,elliptical
149983.jpg,elliptical
149992.jpg,elliptical
150004.jpg,spiral
150021.jpg,elliptical
150081.jpg,elliptical
150082.jpg,elliptical
150124.jpg,irregular
150138.jpg,irregular
150162.jpg,elliptical
150177.jpg,elliptical
150182.jpg,elliptical
150190.jpg,elliptical
150195.jpg,elliptical
150199.jpg,spiral
150274.jpg,irregular
150333.jpg,elliptical
150343.jpg,elliptical
150353.jpg,spiral
150370.jpg,elliptical
150374.jpg,elliptical
150389.jpg,elliptical
150402.jpg,spiral
150472.jpg,elliptical
150477.jpg,irregular
150493.jpg,spiral
150499.jpg,irregular
150529.jpg,spiral
150545.jpg,elliptical
150582.jpg,elliptical
150590.jpg,elliptical
150604.jpg,elliptical
150618.jpg,elliptical
150623.jpg,spiral
150681.jpg,elliptical
150683.jpg,irregular
150717.jpg,irregular
150731.jpg,irregular
150749.jpg,elliptical
150764.jpg,elliptical
150785.jpg,elliptical
150793.jpg,spiral
150798.jpg,spiral
150841.jpg,elliptical
150870.jpg,irregular
150911.jpg,elliptical
150916.jpg,irregular
150933.jpg,irregular
150967.jpg,irregular
150981.jpg,elliptical
150984.jpg,spiral
151039.jpg,elliptical
151068.jpg,elliptical
151082.jpg,irregular
151109.jpg,irregular
151118.jpg,elliptical
151180.jpg,irregular
151212.jpg,elliptical
151220.jpg,elliptical
151221.jpg,elliptical
151224.jpg,spiral
151263.jpg,irregular
151285.jpg,elliptical
151323.jpg,elliptical
151326.jpg,spiral
151329.jpg,irregular
151332.jpg,elliptical
151345.jpg,spiral
151361.jpg,elliptical
151380.jpg,irregular
151410.jpg,spiral
151438.jpg,elliptical
151516.jpg,irregular
151531.jpg,elliptical
151545.jpg,elliptical
151556.jpg,irregular
151561.jpg,elliptical
151564.jpg,irregular
151588.jpg,elliptical
151601.jpg,elliptical
151639.jpg,elliptical
151641.jpg,elliptical
151655.jpg,irregular
151672.jpg,elliptical
151678.jpg,elliptical
151687.jpg,spiral
151688.jpg,elliptical
151695.jpg,elliptical
151741.jpg,elliptical
151742.jpg,elliptical
151748.jpg,elliptical
151752.jpg,irregular
151758.jpg,irregular
151776.jpg,elliptical
151787.jpg,elliptical
151805.jpg,spiral
151819.jpg,irregular
151845.jpg,spiral
151851.jpg,elliptical
151884.jpg,irregular
151891.jpg,elliptical
151943.jpg,elliptical
151953.jpg,spiral
151955.jpg,elliptical
151965.jpg,spiral
151996.jpg,elliptical
152041.jpg,spiral
152050.jpg,spiral
152058.jpg,elliptical
152063.jpg,elliptical
152141.jpg,spiral
152177.jpg,elliptical
152179.jpg,spiral
152209.jpg,elliptical
152219.jpg,elliptical
152224.jpg,irregular
152282.jpg,irregular
152297.jpg,irregular
152299.jpg,elliptical
152313.jpg,elliptical
152494.jpg,irregular
152500.jpg,elliptical
152528.jpg,elliptical
152532.jpg,elliptical
152535.jpg,spiral
152539.jpg,elliptical
152567.jpg,spiral
152597.jpg,spiral
152611.jpg,elliptical
152647.jpg,elliptical
152681.jpg,elliptical
152733.jpg,spiral
152804.jpg,spiral
152814.jpg,spiral
152844.jpg,elliptical
152853.jpg,elliptical
152927.jpg,elliptical
152955.jpg,elliptical
153016.jpg,elliptical
153037.jpg,spiral
153089.jpg,elliptical
153102.jpg,elliptical
153113.jpg,elliptical
153117.jpg,elliptical
153119.jpg,irregular
153131.jpg,elliptical
153194.jpg,elliptical
153197.jpg,spiral
153202.jpg,irregular
153247.jpg,elliptical
153258.jpg,spiral
153351.jpg,elliptical
153363.jpg,elliptical
153378.jpg,elliptical
153381.jpg,elliptical
153405.jpg,irregular
153427.jpg,elliptical
153463.jpg,elliptical
153582.jpg,elliptical
153593.jpg,elliptical
153603.jpg,spiral
153647.jpg,spiral
153666.jpg,irregular
153680.jpg,spiral
153689.jpg,elliptical
153709.jpg,elliptical
153719.jpg,elliptical
153767.jpg,spiral
153831.jpg,elliptical
153842.jpg,elliptical
153858.jpg,elliptical
153888.jpg,elliptical
153904.jpg,elliptical
153933.jpg,spiral
153942.jpg,irregular
153963.jpg,elliptical
153988.jpg,spiral
154002.jpg,irregular
154009.jpg,elliptical
154015.jpg,elliptical
154021.jpg,irregular
154067.jpg,spiral
154073.jpg,elliptical
154101.jpg,elliptical
154138.jpg,elliptical
154139.jpg,elliptical
154185.jpg,spiral
154222.jpg,irregular
154228.jpg,elliptical
154238.jpg,elliptical
154268.jpg,elliptical
154309.jpg,spiral
154319.jpg,elliptical
154322.jpg,elliptical
154334.jpg,elliptical
154352.jpg,spiral
154367.jpg,irregular
154396.jpg,elliptical
154406.jpg,elliptical
154409.jpg,spiral
154426.jpg,spiral
154505.jpg,spiral
154521.jpg,elliptical
154538.jpg,elliptical
154549.jpg,spiral
154618.jpg,elliptical
154619.jpg,spiral
154640.jpg,elliptical
154669.jpg,elliptical
154726.jpg,spiral
154753.jpg,elliptical
154771.jpg,elliptical
154801.jpg,irregular
154813.jpg,elliptical
154816.jpg,spiral
154824.jpg,elliptical
154847.jpg,elliptical
154875.jpg,spiral
154900.jpg,elliptical
154923.jpg,elliptical
154956.jpg,elliptical
154967.jpg,spiral
154975.jpg,elliptical
154986.jpg,elliptical
154994.jpg,elliptical
155036.jpg,spiral
155074.jpg,elliptical
155077.jpg,elliptical
155093.jpg,elliptical
155096.jpg,elliptical
155158.jpg,elliptical
155188.jpg,irregular
155197.jpg,spiral
155240.jpg,elliptical
155251.jpg,spiral
155350.jpg,elliptical
155374.jpg,elliptical
155379.jpg,irregular
155382.jpg,irregular
155386.jpg,elliptical
155393.jpg,irregular
155446.jpg,spiral
155483.jpg,spiral
155486.jpg,irregular
155527.jpg,elliptical
155530.jpg,elliptical
155564.jpg,irregular
155582.jpg,elliptical
155631.jpg,elliptical
155649.jpg,elliptical
155650.jpg,elliptical
155672.jpg,elliptical
155702.jpg,elliptical
155743.jpg,spiral
155746.jpg,elliptical
155812.jpg,elliptical
155816.jpg,elliptical
155865.jpg,elliptical
155925.jpg,elliptical
155973.jpg,spiral
155991.jpg,elliptical
155994.jpg,elliptical
156023.jpg,elliptical
156038.jpg,spiral
156044.jpg,elliptical
156053.jpg,elliptical
156057.jpg,irregular
156109.jpg,elliptical
156116.jpg,elliptical
156196.jpg,spiral
156200.jpg,spiral
156206.jpg,irregular
156209.jpg,irregular
156218.jpg,irregular
156227.jpg,elliptical
156239.jpg,elliptical
156250.jpg,elliptical
156265.jpg,elliptical
156283.jpg,elliptical
156291.jpg,spiral
156321.jpg,spiral
156339.jpg,spiral
156341.jpg,spiral
156355.jpg,irregular
156360.jpg,elliptical
156363.jpg,elliptical
156396.jpg,spiral
156422.jpg,elliptical
156519.jpg,irregular
156525.jpg,elliptical
156585.jpg,elliptical
156615.jpg,irregular
156650.jpg,elliptical
156674.jpg,elliptical
156748.jpg,spiral
156756.jpg,elliptical
156791.jpg,elliptical
156798.jpg,elliptical
156813.jpg,elliptical
156819.jpg,elliptical
156825.jpg,elliptical
156860.jpg,irregular
156944.jpg,elliptical
156968.jpg,elliptical
156978.jpg,irregular
156979.jpg,elliptical
156980.jpg,irregular
156995.jpg,elliptical
156997.jpg,elliptical
157009.jpg,irregular
157023.jpg,elliptical
157038.jpg,elliptical
157040.jpg,irregular
157048.jpg,elliptical
157050.jpg,elliptical
157106.jpg,elliptical
157161.jpg,spiral
157167.jpg,irregular
157224.jpg,elliptical
157234.jpg,elliptical
157247.jpg,spiral
157278.jpg,elliptical
157280.jpg,elliptical
157309.jpg,spiral
157311.jpg,elliptical
157312.jpg,elliptical
157375.jpg,elliptical
157382.jpg,elliptical
157414.jpg,elliptical
157416.jpg,elliptical
157443.jpg,spiral
157476.jpg,elliptical
157484.jpg,elliptical
157498.jpg,elliptical
157525.jpg,elliptical
157530.jpg,elliptical
157617.jpg,irregular
157621.jpg,elliptical
157622.jpg,elliptical
157660.jpg,irregular
157717.jpg,elliptical
157726.jpg,spiral
157734.jpg,elliptical
157736.jpg,elliptical
157738.jpg,elliptical
157779.jpg,elliptical
157798.jpg,irregular
157815.jpg,irregular
157822.jpg,irregular
157835.jpg,spiral
157837.jpg,irregular
157852.jpg,elliptical
157861.jpg,elliptical
157899.jpg,elliptical
157902.jpg,elliptical
157919.jpg,spiral
157926.jpg,elliptical
157950.jpg,elliptical
157953.jpg,elliptical
157974.jpg,elliptical
157982.jpg,elliptical
157989.jpg,elliptical
157993.jpg,elliptical
158016.jpg,irregular
158085.jpg,spiral
158112.jpg,spiral
158138.jpg,irregular
158193.jpg,spiral
158199.jpg,irregular
158247.jpg,irregular
158267.jpg,elliptical
158286.jpg,irregular
158340.jpg,elliptical
158360.jpg,elliptical
158369.jpg,elliptical
158375.jpg,elliptical
158387.jpg,elliptical
158392.jpg,irregular
158414.jpg,elliptical
158450.jpg,elliptical
158457.jpg,elliptical
158481.jpg,elliptical
158486.jpg,elliptical
158490.jpg,elliptical
158497.jpg,elliptical
158512.jpg,elliptical
158520.jpg,elliptical
158538.jpg,irregular
158548.jpg,irregular
158575.jpg,spiral
158626.jpg,spiral
158637.jpg,spiral
158650.jpg,elliptical
158651.jpg,elliptical
158678.jpg,elliptical
158707.jpg,irregular
158720.jpg,elliptical
158756.jpg,spiral
158767.jpg,spiral
158787.jpg,elliptical
158885.jpg,elliptical
158888.jpg,irregular
158900.jpg,irregular
158905.jpg,spiral
158912.jpg,spiral
158924.jpg,elliptical
158950.jpg,irregular
158969.jpg,elliptical
158972.jpg,spiral
159015.jpg,spiral
159017.jpg,elliptical
159053.jpg,elliptical
159058.jpg,elliptical
159070.jpg,elliptical
159071.jpg,elliptical
159078.jpg,elliptical
159080.jpg,elliptical
159094.jpg,spiral
159111.jpg,elliptical
159137.jpg,elliptical
159144.jpg,elliptical
159167.jpg,elliptical
159169.jpg,elliptical
159174.jpg,elliptical
159211.jpg,elliptical
159242.jpg,elliptical
159263.jpg,elliptical
159299.jpg,irregular
159327.jpg,elliptical
159369.jpg,elliptical
159372.jpg,elliptical
159446.jpg,elliptical
159458.jpg,spiral
159468.jpg,elliptical
159483.jpg,irregular
159485.jpg,elliptical
159521.jpg,elliptical
159552.jpg,elliptical
159556.jpg,elliptical
159563.jpg,elliptical
159568.jpg,irregular
159575.jpg,spiral
159599.jpg,spiral
159610.jpg,elliptical
159630.jpg,spiral
159632.jpg,irregular
159649.jpg,spiral
159683.jpg,elliptical
159698.jpg,spiral
159714.jpg,spiral
159717.jpg,elliptical
159759.jpg,elliptical
159771.jpg,irregular
159781.jpg,irregular
159803.jpg,elliptical
159804.jpg,irregular
159809.jpg,elliptical
159810.jpg,elliptical
159820.jpg,elliptical
159846.jpg,elliptical
159862.jpg,irregular
159874.jpg,irregular
159880.jpg,elliptical
159896.jpg,elliptical
159900.jpg,elliptical
159949.jpg,elliptical
159959.jpg,elliptical
160009.jpg,irregular
160058.jpg,elliptical
160100.jpg,elliptical
160115.jpg,spiral
160144.jpg,spiral
160157.jpg,elliptical
160162.jpg,elliptical
160222.jpg,elliptical
160261.jpg,irregular
160285.jpg,elliptical
160290.jpg,elliptical
160302.jpg,elliptical
160309.jpg,spiral
160321.jpg,elliptical
160385.jpg,spiral
160395.jpg,elliptical
160422.jpg,irregular
160430.jpg,elliptical
160489.jpg,elliptical
160503.jpg,irregular
160566.jpg,irregular
160578.jpg,spiral
160613.jpg,irregular
160623.jpg,elliptical
160630.jpg,irregular
160693.jpg,spiral
160701.jpg,elliptical
160708.jpg,spiral
160722.jpg,elliptical
160757.jpg,irregular
160764.jpg,spiral
160773.jpg,spiral
160804.jpg,irregular
160807.jpg,elliptical
160815.jpg,elliptical
160848.jpg,elliptical
160851.jpg,spiral
160852.jpg,irregular
160862.jpg,elliptical
160870.jpg,elliptical
160900.jpg,irregular
160901.jpg,spiral
160904.jpg,elliptical
160920.jpg,elliptical
160934.jpg,elliptical
160936.jpg,elliptical
160937.jpg,elliptical
160962.jpg,spiral
160963.jpg,irregular
160964.jpg,spiral
160966.jpg,irregular
161030.jpg,spiral
161031.jpg,elliptical
161041.jpg,elliptical
161053.jpg,elliptical
161060.jpg,spiral
161087.jpg,elliptical
161090.jpg,elliptical
161106.jpg,elliptical
161166.jpg,elliptical
161178.jpg,irregular
161216.jpg,elliptical
161232.jpg,elliptical
161243.jpg,spiral
161248.jpg,elliptical
161276.jpg,spiral
161289.jpg,spiral
161300.jpg,elliptical
161313.jpg,elliptical
161323.jpg,spiral
161347.jpg,elliptical
161349.jpg,elliptical
161372.jpg,elliptical
161385.jpg,elliptical
161407.jpg,irregular
161421.jpg,irregular
161433.jpg,elliptical
161446.jpg,irregular
161485.jpg,spiral
161494.jpg,irregular
161508.jpg,elliptical
161520.jpg,irregular
161522.jpg,elliptical
161524.jpg,elliptical
161538.jpg,elliptical
161583.jpg,elliptical
161588.jpg,elliptical
161618.jpg,elliptical
161631.jpg,elliptical
161632.jpg,elliptical
161650.jpg,elliptical
161682.jpg,spiral
161709.jpg,irregular
161731.jpg,spiral
161735.jpg,spiral
161783.jpg,elliptical
161786.jpg,spiral
161798.jpg,elliptical
161799.jpg,irregular
161812.jpg,irregular
161834.jpg,elliptical
161845.jpg,elliptical
161858.jpg,elliptical
161860.jpg,elliptical
161884.jpg,elliptical
161891.jpg,elliptical
161901.jpg,spiral
161930.jpg,elliptical
162015.jpg,irregular
162052.jpg,elliptical
162090.jpg,irregular
162116.jpg,irregular
162131.jpg,spiral
162173.jpg,irregular
162195.jpg,elliptical
162196.jpg,elliptical
162204.jpg,irregular
162210.jpg,elliptical
162212.jpg,irregular
162234.jpg,spiral
162242.jpg,elliptical
162249.jpg,elliptical
162287.jpg,elliptical
162301.jpg,spiral
162328.jpg,spiral
162332.jpg,elliptical
162348.jpg,elliptical
162372.jpg,spiral
162376.jpg,spiral
162380.jpg,irregular
162389.jpg,elliptical
162438.jpg,irregular
162469.jpg,spiral
162538.jpg,elliptical
162565.jpg,irregular
162571.jpg,elliptical
162608.jpg,irregular
162655.jpg,irregular
162691.jpg,spiral
162702.jpg,irregular
162740.jpg,spiral
162752.jpg,elliptical
162769.jpg,elliptical
162809.jpg,elliptical
162813.jpg,elliptical
162829.jpg,elliptical
162832.jpg,elliptical
162843.jpg,elliptical
162860.jpg,elliptical
162864.jpg,elliptical
162893.jpg,elliptical
162916.jpg,spiral
162926.jpg,elliptical
162975.jpg,elliptical
163023.jpg,spiral
163047.jpg,elliptical
163078.jpg,spiral
163121.jpg,irregular
163153.jpg,elliptical
163160.jpg,spiral
163168.jpg,elliptical
163209.jpg,spiral
163210.jpg,irregular
163221.jpg,irregular
163256.jpg,elliptical
163284.jpg,elliptical
163288.jpg,elliptical
163299.jpg,elliptical
163311.jpg,elliptical
163323.jpg,irregular
163352.jpg,irregular
163429.jpg,irregular
163435.jpg,elliptical
163443.jpg,spiral
163445.jpg,elliptical
163458.jpg,elliptical
163462.jpg,spiral
163477.jpg,elliptical
163537.jpg,spiral
163541.jpg,elliptical
163545.jpg,spiral
163552.jpg,elliptical
163606.jpg,irregular
163697.jpg,elliptical
163699.jpg,spiral
163702.jpg,elliptical
163726.jpg,elliptical
163745.jpg,spiral
163755.jpg,elliptical
163772.jpg,elliptical
163809.jpg,irregular
163823.jpg,elliptical
163839.jpg,elliptical
163861.jpg,elliptical
163972.jpg,spiral
164005.jpg,irregular
164007.jpg,elliptical
164053.jpg,irregular
164055.jpg,elliptical
164059.jpg,elliptical
164089.jpg,spiral
164097.jpg,irregular
164194.jpg,irregular
164198.jpg,elliptical
164199.jpg,irregular
164210.jpg,irregular
164217.jpg,irregular
164226.jpg,elliptical
164254.jpg,irregular
164257.jpg,irregular
164433.jpg,elliptical
164450.jpg,elliptical
164489.jpg,elliptical
164494.jpg,elliptical
164515.jpg,elliptical
164546.jpg,spiral
164547.jpg,elliptical
164550.jpg,elliptical
164564.jpg,spiral
164588.jpg,spiral
164609.jpg,irregular
164645.jpg,elliptical
164705.jpg,elliptical
164730.jpg,irregular
164747.jpg,elliptical
164760.jpg,elliptical
164774.jpg,elliptical
164776.jpg,irregular
164785.jpg,elliptical
164824.jpg,elliptical
164826.jpg,elliptical
164828.jpg,elliptical
164832.jpg,spiral
164836.jpg,irregular
164862.jpg,spiral
164903.jpg,irregular
164918.jpg,spiral
164992.jpg,elliptical
165004.jpg,elliptical
165015.jpg,elliptical
165083.jpg,spiral
165128.jpg,irregular
165131.jpg,elliptical
165169.jpg,elliptical
165192.jpg,elliptical
165216.jpg,irregular
165226.jpg,elliptical
165227.jpg,spiral
165251.jpg,elliptical
165253.jpg,elliptical
165326.jpg,spiral
165330.jpg,spiral
165341.jpg,elliptical
165342.jpg,irregular
165354.jpg,spiral
165356.jpg,elliptical
165364.jpg,elliptical
165383.jpg,irregular
165389.jpg,elliptical
165390.jpg,spiral
165408.jpg,irregular
165416.jpg,irregular
165449.jpg,elliptical
165533.jpg,elliptical
165571.jpg,elliptical
165572.jpg,elliptical
165576.jpg,spiral
165588.jpg,elliptical
165614.jpg,elliptical
165625.jpg,elliptical
165645.jpg,elliptical
165766.jpg,elliptical
165772.jpg,irregular
165813.jpg,elliptical
165815.jpg,irregular
165824.jpg,elliptical
165838.jpg,elliptical
165873.jpg,spiral
165884.jpg,elliptical
165916.jpg,elliptical
165924.jpg,elliptical
165952.jpg,elliptical
165968.jpg,irregular
165983.jpg,spiral
166003.jpg,spiral
166006.jpg,irregular
166007.jpg,elliptical
166020.jpg,spiral
166037.jpg,elliptical
166062.jpg,spiral
166068.jpg,spiral
166101.jpg,elliptical
166124.jpg,elliptical
166224.jpg,irregular
166231.jpg,spiral
166250.jpg,elliptical
166254.jpg,elliptical
166262.jpg,spiral
166300.jpg,elliptical
166303.jpg,irregular
166317.jpg,irregular
166323.jpg,elliptical
166337.jpg,elliptical
166347.jpg,elliptical
166352.jpg,irregular
166381.jpg,elliptical
166388.jpg,elliptical
166402.jpg,spiral
166426.jpg,spiral
166453.jpg,irregular
166470.jpg,elliptical
166507.jpg,elliptical
166523.jpg,irregular
166559.jpg,elliptical
166578.jpg,elliptical
166587.jpg,irregular
166592.jpg,elliptical
166601.jpg,elliptical
166614.jpg,spiral
166640.jpg,elliptical
166646.jpg,elliptical
166672.jpg,elliptical
166712.jpg,elliptical
166755.jpg,spiral
166762.jpg,elliptical
166785.jpg,spiral
166786.jpg,elliptical
166816.jpg,elliptical
166859.jpg,elliptical
166908.jpg,elliptical
166936.jpg,elliptical
166975.jpg,elliptical
166980.jpg,irregular
166989.jpg,spiral
167004.jpg,elliptical
167027.jpg,elliptical
167029.jpg,elliptical
167074.jpg,spiral
167080.jpg,elliptical
167095.jpg,elliptical
167104.jpg,spiral
167259.jpg,elliptical
167266.jpg,elliptical
167284.jpg,elliptical
167288.jpg,spiral
167305.jpg,elliptical
167344.jpg,spiral
167352.jpg,irregular
167367.jpg,irregular
167387.jpg,elliptical
167416.jpg,spiral
167426.jpg,elliptical
167460.jpg,elliptical
167476.jpg,elliptical
167493.jpg,spiral
167507.jpg,spiral
167518.jpg,elliptical
167529.jpg,elliptical
167573.jpg,spiral
167574.jpg,elliptical
167608.jpg,spiral
167609.jpg,spiral
167613.jpg,elliptical
167641.jpg,irregular
167659.jpg,spiral
167695.jpg,elliptical
167700.jpg,elliptical
167716.jpg,spiral
167728.jpg,elliptical
167770.jpg,elliptical
167776.jpg,irregular
167786.jpg,elliptical
167801.jpg,elliptical
167856.jpg,irregular
167857.jpg,elliptical
167864.jpg,spiral
167902.jpg,elliptical
167951.jpg,elliptical
167962.jpg,elliptical
168009.jpg,elliptical
168064.jpg,elliptical
168073.jpg,irregular
168082.jpg,elliptical
168097.jpg,elliptical
168116.jpg,irregular
168133.jpg,elliptical
168190.jpg,irregular
168197.jpg,elliptical
168198.jpg,elliptical
168217.jpg,spiral
168225.jpg,spiral
168273.jpg,irregular
168299.jpg,elliptical
168348.jpg,elliptical
168367.jpg,elliptical
168384.jpg,elliptical
168425.jpg,spiral
168471.jpg,elliptical
168472.jpg,elliptical
168474.jpg,elliptical
168490.jpg,spiral
168491.jpg,spiral
168533.jpg,spiral
168558.jpg,spiral
168559.jpg,elliptical
168561.jpg,elliptical
168564.jpg,elliptical
168614.jpg,irregular
168615.jpg,elliptical
168640.jpg,elliptical
168656.jpg,elliptical
168657.jpg,elliptical
168695.jpg,elliptical
168702.jpg,spiral
168724.jpg,elliptical
168733.jpg,spiral
168749.jpg,elliptical
168795.jpg,elliptical
168858.jpg,elliptical
168872.jpg,irregular
168910.jpg,irregular
169023.jpg,elliptical
169089.jpg,elliptical
169125.jpg,spiral
169144.jpg,spiral
169150.jpg,elliptical
169180.jpg,elliptical
169214.jpg,elliptical
169244.jpg,irregular
169280.jpg,irregular
169290.jpg,elliptical
169298.jpg,elliptical
169307.jpg,irregular
169309.jpg,elliptical
169311.jpg,elliptical
169333.jpg,irregular
169363.jpg,spiral
169366.jpg,irregular
169391.jpg,irregular
169394.jpg,irregular
169469.jpg,irregular
169492.jpg,elliptical
169504.jpg,elliptical
169505.jpg,irregular
169522.jpg,elliptical
169554.jpg,elliptical
169559.jpg,elliptical
169651.jpg,elliptical
169660.jpg,spiral
169663.jpg,elliptical
169679.jpg,elliptical
169695.jpg,elliptical
169728.jpg,spiral
169760.jpg,elliptical
169764.jpg,elliptical
169790.jpg,elliptical
169821.jpg,irregular
169850.jpg,elliptical
169897.jpg,elliptical
169906.jpg,spiral
169924.jpg,elliptical
169987.jpg,elliptical
170056.jpg,elliptical
170070.jpg,elliptical
170119.jpg,elliptical
170130.jpg,elliptical
170144.jpg,elliptical
170168.jpg,spiral
170173.jpg,elliptical
170208.jpg,spiral
170210.jpg,elliptical
170224.jpg,elliptical
170254.jpg,elliptical
170259.jpg,elliptical
170278.jpg,elliptical
170286.jpg,elliptical
170296.jpg,elliptical
170324.jpg,irregular
170340.jpg,elliptical
170396.jpg,irregular
170517.jpg,irregular
170549.jpg,elliptical
170565.jpg,spiral
170579.jpg,elliptical
170583.jpg,elliptical
170599.jpg,spiral
170633.jpg,elliptical
170637.jpg,elliptical
170644.jpg,elliptical
170648.jpg,elliptical
170676.jpg,irregular
170687.jpg,elliptical
170725.jpg,elliptical
170735.jpg,elliptical
170744.jpg,elliptical
170755.jpg,elliptical
170760.jpg,elliptical
170774.jpg,irregular
170825.jpg,elliptical
170855.jpg,elliptical
170916.jpg,elliptical
170925.jpg,elliptical
170947.jpg,irregular
170954.jpg,elliptical
171098.jpg,spiral
171118.jpg,irregular
171129.jpg,spiral
171161.jpg,irregular
171164.jpg,elliptical
171198.jpg,elliptical
171250.jpg,elliptical
171301.jpg,irregular
171366.jpg,elliptical
171368.jpg,elliptical
171406.jpg,spiral
171429.jpg,irregular
171447.jpg,elliptical
171451.jpg,elliptical
171459.jpg,elliptical
171463.jpg,irregular
171487.jpg,elliptical
171499.jpg,spiral
171535.jpg,spiral
171555.jpg,irregular
171558.jpg,irregular
171562.jpg,elliptical
171573.jpg,spiral
171617.jpg,irregular
171620.jpg,elliptical
171644.jpg,elliptical
171654.jpg,spiral
171659.jpg,irregular
171662.jpg,irregular
171674.jpg,irregular
171697.jpg,irregular
171744.jpg,elliptical
171766.jpg,irregular
171801.jpg,elliptical
171804.jpg,spiral
171869.jpg,spiral
171955.jpg,spiral
171971.jpg,spiral
171979.jpg,elliptical
171998.jpg,elliptical
172013.jpg,elliptical
172034.jpg,irregular
172044.jpg,spiral
172070.jpg,elliptical
172075.jpg,elliptical
172148.jpg,spiral
172156.jpg,elliptical
172275.jpg,elliptical
172276.jpg,spiral
172278.jpg,spiral
172306.jpg,elliptical
172329.jpg,irregular
172348.jpg,elliptical
172349.jpg,spiral
172353.jpg,elliptical
172356.jpg,spiral
172377.jpg,spiral
172396.jpg,elliptical
172407.jpg,elliptical
172411.jpg,elliptical
172420.jpg,elliptical
172422.jpg,elliptical
172450.jpg,elliptical
172460.jpg,elliptical
172476.jpg,elliptical
172480.jpg,elliptical
172491.jpg,elliptical
172508.jpg,spiral
172518.jpg,spiral
172519.jpg,spiral
172524.jpg,elliptical
172538.jpg,spiral
172541.jpg,elliptical
172550.jpg,elliptical
172620.jpg,spiral
172625.jpg,spiral
172626.jpg,elliptical
172649.jpg,elliptical
172677.jpg,elliptical
172678.jpg,spiral
172715.jpg,irregular
172718.jpg,elliptical
172764.jpg,irregular
172792.jpg,elliptical
172845.jpg,elliptical
172852.jpg,elliptical
172857.jpg,irregular
172869.jpg,elliptical
172879.jpg,elliptical
172881.jpg,elliptical
172919.jpg,elliptical
172928.jpg,spiral
172932.jpg,elliptical
172936.jpg,irregular
172968.jpg,spiral
172984.jpg,elliptical
173007.jpg,irregular
173026.jpg,elliptical
173082.jpg,elliptical
173107.jpg,elliptical
173108.jpg,irregular
173127.jpg,elliptical
173137.jpg,spiral
173145.jpg,elliptical
173160.jpg,elliptical
173161.jpg,spiral
173197.jpg,spiral
173198.jpg,spiral
173213.jpg,elliptical
173221.jpg,elliptical
173233.jpg,elliptical
173235.jpg,elliptical
173248.jpg,elliptical
173251.jpg,elliptical
173254.jpg,elliptical
173255.jpg,spiral
173272.jpg,elliptical
173286.jpg,elliptical
173317.jpg,elliptical
173382.jpg,elliptical
173388.jpg,irregular
173392.jpg,elliptical
173409.jpg,elliptical
173428.jpg,elliptical
173439.jpg,spiral
173443.jpg,elliptical
173477.jpg,elliptical
173506.jpg,elliptical
173610.jpg,irregular
173635.jpg,elliptical
173637.jpg,elliptical
173648.jpg,elliptical
173702.jpg,elliptical
173747.jpg,spiral
173756.jpg,elliptical
173765.jpg,spiral
173833.jpg,spiral
173860.jpg,elliptical
173863.jpg,elliptical
173911.jpg,elliptical
173964.jpg,elliptical
173965.jpg,elliptical
173966.jpg,irregular
173991.jpg,elliptical
174012.jpg,elliptical
174019.jpg,spiral
174037.jpg,elliptical
174038.jpg,elliptical
174059.jpg,elliptical
174060.jpg,irregular
174068.jpg,elliptical
174075.jpg,spiral
174077.jpg,spiral
174096.jpg,spiral
174102.jpg,irregular
174105.jpg,elliptical
174124.jpg,elliptical
174126.jpg,elliptical
174129.jpg,elliptical
174157.jpg,elliptical
174184.jpg,elliptical
174188.jpg,elliptical
174193.jpg,elliptical
174245.jpg,spiral
174264.jpg,elliptical
174337.jpg,elliptical
174338.jpg,elliptical
174354.jpg,spiral
174378.jpg,spiral
174391.jpg,elliptical
174395.jpg,elliptical
174437.jpg,irregular
174440.jpg,elliptical
174444.jpg,elliptical
174462.jpg,elliptical
174543.jpg,elliptical
174555.jpg,elliptical
174635.jpg,spiral
174658.jpg,spiral
174667.jpg,elliptical
174668.jpg,elliptical
174669.jpg,elliptical
174672.jpg,elliptical
174708.jpg,irregular
174719.jpg,irregular
174767.jpg,irregular
174781.jpg,elliptical
174806.jpg,spiral
174852.jpg,spiral
174860.jpg,elliptical
174863.jpg,spiral
174864.jpg,spiral
174891.jpg,irregular
174904.jpg,elliptical
174914.jpg,elliptical
174915.jpg,irregular
174959.jpg,spiral
174962.jpg,elliptical
174990.jpg,elliptical
175091.jpg,spiral
175164.jpg,elliptical
175165.jpg,irregular
175174.jpg,elliptical
175175.jpg,elliptical
175192.jpg,elliptical
175200.jpg,spiral
175205.jpg,elliptical
175217.jpg,elliptical
175254.jpg,elliptical
175260.jpg,elliptical
175356.jpg,elliptical
175379.jpg,spiral
175433.jpg,irregular
175442.jpg,elliptical
175537.jpg,elliptical
175602.jpg,irregular
175604.jpg,spiral
175668.jpg,irregular
175690.jpg,elliptical
175725.jpg,spiral
175754.jpg,elliptical
175756.jpg,elliptical
175761.jpg,irregular
175812.jpg,elliptical
175855.jpg,spiral
175859.jpg,elliptical
175862.jpg,irregular
175899.jpg,irregular
175917.jpg,elliptical
175930.jpg,elliptical
175937.jpg,irregular
175962.jpg,spiral
175995.jpg,elliptical
176036.jpg,elliptical
176068.jpg,elliptical
176103.jpg,elliptical
176111.jpg,irregular
176119.jpg,elliptical
176126.jpg,elliptical
176168.jpg,elliptical
176185.jpg,elliptical
176207.jpg,spiral
176220.jpg,spiral
176249.jpg,elliptical
176251.jpg,elliptical
176293.jpg,spiral
176297.jpg,elliptical
176322.jpg,spiral
176385.jpg,irregular
176405.jpg,spiral
176407.jpg,elliptical
176408.jpg,spiral
176409.jpg,elliptical
176412.jpg,elliptical
176422.jpg,elliptical
176438.jpg,elliptical
176443.jpg,elliptical
176461.jpg,elliptical
176499.jpg,elliptical
176540.jpg,elliptical
176553.jpg,elliptical
176562.jpg,elliptical
176576.jpg,irregular
176583.jpg,irregular
176590.jpg,irregular
176605.jpg,spiral
176633.jpg,elliptical
176639.jpg,elliptical
176649.jpg,elliptical
176687.jpg,irregular
176710.jpg,elliptical
176729.jpg,spiral
176756.jpg,elliptical
176783.jpg,elliptical
176815.jpg,elliptical
176864.jpg,elliptical
176871.jpg,irregular
176920.jpg,irregular
176981.jpg,elliptical
177016.jpg,elliptical
177049.jpg,spiral
177056.jpg,spiral
177085.jpg,irregular
177106.jpg,elliptical
177119.jpg,elliptical
177161.jpg,elliptical
177194.jpg,elliptical
177215.jpg,elliptical
177222.jpg,irregular
177256.jpg,elliptical
177281.jpg,irregular
177307.jpg,elliptical
177324.jpg,elliptical
177327.jpg,spiral
177330.jpg,irregular
177390.jpg,elliptical
177392.jpg,irregular
177394.jpg,elliptical
177406.jpg,elliptical
177425.jpg,elliptical
177446.jpg,spiral
177513.jpg,irregular
177517.jpg,irregular
177529.jpg,irregular
177575.jpg,irregular
177585.jpg,elliptical
177599.jpg,spiral
177620.jpg,spiral
177629.jpg,elliptical
177639.jpg,irregular
177648.jpg,spiral
177663.jpg,spiral
177708.jpg,irregular
177737.jpg,irregular
177746.jpg,irregular
177749.jpg,elliptical
177755.jpg,spiral
177787.jpg,elliptical
177789.jpg,elliptical
177795.jpg,elliptical
177807.jpg,elliptical
177833.jpg,elliptical
177857.jpg,elliptical
177861.jpg,irregular
177873.jpg,elliptical
177900.jpg,spiral
177917.jpg,spiral
177939.jpg,elliptical
177960.jpg,irregular
178005.jpg,spiral
178013.jpg,irregular
178024.jpg,elliptical
178026.jpg,elliptical
178031.jpg,elliptical
178043.jpg,elliptical
178046.jpg,elliptical
178054.jpg,elliptical
178057.jpg,elliptical
178071.jpg,spiral
178106.jpg,elliptical
178122.jpg,elliptical
178134.jpg,elliptical
178136.jpg,elliptical
178173.jpg,elliptical
178196.jpg,irregular
178271.jpg,elliptical
178305.jpg,elliptical
178358.jpg,elliptical
178391.jpg,irregular
178400.jpg,irregular
178410.jpg,elliptical
178422.jpg,elliptical
178451.jpg,irregular
178478.jpg,spiral
178520.jpg,elliptical
178531.jpg,elliptical
178564.jpg,irregular
178583.jpg,elliptical
178601.jpg,spiral
178631.jpg,elliptical
178633.jpg,elliptical
178685.jpg,spiral
178693.jpg,elliptical
178701.jpg,elliptical
178747.jpg,elliptical
178748.jpg,elliptical
178752.jpg,elliptical
178757.jpg,elliptical
178767.jpg,elliptical
178814.jpg,irregular
178864.jpg,irregular
178882.jpg,elliptical
178888.jpg,irregular
178895.jpg,elliptical
178909.jpg,elliptical
178910.jpg,spiral
178917.jpg,elliptical
178942.jpg,elliptical
178944.jpg,irregular
178945.jpg,elliptical
178976.jpg,elliptical
178992.jpg,spiral
179016.jpg,elliptical
179044.jpg,elliptical
179049.jpg,spiral
179054.jpg,irregular
179057.jpg,elliptical
179059.jpg,irregular
179068.jpg,irregular
179093.jpg,elliptical
179099.jpg,elliptical
179126.jpg,irregular
179135.jpg,elliptical
179137.jpg,elliptical
179144.jpg,irregular
179154.jpg,irregular
179166.jpg,elliptical
179173.jpg,elliptical
179182.jpg,irregular
179190.jpg,elliptical
179233.jpg,elliptical
179251.jpg,elliptical
179274.jpg,irregular
179339.jpg,irregular
179362.jpg,irregular
179380.jpg,elliptical
179420.jpg,spiral
179436.jpg,elliptical
179441.jpg,spiral
179458.jpg,elliptical
179502.jpg,irregular
179508.jpg,irregular
179580.jpg,spiral
179585.jpg,elliptical
179592.jpg,elliptical
179614.jpg,irregular
179633.jpg,elliptical
179711.jpg,elliptical
179730.jpg,elliptical
179751.jpg,irregular
179774.jpg,elliptical
179778.jpg,spiral
179779.jpg,elliptical
179786.jpg,elliptical
179791.jpg,elliptical
179801.jpg,elliptical
179810.jpg,irregular
179828.jpg,irregular
179832.jpg,irregular
179866.jpg,elliptical
179875.jpg,elliptical
179904.jpg,elliptical
179919.jpg,spiral
179921.jpg,elliptical
179983.jpg,irregular
179985.jpg,elliptical
180016.jpg,elliptical
180032.jpg,elliptical
180043.jpg,spiral
180047.jpg,elliptical
180050.jpg,elliptical
180097.jpg,elliptical
180124.jpg,irregular
180133.jpg,irregular
180157.jpg,elliptical
180203.jpg,elliptical
180214.jpg,elliptical
180219.jpg,spiral
180239.jpg,spiral
180253.jpg,irregular
180260.jpg,spiral
180300.jpg,irregular
180314.jpg,elliptical
180352.jpg,irregular
180357.jpg,elliptical
180377.jpg,elliptical
180381.jpg,elliptical
180383.jpg,elliptical
180392.jpg,elliptical
180433.jpg,spiral
180442.jpg,spiral
180504.jpg,elliptical
180544.jpg,elliptical
180622.jpg,elliptical
180645.jpg,elliptical
180655.jpg,spiral
180679.jpg,irregular
180682.jpg,elliptical
180683.jpg,elliptical
180707.jpg,elliptical
180728.jpg,elliptical
180803.jpg,spiral
180830.jpg,spiral
180838.jpg,elliptical
180846.jpg,irregular
180881.jpg,irregular
180888.jpg,elliptical
180897.jpg,elliptical
180940.jpg,elliptical
181021.jpg,irregular
181056.jpg,elliptical
181072.jpg,elliptical
181091.jpg,elliptical
181094.jpg,elliptical
181107.jpg,irregular
181113.jpg,elliptical
181122.jpg,elliptical
181153.jpg,irregular
181165.jpg,elliptical
181174.jpg,irregular
181178.jpg,irregular
181182.jpg,irregular
181205.jpg,elliptical
181229.jpg,elliptical
181257.jpg,elliptical
181286.jpg,irregular
181369.jpg,spiral
181387.jpg,irregular
181395.jpg,spiral
181397.jpg,elliptical
181400.jpg,spiral
181412.jpg,elliptical
181426.jpg,spiral
181443.jpg,elliptical
181459.jpg,elliptical
181525.jpg,elliptical
181531.jpg,elliptical
181558.jpg,elliptical
181563.jpg,irregular
181595.jpg,elliptical
181602.jpg,elliptical
181603.jpg,spiral
181618.jpg,elliptical
181649.jpg,irregular
181680.jpg,elliptical
181740.jpg,irregular
181745.jpg,spiral
181755.jpg,elliptical
181760.jpg,irregular
181766.jpg,elliptical
181771.jpg,elliptical
181800.jpg,elliptical
181806.jpg,irregular
181822.jpg,elliptical
181828.jpg,elliptical
181840.jpg,elliptical
181900.jpg,elliptical
181938.jpg,elliptical
181982.jpg,spiral
181985.jpg,elliptical
182021.jpg,spiral
182042.jpg,elliptical
182046.jpg,elliptical
182053.jpg,elliptical
182054.jpg,elliptical
182056.jpg,spiral
182091.jpg,elliptical
182134.jpg,elliptical
182165.jpg,elliptical
182177.jpg,irregular
182193.jpg,spiral
182204.jpg,elliptical
182213.jpg,irregular
182224.jpg,spiral
182282.jpg,elliptical
182285.jpg,spiral
182301.jpg,elliptical
182345.jpg,elliptical
182348.jpg,elliptical
182350.jpg,spiral
182355.jpg,elliptical
182378.jpg,elliptical
182403.jpg,spiral
182409.jpg,spiral
182434.jpg,elliptical
182444.jpg,irregular
182513.jpg,irregular
182522.jpg,elliptical
182549.jpg,irregular
182551.jpg,spiral
182567.jpg,elliptical
182579.jpg,elliptical
182611.jpg,elliptical
182612.jpg,irregular
182618.jpg,elliptical
182619.jpg,elliptical
182642.jpg,elliptical
182701.jpg,spiral
182718.jpg,elliptical
182752.jpg,irregular
182767.jpg,elliptical
182785.jpg,spiral
182803.jpg,irregular
182884.jpg,elliptical
182922.jpg,elliptical
182971.jpg,spiral
182972.jpg,irregular
182982.jpg,spiral
183019.jpg,elliptical
183053.jpg,spiral
183059.jpg,irregular
183075.jpg,irregular
183079.jpg,elliptical
183085.jpg,spiral
183087.jpg,spiral
183122.jpg,spiral
183138.jpg,elliptical
183147.jpg,irregular
183180.jpg,elliptical
183186.jpg,elliptical
183241.jpg,irregular
183253.jpg,elliptical
183259.jpg,elliptical
183279.jpg,elliptical
183293.jpg,irregular
183299.jpg,elliptical
183337.jpg,elliptical
183338.jpg,elliptical
183365.jpg,elliptical
183461.jpg,elliptical
183469.jpg,irregular
183591.jpg,irregular
183628.jpg,irregular
183642.jpg,spiral
183663.jpg,spiral
183684.jpg,elliptical
183701.jpg,elliptical
183705.jpg,elliptical
183755.jpg,irregular
183767.jpg,elliptical
183782.jpg,elliptical
183787.jpg,elliptical
183795.jpg,elliptical
183817.jpg,elliptical
183828.jpg,elliptical
183836.jpg,elliptical
183841.jpg,spiral
183864.jpg,elliptical
183918.jpg,elliptical
183943.jpg,elliptical
183976.jpg,elliptical
183980.jpg,elliptical
183993.jpg,irregular
184040.jpg,irregular
184069.jpg,spiral
184100.jpg,irregular
184159.jpg,spiral
184215.jpg,irregular
184221.jpg,elliptical
184250.jpg,elliptical
184257.jpg,spiral
184293.jpg,irregular
184305.jpg,spiral
184318.jpg,elliptical
184323.jpg,irregular
184429.jpg,spiral
184447.jpg,elliptical
184491.jpg,spiral
184498.jpg,elliptical
184501.jpg,elliptical
184536.jpg,irregular
184544.jpg,elliptical
184571.jpg,elliptical
184674.jpg,elliptical
184689.jpg,elliptical
184703.jpg,elliptical
184709.jpg,spiral
184718.jpg,elliptical
184772.jpg,elliptical
184775.jpg,irregular
184782.jpg,spiral
184794.jpg,elliptical
184813.jpg,spiral
184837.jpg,elliptical
184838.jpg,spiral
184876.jpg,spiral
184884.jpg,irregular
184933.jpg,spiral
184943.jpg,elliptical
184945.jpg,spiral
184983.jpg,elliptical
185050.jpg,spiral
185075.jpg,elliptical
185076.jpg,elliptical
185088.jpg,spiral
185090.jpg,irregular
185095.jpg,elliptical
185100.jpg,irregular
185119.jpg,spiral
185121.jpg,elliptical
185142.jpg,spiral
185147.jpg,elliptical
185151.jpg,elliptical
185153.jpg,elliptical
185167.jpg,elliptical
185229.jpg,elliptical
185268.jpg,elliptical
185372.jpg,irregular
185377.jpg,irregular
185381.jpg,elliptical
185383.jpg,elliptical
185396.jpg,elliptical
185452.jpg,elliptical
185463.jpg,elliptical
185478.jpg,spiral
185480.jpg,elliptical
185490.jpg,elliptical
185526.jpg,irregular
185549.jpg,irregular
185553.jpg,elliptical
185561.jpg,spiral
185571.jpg,elliptical
185573.jpg,spiral
185584.jpg,elliptical
185585.jpg,irregular
185588.jpg,irregular
185592.jpg,irregular
185669.jpg,spiral
185704.jpg,elliptical
185710.jpg,elliptical
185725.jpg,spiral
185737.jpg,spiral
185740.jpg,elliptical
185768.jpg,irregular
185825.jpg,elliptical
185878.jpg,elliptical
185927.jpg,elliptical
185928.jpg,elliptical
185940.jpg,irregular
185969.jpg,elliptical
185976.jpg,elliptical
186015.jpg,elliptical
186062.jpg,spiral
186077.jpg,spiral
186084.jpg,elliptical
186129.jpg,spiral
186141.jpg,elliptical
186143.jpg,elliptical
186171.jpg,elliptical
186201.jpg,irregular
186232.jpg,elliptical
186249.jpg,elliptical
186257.jpg,elliptical
186261.jpg,irregular
186271.jpg,elliptical
186274.jpg,irregular
186277.jpg,irregular
186287.jpg,spiral
186308.jpg,elliptical
186313.jpg,elliptical
186315.jpg,elliptical
186326.jpg,elliptical
186383.jpg,irregular
186411.jpg,irregular
186420.jpg,elliptical
186442.jpg,elliptical
186465.jpg,spiral
186489.jpg,elliptical
186507.jpg,irregular
186514.jpg,irregular
186530.jpg,elliptical
186542.jpg,elliptical
186546.jpg,spiral
186568.jpg,elliptical
186570.jpg,elliptical
186613.jpg,spiral
186617.jpg,elliptical
186634.jpg,elliptical
186640.jpg,elliptical
186667.jpg,elliptical
186677.jpg,irregular
186699.jpg,elliptical
186700.jpg,elliptical
186719.jpg,spiral
186722.jpg,spiral
186765.jpg,elliptical
186772.jpg,spiral
186783.jpg,elliptical
186872.jpg,spiral
186899.jpg,elliptical
186921.jpg,irregular
186934.jpg,elliptical
186968.jpg,elliptical
186990.jpg,elliptical
187024.jpg,elliptical
187041.jpg,spiral
187072.jpg,irregular
187215.jpg,elliptical
187245.jpg,elliptical
187282.jpg,elliptical
187295.jpg,elliptical
187310.jpg,elliptical
187358.jpg,elliptical
187361.jpg,elliptical
187364.jpg,irregular
187371.jpg,elliptical
187412.jpg,spiral
187418.jpg,spiral
187424.jpg,elliptical
187446.jpg,elliptical
187461.jpg,elliptical
187502.jpg,elliptical
187519.jpg,irregular
187523.jpg,spiral
187524.jpg,elliptical
187525.jpg,elliptical
187545.jpg,elliptical
187563.jpg,elliptical
187573.jpg,elliptical
187574.jpg,elliptical
187579.jpg,spiral
187580.jpg,elliptical
187584.jpg,elliptical
187594.jpg,irregular
187643.jpg,spiral
187645.jpg,elliptical
187647.jpg,elliptical
187656.jpg,irregular
187666.jpg,elliptical
187737.jpg,irregular
187749.jpg,elliptical
187762.jpg,spiral
187792.jpg,irregular
187820.jpg,elliptical
187828.jpg,elliptical
187830.jpg,spiral
187836.jpg,elliptical
187864.jpg,elliptical
187873.jpg,spiral
187884.jpg,elliptical
187886.jpg,elliptical
187895.jpg,irregular
187899.jpg,elliptical
187938.jpg,elliptical
187949.jpg,elliptical
187951.jpg,elliptical
187971.jpg,elliptical
187972.jpg,elliptical
187981.jpg,irregular
187996.jpg,irregular
188001.jpg,elliptical
188009.jpg,spiral
188015.jpg,spiral
188038.jpg,spiral
188077.jpg,spiral
188099.jpg,elliptical
188128.jpg,elliptical
188135.jpg,spiral
188146.jpg,elliptical
188163.jpg,spiral
188214.jpg,irregular
188215.jpg,spiral
188218.jpg,elliptical
188230.jpg,elliptical
188264.jpg,elliptical
188265.jpg,irregular
188320.jpg,irregular
188337.jpg,spiral
188393.jpg,elliptical
188400.jpg,elliptical
188404.jpg,spiral
188405.jpg,elliptical
188431.jpg,spiral
188440.jpg,elliptical
188448.jpg,elliptical
188505.jpg,elliptical
188516.jpg,irregular
188538.jpg,elliptical
188550.jpg,spiral
188558.jpg,irregular
188569.jpg,elliptical
188595.jpg,elliptical
188602.jpg,irregular
188613.jpg,spiral
188628.jpg,elliptical
188642.jpg,irregular
188668.jpg,spiral
188672.jpg,irregular
188678.jpg,irregular
188735.jpg,spiral
188736.jpg,elliptical
188749.jpg,elliptical
188796.jpg,elliptical
188836.jpg,elliptical
188845.jpg,irregular
188846.jpg,spiral
188856.jpg,spiral
188886.jpg,elliptical
188902.jpg,elliptical
188923.jpg,spiral
188936.jpg,spiral
188956.jpg,spiral
188958.jpg,spiral
188974.jpg,irregular
188995.jpg,elliptical
189022.jpg,elliptical
189024.jpg,spiral
189041.jpg,spiral
189047.jpg,elliptical
189090.jpg,elliptical
189098.jpg,spiral
189101.jpg,spiral
189109.jpg,spiral
189113.jpg,elliptical
189115.jpg,spiral
189121.jpg,elliptical
189178.jpg,elliptical
189185.jpg,elliptical
189252.jpg,spiral
189356.jpg,spiral
189402.jpg,elliptical
189417.jpg,elliptical
189420.jpg,elliptical
189442.jpg,elliptical
189468.jpg,spiral
189498.jpg,elliptical
189499.jpg,elliptical
189544.jpg,elliptical
189549.jpg,irregular
189578.jpg,elliptical
189604.jpg,elliptical
189657.jpg,elliptical
189665.jpg,irregular
189678.jpg,spiral
189691.jpg,spiral
189702.jpg,irregular
189726.jpg,elliptical
189755.jpg,spiral
189761.jpg,elliptical
189797.jpg,spiral
189832.jpg,elliptical
189841.jpg,elliptical
189844.jpg,elliptical
189854.jpg,irregular
189881.jpg,elliptical
189923.jpg,elliptical
189925.jpg,elliptical
189943.jpg,elliptical
189965.jpg,irregular
190058.jpg,elliptical
190081.jpg,elliptical
190104.jpg,elliptical
190143.jpg,elliptical
190158.jpg,elliptical
190181.jpg,irregular
190212.jpg,elliptical
190225.jpg,spiral
190236.jpg,spiral
190238.jpg,elliptical
190262.jpg,irregular
190279.jpg,spiral
190331.jpg,spiral
190335.jpg,elliptical
190346.jpg,elliptical
190362.jpg,irregular
190398.jpg,elliptical
190420.jpg,elliptical
190424.jpg,spiral
190428.jpg,irregular
190485.jpg,elliptical
190531.jpg,irregular
190567.jpg,elliptical
190610.jpg,spiral
190614.jpg,elliptical
190639.jpg,elliptical
190673.jpg,elliptical
190721.jpg,elliptical
190724.jpg,spiral
190745.jpg,elliptical
190867.jpg,spiral
190879.jpg,irregular
190890.jpg,irregular
190892.jpg,elliptical
190971.jpg,elliptical
190997.jpg,elliptical
191070.jpg,irregular
191076.jpg,spiral
191112.jpg,elliptical
191124.jpg,elliptical
191131.jpg,elliptical
191160.jpg,irregular
191176.jpg,elliptical
191181.jpg,spiral
191189.jpg,elliptical
191200.jpg,elliptical
191219.jpg,spiral
191276.jpg,elliptical
191282.jpg,elliptical
191288.jpg,elliptical
191331.jpg,elliptical
191388.jpg,elliptical
191393.jpg,elliptical
191410.jpg,elliptical
191438.jpg,irregular
191447.jpg,spiral
191520.jpg,elliptical
191537.jpg,spiral
191538.jpg,spiral
191548.jpg,irregular
191560.jpg,elliptical
191577.jpg,elliptical
191586.jpg,elliptical
191635.jpg,spiral
191669.jpg,elliptical
191679.jpg,irregular
191698.jpg,irregular
191704.jpg,irregular
191740.jpg,elliptical
191762.jpg,elliptical
191764.jpg,spiral
191775.jpg,spiral
191843.jpg,elliptical
191850.jpg,elliptical
191877.jpg,elliptical
191932.jpg,irregular
191940.jpg,elliptical
191944.jpg,elliptical
191957.jpg,spiral
191987.jpg,irregular
191996.jpg,irregular
192016.jpg,elliptical
192058.jpg,elliptical
192072.jpg,elliptical
192082.jpg,elliptical
192089.jpg,elliptical
192111.jpg,elliptical
192147.jpg,spiral
192155.jpg,elliptical
192170.jpg,irregular
192173.jpg,elliptical
192209.jpg,irregular
192267.jpg,irregular
192278.jpg,elliptical
192281.jpg,elliptical
192296.jpg,elliptical
192306.jpg,spiral
192342.jpg,elliptical
192354.jpg,elliptical
192408.jpg,elliptical
192411.jpg,elliptical
192424.jpg,irregular
192462.jpg,elliptical
192491.jpg,elliptical
192497.jpg,elliptical
192522.jpg,irregular
192527.jpg,spiral
192553.jpg,elliptical
192570.jpg,elliptical
192628.jpg,irregular
192664.jpg,elliptical
192698.jpg,irregular
192724.jpg,elliptical
192740.jpg,elliptical
192757.jpg,elliptical
192758.jpg,elliptical
192765.jpg,spiral
192789.jpg,elliptical
192791.jpg,elliptical
192799.jpg,elliptical
192806.jpg,spiral
192828.jpg,elliptical
192835.jpg,irregular
192838.jpg,irregular
192852.jpg,elliptical
192867.jpg,elliptical
192877.jpg,elliptical
192879.jpg,elliptical
192911.jpg,elliptical
192967.jpg,elliptical
193054.jpg,elliptical
193056.jpg,spiral
193070.jpg,elliptical
193077.jpg,spiral
193101.jpg,spiral
193174.jpg,elliptical
193186.jpg,elliptical
193204.jpg,irregular
193205.jpg,elliptical
193221.jpg,elliptical
193224.jpg,elliptical
193234.jpg,elliptical
193249.jpg,elliptical
193282.jpg,spiral
193297.jpg,elliptical
193309.jpg,irregular
193365.jpg,spiral
193397.jpg,elliptical
193405.jpg,elliptical
193478.jpg,elliptical
193480.jpg,spiral
193484.jpg,elliptical
193493.jpg,irregular
193509.jpg,irregular
193512.jpg,elliptical
193523.jpg,spiral
193529.jpg,elliptical
193585.jpg,elliptical
193590.jpg,elliptical
193604.jpg,elliptical
193632.jpg,elliptical
193710.jpg,spiral
193739.jpg,elliptical
193757.jpg,spiral
193764.jpg,elliptical
193793.jpg,irregular
193845.jpg,elliptical
193854.jpg,elliptical
193873.jpg,irregular
193877.jpg,spiral
193886.jpg,irregular
193896.jpg,elliptical
193935.jpg,spiral
193952.jpg,elliptical
193991.jpg,irregular
193994.jpg,irregular
194028.jpg,elliptical
194074.jpg,irregular
194080.jpg,elliptical
194106.jpg,elliptical
194113.jpg,elliptical
194132.jpg,elliptical
194205.jpg,spiral
194208.jpg,elliptical
194220.jpg,irregular
194228.jpg,elliptical
194262.jpg,elliptical
194295.jpg,elliptical
194309.jpg,elliptical
194329.jpg,elliptical
194355.jpg,irregular
194382.jpg,elliptical
194389.jpg,elliptical
194397.jpg,spiral
194407.jpg,elliptical
194408.jpg,elliptical
194421.jpg,elliptical
194440.jpg,spiral
194458.jpg,elliptical
194459.jpg,elliptical
194472.jpg,spiral
194496.jpg,elliptical
194499.jpg,elliptical
194510.jpg,elliptical
194519.jpg,irregular
194530.jpg,irregular
194533.jpg,irregular
194552.jpg,elliptical
194593.jpg,spiral
194608.jpg,irregular
194611.jpg,elliptical
194623.jpg,irregular
194692.jpg,irregular
194716.jpg,elliptical
194722.jpg,irregular
194723.jpg,elliptical
194759.jpg,irregular
194790.jpg,irregular
194849.jpg,elliptical
194878.jpg,elliptical
194974.jpg,irregular
194979.jpg,spiral
194987.jpg,irregular
195029.jpg,irregular
195058.jpg,elliptical
195071.jpg,elliptical
195096.jpg,irregular
195100.jpg,spiral
195160.jpg,elliptical
195190.jpg,irregular
195196.jpg,elliptical
195213.jpg,spiral
195244.jpg,elliptical
195249.jpg,elliptical
195255.jpg,spiral
195273.jpg,elliptical
195336.jpg,elliptical
195340.jpg,elliptical
195386.jpg,spiral
195392.jpg,elliptical
195403.jpg,spiral
195452.jpg,irregular
195481.jpg,irregular
195483.jpg,elliptical
195496.jpg,elliptical
195507.jpg,irregular
195516.jpg,elliptical
195554.jpg,irregular
195556.jpg,elliptical
195557.jpg,irregular
195558.jpg,elliptical
195565.jpg,spiral
195592.jpg,spiral
195598.jpg,spiral
195607.jpg,elliptical
195617.jpg,spiral
195626.jpg,elliptical
195644.jpg,irregular
195712.jpg,irregular
195779.jpg,elliptical
195852.jpg,spiral
195871.jpg,elliptical
195927.jpg,elliptical
195938.jpg,elliptical
195943.jpg,irregular
195963.jpg,elliptical
195977.jpg,irregular
196142.jpg,elliptical
196174.jpg,elliptical
196177.jpg,elliptical
196246.jpg,elliptical
196255.jpg,spiral
196267.jpg,elliptical
196280.jpg,spiral
196282.jpg,elliptical
196315.jpg,elliptical
196347.jpg,spiral
196358.jpg,elliptical
196366.jpg,spiral
196375.jpg,elliptical
196414.jpg,elliptical
196431.jpg,irregular
196440.jpg,elliptical
196474.jpg,elliptical
196487.jpg,irregular
196518.jpg,irregular
196538.jpg,elliptical
196572.jpg,elliptical
196592.jpg,spiral
196614.jpg,elliptical
196617.jpg,spiral
196662.jpg,irregular
196753.jpg,elliptical
196756.jpg,irregular
196760.jpg,elliptical
196777.jpg,elliptical
196794.jpg,elliptical
196815.jpg,spiral
196823.jpg,elliptical
196837.jpg,spiral
196842.jpg,elliptical
196854.jpg,spiral
196865.jpg,spiral
196919.jpg,elliptical
196928.jpg,irregular
196975.jpg,elliptical
196985.jpg,elliptical
196992.jpg,elliptical
197008.jpg,elliptical
197019.jpg,spiral
197022.jpg,spiral
197064.jpg,elliptical
197077.jpg,elliptical
197100.jpg,spiral
197114.jpg,irregular
197136.jpg,spiral
197161.jpg,spiral
197164.jpg,elliptical
197173.jpg,irregular
197236.jpg,spiral
197269.jpg,spiral
197296.jpg,spiral
197314.jpg,elliptical
197317.jpg,elliptical
197324.jpg,elliptical
197349.jpg,spiral
197417.jpg,spiral
197421.jpg,spiral
197431.jpg,elliptical
197474.jpg,elliptical
197573.jpg,elliptical
197611.jpg,irregular
197621.jpg,irregular
197636.jpg,elliptical
197650.jpg,irregular
197669.jpg,elliptical
197728.jpg,irregular
197772.jpg,elliptical
197778.jpg,elliptical
197788.jpg,elliptical
197818.jpg,elliptical
197825.jpg,elliptical
197828.jpg,elliptical
197840.jpg,spiral
197852.jpg,spiral
197862.jpg,elliptical
197865.jpg,irregular
197903.jpg,elliptical
197958.jpg,irregular
197992.jpg,spiral
197998.jpg,elliptical
198056.jpg,elliptical
198063.jpg,spiral
198091.jpg,elliptical
198129.jpg,elliptical
198141.jpg,elliptical
198143.jpg,elliptical
198169.jpg,elliptical
198234.jpg,elliptical
198247.jpg,spiral
198249.jpg,elliptical
198306.jpg,elliptical
198309.jpg,elliptical
198344.jpg,elliptical
198347.jpg,spiral
198355.jpg,spiral
198366.jpg,irregular
198368.jpg,elliptical
198450.jpg,elliptical
198462.jpg,elliptical
198490.jpg,elliptical
198510.jpg,irregular
198512.jpg,elliptical
198514.jpg,elliptical
198534.jpg,elliptical
198536.jpg,irregular
198577.jpg,irregular
198619.jpg,elliptical
198628.jpg,elliptical
198683.jpg,spiral
198706.jpg,elliptical
198721.jpg,spiral
198727.jpg,elliptical
198740.jpg,elliptical
198786.jpg,irregular
198808.jpg,elliptical
198818.jpg,elliptical
198830.jpg,spiral
198840.jpg,elliptical
198854.jpg,spiral
198877.jpg,elliptical
198931.jpg,irregular
198937.jpg,spiral
198968.jpg,irregular
198970.jpg,irregular
198975.jpg,elliptical
199033.jpg,irregular
199080.jpg,spiral
199089.jpg,elliptical
199096.jpg,elliptical
199101.jpg,spiral
199136.jpg,spiral
199147.jpg,elliptical
199160.jpg,spiral
199191.jpg,elliptical
199199.jpg,irregular
199226.jpg,elliptical
199258.jpg,elliptical
199261.jpg,irregular
199270.jpg,spiral
199372.jpg,elliptical
199411.jpg,elliptical
199422.jpg,elliptical
199454.jpg,irregular
199474.jpg,elliptical
199476.jpg,irregular
199490.jpg,spiral
199502.jpg,elliptical
199516.jpg,elliptical
199574.jpg,irregular
199689.jpg,elliptical
199693.jpg,spiral
199701.jpg,spiral
199728.jpg,irregular
199745.jpg,spiral
199755.jpg,irregular
199793.jpg,elliptical
199794.jpg,irregular
199828.jpg,elliptical
199859.jpg,elliptical
199869.jpg,elliptical
199895.jpg,spiral
199904.jpg,irregular
199960.jpg,elliptical
200010.jpg,elliptical
200017.jpg,spiral
200022.jpg,irregular
200029.jpg,elliptical
200034.jpg,irregular
200044.jpg,spiral
200057.jpg,irregular
200091.jpg,elliptical
200137.jpg,elliptical
200140.jpg,spiral
200169.jpg,elliptical
200173.jpg,irregular
200197.jpg,elliptical
200225.jpg,elliptical
200245.jpg,elliptical
200298.jpg,elliptical
200310.jpg,elliptical
200327.jpg,elliptical
200366.jpg,spiral
200383.jpg,elliptical
200395.jpg,elliptical
200405.jpg,elliptical
200410.jpg,elliptical
200452.jpg,irregular
200471.jpg,elliptical
200482.jpg,elliptical
200483.jpg,irregular
200503.jpg,elliptical
200517.jpg,spiral
200519.jpg,spiral
200526.jpg,elliptical
200531.jpg,elliptical
200547.jpg,spiral
200589.jpg,elliptical
200595.jpg,elliptical
200599.jpg,elliptical
200611.jpg,elliptical
200655.jpg,elliptical
200659.jpg,elliptical
200668.jpg,irregular
200689.jpg,elliptical
200724.jpg,elliptical
200731.jpg,irregular
200741.jpg,elliptical
200749.jpg,elliptical
200790.jpg,spiral
200801.jpg,spiral
200840.jpg,elliptical
200843.jpg,elliptical
200876.jpg,irregular
200881.jpg,spiral
200893.jpg,spiral
200932.jpg,elliptical
200979.jpg,elliptical
201011.jpg,elliptical
201034.jpg,elliptical
201079.jpg,spiral
201087.jpg,elliptical
201100.jpg,elliptical
201101.jpg,spiral
201148.jpg,elliptical
201198.jpg,elliptical
201214.jpg,spiral
201242.jpg,elliptical
201246.jpg,elliptical
201285.jpg,elliptical
201289.jpg,elliptical
201293.jpg,elliptical
201333.jpg,elliptical
201335.jpg,elliptical
201365.jpg,irregular
201368.jpg,irregular
201411.jpg,elliptical
201413.jpg,elliptical
201446.jpg,elliptical
201460.jpg,elliptical
201467.jpg,irregular
201516.jpg,spiral
201525.jpg,spiral
201527.jpg,irregular
201535.jpg,spiral
201548.jpg,irregular
201579.jpg,spiral
201581.jpg,spiral
201583.jpg,elliptical
201587.jpg,spiral
201603.jpg,spiral
201606.jpg,elliptical
201642.jpg,elliptical
201689.jpg,elliptical
201703.jpg,elliptical
201718.jpg,elliptical
201764.jpg,elliptical
201776.jpg,elliptical
201789.jpg,elliptical
201801.jpg,elliptical
201806.jpg,elliptical
201809.jpg,elliptical
201891.jpg,elliptical
201914.jpg,elliptical
201956.jpg,elliptical
201975.jpg,irregular
202001.jpg,elliptical
202006.jpg,elliptical
202030.jpg,spiral
202093.jpg,elliptical
202113.jpg,elliptical
202124.jpg,elliptical
202139.jpg,irregular
202140.jpg,elliptical
202147.jpg,elliptical
202226.jpg,elliptical
202237.jpg,irregular
202246.jpg,elliptical
202250.jpg,spiral
202262.jpg,spiral
202287.jpg,elliptical
202314.jpg,elliptical
202316.jpg,irregular
202328.jpg,elliptical
202369.jpg,spiral
202424.jpg,elliptical
202428.jpg,spiral
202479.jpg,irregular
202488.jpg,elliptical
202522.jpg,elliptical
202609.jpg,spiral
202613.jpg,spiral
202646.jpg,spiral
202655.jpg,elliptical
202661.jpg,spiral
202663.jpg,elliptical
202672.jpg,elliptical
202694.jpg,irregular
202710.jpg,elliptical
202730.jpg,irregular
202740.jpg,irregular
202770.jpg,elliptical
202788.jpg,irregular
202841.jpg,spiral
202880.jpg,elliptical
202890.jpg,irregular
202898.jpg,irregular
202914.jpg,elliptical
202924.jpg,elliptical
202946.jpg,elliptical
202948.jpg,elliptical
202952.jpg,elliptical
202984.jpg,elliptical
203026.jpg,elliptical
203035.jpg,elliptical
203049.jpg,spiral
203054.jpg,elliptical
203063.jpg,irregular
203065.jpg,elliptical
203166.jpg,irregular
203206.jpg,elliptical
203210.jpg,elliptical
203223.jpg,elliptical
203236.jpg,elliptical
203278.jpg,elliptical
203280.jpg,elliptical
203293.jpg,elliptical
203306.jpg,elliptical
203319.jpg,elliptical
203392.jpg,spiral
203418.jpg,irregular
203436.jpg,irregular
203439.jpg,elliptical
203464.jpg,elliptical
203478.jpg,elliptical
203480.jpg,spiral
203528.jpg,spiral
203576.jpg,irregular
203623.jpg,elliptical
203626.jpg,elliptical
203655.jpg,irregular
203672.jpg,irregular
203677.jpg,spiral
203701.jpg,spiral
203706.jpg,elliptical
203711.jpg,elliptical
203730.jpg,elliptical
203736.jpg,elliptical
203746.jpg,elliptical
203748.jpg,elliptical
203762.jpg,elliptical
203796.jpg,irregular
203820.jpg,irregular
203829.jpg,elliptical
203887.jpg,spiral
203892.jpg,elliptical
203969.jpg,elliptical
203982.jpg,elliptical
204020.jpg,elliptical
204024.jpg,elliptical
204026.jpg,elliptical
204050.jpg,spiral
204051.jpg,spiral
204071.jpg,elliptical
204073.jpg,elliptical
204120.jpg,elliptical
204152.jpg,elliptical
204156.jpg,elliptical
204167.jpg,elliptical
204175.jpg,elliptical
204192.jpg,elliptical
204216.jpg,elliptical
204252.jpg,spiral
204253.jpg,elliptical
204289.jpg,spiral
204316.jpg,elliptical
204336.jpg,elliptical
204389.jpg,elliptical
204431.jpg,elliptical
204434.jpg,elliptical
204467.jpg,elliptical
204478.jpg,elliptical
204520.jpg,elliptical
204527.jpg,elliptical
204589.jpg,spiral
204591.jpg,elliptical
204609.jpg,elliptical
204645.jpg,spiral
204676.jpg,irregular
204698.jpg,spiral
204719.jpg,elliptical
204724.jpg,elliptical
204756.jpg,spiral
204764.jpg,elliptical
204809.jpg,irregular
204848.jpg,elliptical
204849.jpg,elliptical
204897.jpg,elliptical
204910.jpg,elliptical
204918.jpg,spiral
204959.jpg,elliptical
204967.jpg,elliptical
204972.jpg,spiral
204982.jpg,elliptical
204992.jpg,elliptical
204993.jpg,elliptical
205015.jpg,elliptical
205024.jpg,elliptical
205037.jpg,irregular
205043.jpg,elliptical
205058.jpg,elliptical
205064.jpg,elliptical
205075.jpg,elliptical
205087.jpg,elliptical
205088.jpg,irregular
205101.jpg,elliptical
205103.jpg,irregular
205104.jpg,spiral
205120.jpg,elliptical
205121.jpg,elliptical
205159.jpg,elliptical
205165.jpg,elliptical
205169.jpg,elliptical
205219.jpg,elliptical
205235.jpg,elliptical
205239.jpg,elliptical
205247.jpg,elliptical
205256.jpg,irregular
205263.jpg,elliptical
205274.jpg,spiral
205291.jpg,elliptical
205363.jpg,elliptical
205408.jpg,elliptical
205451.jpg,spiral
205457.jpg,elliptical
205475.jpg,elliptical
205499.jpg,elliptical
205501.jpg,elliptical
205529.jpg,elliptical
205541.jpg,spiral
205572.jpg,elliptical
205589.jpg,elliptical
205600.jpg,elliptical
205605.jpg,elliptical
205658.jpg,spiral
205677.jpg,elliptical
205682.jpg,spiral
205711.jpg,elliptical
205718.jpg,elliptical
205727.jpg,elliptical
205745.jpg,elliptical
205781.jpg,elliptical
205829.jpg,spiral
205877.jpg,irregular
205928.jpg,elliptical
205934.jpg,irregular
205948.jpg,elliptical
205962.jpg,elliptical
205997.jpg,elliptical
206009.jpg,irregular
206012.jpg,elliptical
206013.jpg,elliptical
206015.jpg,irregular
206017.jpg,irregular
206020.jpg,elliptical
206035.jpg,elliptical
206041.jpg,elliptical
206085.jpg,spiral
206121.jpg,elliptical
206142.jpg,elliptical
206152.jpg,elliptical
206188.jpg,elliptical
206224.jpg,spiral
206248.jpg,elliptical
206256.jpg,spiral
206258.jpg,elliptical
206266.jpg,irregular
206278.jpg,spiral
206301.jpg,elliptical
206313.jpg,elliptical
206315.jpg,elliptical
206330.jpg,elliptical
206382.jpg,spiral
206400.jpg,elliptical
206434.jpg,elliptical
206455.jpg,irregular
206461.jpg,elliptical
206489.jpg,spiral
206509.jpg,elliptical
206510.jpg,irregular
206514.jpg,spiral
206518.jpg,irregular
206523.jpg,elliptical
206537.jpg,elliptical
206541.jpg,spiral
206545.jpg,elliptical
206567.jpg,elliptical
206586.jpg,elliptical
206599.jpg,elliptical
206624.jpg,irregular
206647.jpg,elliptical
206660.jpg,elliptical
206676.jpg,irregular
206697.jpg,elliptical
206755.jpg,irregular
206807.jpg,spiral
206829.jpg,elliptical
206864.jpg,irregular
206874.jpg,spiral
206897.jpg,elliptical
206920.jpg,spiral
206966.jpg,elliptical
207011.jpg,spiral
207014.jpg,irregular
207025.jpg,elliptical
207030.jpg,elliptical
207060.jpg,elliptical
207107.jpg,spiral
207124.jpg,spiral
207129.jpg,spiral
207139.jpg,spiral
207188.jpg,spiral
207205.jpg,irregular
207249.jpg,spiral
207269.jpg,elliptical
207275.jpg,elliptical
207276.jpg,elliptical
207290.jpg,elliptical
207292.jpg,irregular
207318.jpg,elliptical
207337.jpg,elliptical
207347.jpg,irregular
207357.jpg,spiral
207371.jpg,elliptical
207375.jpg,irregular
207376.jpg,elliptical
207405.jpg,elliptical
207495.jpg,spiral
207589.jpg,elliptical
207619.jpg,elliptical
207640.jpg,elliptical
207666.jpg,irregular
207667.jpg,elliptical
207679.jpg,elliptical
207682.jpg,irregular
207734.jpg,elliptical
207738.jpg,elliptical
207758.jpg,elliptical
207798.jpg,spiral
207818.jpg,elliptical
207866.jpg,elliptical
207872.jpg,spiral
207882.jpg,spiral
207883.jpg,elliptical
207952.jpg,spiral
207955.jpg,spiral
207972.jpg,spiral
207975.jpg,spiral
208027.jpg,elliptical
208029.jpg,elliptical
208046.jpg,irregular
208073.jpg,elliptical
208080.jpg,spiral
208090.jpg,spiral
208117.jpg,irregular
208120.jpg,elliptical
208162.jpg,elliptical
208194.jpg,elliptical
208196.jpg,elliptical
208197.jpg,elliptical
208201.jpg,elliptical
208284.jpg,elliptical
208300.jpg,elliptical
208304.jpg,irregular
208306.jpg,irregular
208320.jpg,irregular
208322.jpg,spiral
208357.jpg,elliptical
208374.jpg,elliptical
208381.jpg,elliptical
208388.jpg,irregular
208394.jpg,spiral
208397.jpg,elliptical
208431.jpg,spiral
208474.jpg,spiral
208508.jpg,elliptical
208529.jpg,irregular
208555.jpg,elliptical
208563.jpg,elliptical
208614.jpg,elliptical
208628.jpg,irregular
208635.jpg,spiral
208663.jpg,elliptical
208686.jpg,spiral
208697.jpg,elliptical
208708.jpg,elliptical
208763.jpg,elliptical
208770.jpg,elliptical
208811.jpg,elliptical
208822.jpg,elliptical
208887.jpg,elliptical
208903.jpg,spiral
208923.jpg,irregular
208929.jpg,elliptical
208932.jpg,elliptical
208946.jpg,elliptical
209001.jpg,elliptical
209065.jpg,elliptical
209112.jpg,elliptical
209138.jpg,elliptical
209140.jpg,irregular
209150.jpg,elliptical
209192.jpg,spiral
209210.jpg,spiral
209225.jpg,elliptical
209240.jpg,spiral
209265.jpg,elliptical
209275.jpg,elliptical
209321.jpg,elliptical
209354.jpg,elliptical
209405.jpg,elliptical
209407.jpg,spiral
209409.jpg,irregular
209411.jpg,irregular
209434.jpg,elliptical
209456.jpg,elliptical
209457.jpg,spiral
209473.jpg,elliptical
209486.jpg,elliptical
209493.jpg,spiral
209536.jpg,spiral
209601.jpg,elliptical
209611.jpg,elliptical
209612.jpg,elliptical
209615.jpg,irregular
209618.jpg,elliptical
209641.jpg,spiral
209647.jpg,elliptical
209652.jpg,elliptical
209657.jpg,spiral
209681.jpg,elliptical
209691.jpg,elliptical
209789.jpg,spiral
209806.jpg,spiral
209813.jpg,irregular
209819.jpg,elliptical
209826.jpg,spiral
209834.jpg,elliptical
209844.jpg,elliptical
209849.jpg,irregular
209850.jpg,irregular
209858.jpg,irregular
209859.jpg,spiral
209877.jpg,elliptical
209902.jpg,irregular
209908.jpg,elliptical
209934.jpg,elliptical
209936.jpg,spiral
209957.jpg,elliptical
209965.jpg,elliptical
209984.jpg,elliptical
209986.jpg,elliptical
210003.jpg,elliptical
210019.jpg,elliptical
210027.jpg,elliptical
210045.jpg,elliptical
210081.jpg,spiral
210094.jpg,elliptical
210108.jpg,irregular
210143.jpg,elliptical
210212.jpg,spiral
210215.jpg,elliptical
210228.jpg,irregular
210232.jpg,elliptical
210247.jpg,elliptical
210270.jpg,spiral
210278.jpg,elliptical
210372.jpg,elliptical
210388.jpg,elliptical
210401.jpg,elliptical
210435.jpg,elliptical
210452.jpg,elliptical
210465.jpg,elliptical
210467.jpg,irregular
210497.jpg,irregular
210562.jpg,spiral
210574.jpg,irregular
210583.jpg,irregular
210591.jpg,elliptical
210656.jpg,irregular
210698.jpg,irregular
210715.jpg,spiral
210721.jpg,elliptical
210745.jpg,elliptical
210756.jpg,elliptical
210760.jpg,irregular
210776.jpg,spiral
210803.jpg,spiral
210845.jpg,elliptical
210860.jpg,elliptical
210883.jpg,elliptical
210901.jpg,spiral
210922.jpg,elliptical
210930.jpg,spiral
210950.jpg,elliptical
210967.jpg,elliptical
210972.jpg,elliptical
210992.jpg,elliptical
210994.jpg,elliptical
211003.jpg,elliptical
211007.jpg,spiral
211031.jpg,irregular
211077.jpg,elliptical
211113.jpg,irregular
211143.jpg,spiral
211194.jpg,elliptical
211220.jpg,elliptical
211249.jpg,irregular
211272.jpg,spiral
211275.jpg,spiral
211292.jpg,elliptical
211294.jpg,irregular
211311.jpg,elliptical
211322.jpg,elliptical
211334.jpg,elliptical
211335.jpg,elliptical
211358.jpg,elliptical
211370.jpg,elliptical
211437.jpg,spiral
211440.jpg,elliptical
211459.jpg,elliptical
211484.jpg,irregular
211504.jpg,spiral
211552.jpg,elliptical
211561.jpg,elliptical
211585.jpg,elliptical
211587.jpg,elliptical
211598.jpg,spiral
211602.jpg,elliptical
211603.jpg,elliptical
211608.jpg,elliptical
211621.jpg,elliptical
211628.jpg,elliptical
211641.jpg,elliptical
211643.jpg,irregular
211666.jpg,spiral
211676.jpg,elliptical
211677.jpg,spiral
211681.jpg,elliptical
211719.jpg,elliptical
211727.jpg,elliptical
211738.jpg,irregular
211744.jpg,elliptical
211770.jpg,elliptical
211774.jpg,spiral
211793.jpg,elliptical
211794.jpg,spiral
211844.jpg,irregular
211857.jpg,elliptical
211883.jpg,elliptical
211942.jpg,spiral
211966.jpg,irregular
211972.jpg,irregular
211973.jpg,spiral
211988.jpg,elliptical
212017.jpg,elliptical
212018.jpg,elliptical
212039.jpg,spiral
212062.jpg,elliptical
212073.jpg,elliptical
212075.jpg,elliptical
212123.jpg,irregular
212151.jpg,spiral
212161.jpg,spiral
212169.jpg,irregular
212177.jpg,elliptical
212204.jpg,elliptical
212229.jpg,elliptical
212235.jpg,spiral
212239.jpg,spiral
212293.jpg,elliptical
212391.jpg,irregular
212398.jpg,elliptical
212399.jpg,elliptical
212404.jpg,elliptical
212409.jpg,spiral
212462.jpg,irregular
212474.jpg,elliptical
212494.jpg,irregular
212497.jpg,elliptical
212533.jpg,spiral
212559.jpg,elliptical
212585.jpg,elliptical
212601.jpg,irregular
212610.jpg,elliptical
212795.jpg,elliptical
212849.jpg,elliptical
212879.jpg,elliptical
212895.jpg,spiral
212980.jpg,elliptical
213009.jpg,elliptical
213112.jpg,elliptical
213118.jpg,elliptical
213134.jpg,elliptical
213153.jpg,elliptical
213163.jpg,elliptical
213187.jpg,irregular
213190.jpg,elliptical
213286.jpg,elliptical
213292.jpg,spiral
213295.jpg,elliptical
213312.jpg,irregular
213331.jpg,spiral
213431.jpg,elliptical
213434.jpg,elliptical
213439.jpg,elliptical
213446.jpg,irregular
213477.jpg,spiral
213602.jpg,spiral
213606.jpg,elliptical
213622.jpg,irregular
213633.jpg,spiral
213660.jpg,irregular
213716.jpg,elliptical
213727.jpg,irregular
213733.jpg,irregular
213743.jpg,elliptical
213757.jpg,elliptical
213767.jpg,elliptical
213773.jpg,elliptical
213840.jpg,spiral
213874.jpg,elliptical
213881.jpg,irregular
213921.jpg,irregular
213936.jpg,elliptical
213944.jpg,irregular
213949.jpg,spiral
213980.jpg,irregular
214007.jpg,spiral
214021.jpg,irregular
214038.jpg,elliptical
214090.jpg,elliptical
214094.jpg,elliptical
214113.jpg,elliptical
214144.jpg,spiral
214165.jpg,elliptical
214187.jpg,spiral
214317.jpg,irregular
214345.jpg,elliptical
214366.jpg,elliptical
214376.jpg,elliptical
214392.jpg,elliptical
214474.jpg,irregular
214554.jpg,elliptical
214605.jpg,elliptical
214624.jpg,elliptical
214626.jpg,irregular
214651.jpg,irregular
214656.jpg,elliptical
214705.jpg,elliptical
214708.jpg,irregular
214711.jpg,elliptical
214718.jpg,irregular
214743.jpg,elliptical
214751.jpg,irregular
214780.jpg,elliptical
214790.jpg,spiral
214805.jpg,irregular
214809.jpg,elliptical
214831.jpg,elliptical
214833.jpg,spiral
214851.jpg,elliptical
214862.jpg,irregular
214865.jpg,irregular
214878.jpg,spiral
214884.jpg,irregular
214892.jpg,elliptical
214924.jpg,irregular
214927.jpg,spiral
214933.jpg,elliptical
214941.jpg,elliptical
214969.jpg,elliptical
214976.jpg,elliptical
214991.jpg,elliptical
215006.jpg,irregular
215017.jpg,irregular
215075.jpg,elliptical
215084.jpg,irregular
215108.jpg,elliptical
215112.jpg,spiral
215152.jpg,elliptical
215163.jpg,elliptical
215181.jpg,spiral
215200.jpg,elliptical
215204.jpg,irregular
215225.jpg,elliptical
215253.jpg,irregular
215268.jpg,irregular
215276.jpg,irregular
215297.jpg,spiral
215317.jpg,elliptical
215318.jpg,elliptical
215332.jpg,elliptical
215333.jpg,elliptical
215362.jpg,irregular
215390.jpg,elliptical
215406.jpg,irregular
215422.jpg,elliptical
215424.jpg,elliptical
215427.jpg,spiral
215439.jpg,irregular
215444.jpg,elliptical
215451.jpg,irregular
215456.jpg,elliptical
215463.jpg,elliptical
215499.jpg,irregular
215530.jpg,elliptical
215581.jpg,elliptical
215614.jpg,spiral
215734.jpg,irregular
215753.jpg,irregular
215766.jpg,elliptical
215773.jpg,elliptical
215779.jpg,elliptical
215828.jpg,elliptical
215919.jpg,elliptical
216021.jpg,spiral
216032.jpg,spiral
216077.jpg,elliptical
216078.jpg,elliptical
216090.jpg,elliptical
216107.jpg,elliptical
216111.jpg,irregular
216113.jpg,elliptical
216129.jpg,irregular
216168.jpg,irregular
216169.jpg,elliptical
216217.jpg,spiral
216224.jpg,elliptical
216226.jpg,spiral
216248.jpg,spiral
216270.jpg,elliptical
216305.jpg,elliptical
216326.jpg,elliptical
216339.jpg,irregular
216343.jpg,elliptical
216372.jpg,elliptical
216373.jpg,spiral
216443.jpg,elliptical
216448.jpg,elliptical
216501.jpg,spiral
216567.jpg,elliptical
216613.jpg,elliptical
216614.jpg,spiral
216630.jpg,elliptical
216672.jpg,spiral
216676.jpg,irregular
216687.jpg,spiral
216706.jpg,irregular
216709.jpg,irregular
216716.jpg,irregular
216727.jpg,elliptical
216754.jpg,elliptical
216763.jpg,elliptical
216766.jpg,spiral
216816.jpg,irregular
216827.jpg,elliptical
216842.jpg,irregular
216881.jpg,irregular
216888.jpg,elliptical
216929.jpg,spiral
216935.jpg,elliptical
216940.jpg,spiral
216988.jpg,elliptical
216997.jpg,elliptical
217003.jpg,elliptical
217011.jpg,elliptical
217045.jpg,elliptical
217047.jpg,spiral
217056.jpg,elliptical
217142.jpg,spiral
217169.jpg,elliptical
217179.jpg,elliptical
217194.jpg,irregular
217289.jpg,elliptical
217293.jpg,spiral
217327.jpg,elliptical
217340.jpg,elliptical
217398.jpg,elliptical
217444.jpg,elliptical
217454.jpg,spiral
217477.jpg,elliptical
217496.jpg,elliptical
217502.jpg,spiral
217532.jpg,irregular
217602.jpg,elliptical
217619.jpg,irregular
217644.jpg,elliptical
217677.jpg,spiral
217697.jpg,irregular
217752.jpg,elliptical
217760.jpg,irregular
217764.jpg,elliptical
217771.jpg,irregular
217779.jpg,irregular
217795.jpg,spiral
217804.jpg,irregular
217805.jpg,spiral
217814.jpg,irregular
217826.jpg,elliptical
217834.jpg,spiral
217836.jpg,elliptical
217841.jpg,spiral
217843.jpg,elliptical
217856.jpg,elliptical
217877.jpg,spiral
217905.jpg,irregular
217913.jpg,elliptical
217914.jpg,irregular
217915.jpg,spiral
217931.jpg,elliptical
217936.jpg,elliptical
217966.jpg,spiral
217984.jpg,elliptical
217991.jpg,spiral
218055.jpg,irregular
218133.jpg,elliptical
218136.jpg,elliptical
218139.jpg,elliptical
218173.jpg,irregular
218190.jpg,elliptical
218238.jpg,elliptical
218268.jpg,spiral
218269.jpg,irregular
218281.jpg,elliptical
218299.jpg,elliptical
218325.jpg,irregular
218334.jpg,elliptical
218381.jpg,elliptical
218391.jpg,spiral
218483.jpg,spiral
218493.jpg,irregular
218509.jpg,spiral
218549.jpg,elliptical
218550.jpg,elliptical
218573.jpg,spiral
218582.jpg,elliptical
218583.jpg,elliptical
218587.jpg,elliptical
218594.jpg,spiral
218616.jpg,elliptical
218644.jpg,elliptical
218669.jpg,elliptical
218681.jpg,elliptical
218685.jpg,irregular
218701.jpg,spiral
218707.jpg,spiral
218717.jpg,elliptical
218735.jpg,elliptical
218736.jpg,spiral
218825.jpg,irregular
218832.jpg,elliptical
218858.jpg,spiral
218876.jpg,elliptical
218901.jpg,elliptical
218906.jpg,irregular
218964.jpg,elliptical
219000.jpg,spiral
219029.jpg,irregular
219037.jpg,spiral
219045.jpg,elliptical
219077.jpg,spiral
219105.jpg,irregular
219144.jpg,elliptical
219148.jpg,elliptical
219153.jpg,elliptical
219181.jpg,spiral
219187.jpg,elliptical
219191.jpg,elliptical
219195.jpg,irregular
219229.jpg,elliptical
219252.jpg,elliptical
219255.jpg,elliptical
219261.jpg,elliptical
219319.jpg,spiral
219324.jpg,irregular
219327.jpg,irregular
219366.jpg,irregular
219416.jpg,elliptical
219465.jpg,irregular
219489.jpg,elliptical
219495.jpg,elliptical
219515.jpg,elliptical
219528.jpg,elliptical
219546.jpg,elliptical
219575.jpg,elliptical
219595.jpg,elliptical
219618.jpg,spiral
219624.jpg,elliptical
219625.jpg,spiral
219648.jpg,irregular
219724.jpg,elliptical
219781.jpg,spiral
219786.jpg,elliptical
219836.jpg,irregular
219853.jpg,irregular
219886.jpg,elliptical
219917.jpg,irregular
219952.jpg,elliptical
219958.jpg,irregular
219963.jpg,spiral
219990.jpg,elliptical
220050.jpg,irregular
220070.jpg,elliptical
220071.jpg,irregular
220121.jpg,elliptical
220148.jpg,spiral
220158.jpg,spiral
220162.jpg,elliptical
220171.jpg,spiral
220181.jpg,elliptical
220225.jpg,elliptical
220284.jpg,spiral
220322.jpg,elliptical
220379.jpg,elliptical
220401.jpg,elliptical
220425.jpg,irregular
220483.jpg,elliptical
220490.jpg,spiral
220493.jpg,elliptical
220530.jpg,elliptical
220579.jpg,elliptical
220599.jpg,elliptical
220622.jpg,elliptical
220629.jpg,spiral
220657.jpg,elliptical
220659.jpg,elliptical
220677.jpg,spiral
220711.jpg,irregular
220713.jpg,spiral
220727.jpg,spiral
220753.jpg,irregular
220758.jpg,elliptical
220760.jpg,elliptical
220770.jpg,elliptical
220783.jpg,elliptical
220787.jpg,spiral
220801.jpg,elliptical
220802.jpg,spiral
220810.jpg,elliptical
220826.jpg,spiral
220833.jpg,irregular
220849.jpg,spiral
220851.jpg,elliptical
220861.jpg,elliptical
220893.jpg,elliptical
220908.jpg,elliptical
220920.jpg,elliptical
220923.jpg,elliptical
220938.jpg,elliptical
220942.jpg,spiral
220954.jpg,elliptical
220966.jpg,elliptical
220997.jpg,spiral
221027.jpg,elliptical
221039.jpg,spiral
221044.jpg,spiral
221052.jpg,spiral
221064.jpg,irregular
221102.jpg,elliptical
221103.jpg,elliptical
221108.jpg,elliptical
221150.jpg,spiral
221172.jpg,spiral
221184.jpg,elliptical
221200.jpg,elliptical
221206.jpg,irregular
221242.jpg,elliptical
221249.jpg,elliptical
221311.jpg,elliptical
221356.jpg,elliptical
221377.jpg,spiral
221392.jpg,irregular
221404.jpg,elliptical
221417.jpg,elliptical
221425.jpg,spiral
221443.jpg,elliptical
221470.jpg,elliptical
221497.jpg,irregular
221517.jpg,elliptical
221541.jpg,irregular
221588.jpg,spiral
221716.jpg,elliptical
221756.jpg,spiral
221778.jpg,irregular
221786.jpg,elliptical
221793.jpg,elliptical
221902.jpg,elliptical
221942.jpg,elliptical
221957.jpg,irregular
221978.jpg,irregular
221996.jpg,elliptical
222029.jpg,elliptical
222070.jpg,elliptical
222095.jpg,spiral
222120.jpg,spiral
222123.jpg,elliptical
222158.jpg,spiral
222165.jpg,irregular
222208.jpg,spiral
222235.jpg,irregular
222249.jpg,elliptical
222251.jpg,elliptical
222271.jpg,elliptical
222276.jpg,elliptical
222306.jpg,elliptical
222332.jpg,elliptical
222336.jpg,spiral
222344.jpg,spiral
222354.jpg,elliptical
222387.jpg,spiral
222448.jpg,elliptical
222467.jpg,spiral
222491.jpg,irregular
222505.jpg,elliptical
222513.jpg,irregular
222521.jpg,spiral
222526.jpg,irregular
222531.jpg,irregular
222584.jpg,spiral
222596.jpg,elliptical
222656.jpg,elliptical
222677.jpg,elliptical
222722.jpg,irregular
222764.jpg,elliptical
222796.jpg,irregular
222799.jpg,elliptical
222815.jpg,elliptical
222884.jpg,elliptical
222931.jpg,elliptical
222940.jpg,elliptical
222942.jpg,elliptical
222957.jpg,spiral
222985.jpg,elliptical
223012.jpg,spiral
223051.jpg,elliptical
223106.jpg,elliptical
223113.jpg,elliptical
223139.jpg,elliptical
223166.jpg,elliptical
223181.jpg,irregular
223184.jpg,spiral
223193.jpg,elliptical
223199.jpg,elliptical
223206.jpg,elliptical
223228.jpg,spiral
223236.jpg,elliptical
223275.jpg,irregular
223340.jpg,elliptical
223374.jpg,elliptical
223426.jpg,elliptical
223447.jpg,spiral
223521.jpg,elliptical
223526.jpg,irregular
223636.jpg,spiral
223649.jpg,elliptical
223668.jpg,irregular
223669.jpg,elliptical
223713.jpg,elliptical
223742.jpg,irregular
223754.jpg,elliptical
223795.jpg,irregular
223842.jpg,elliptical
223857.jpg,elliptical
223918.jpg,elliptical
223933.jpg,elliptical
223947.jpg,elliptical
223952.jpg,elliptical
223958.jpg,elliptical
223965.jpg,irregular
223987.jpg,spiral
224004.jpg,elliptical
224103.jpg,elliptical
224166.jpg,elliptical
224168.jpg,elliptical
224172.jpg,elliptical
224173.jpg,irregular
224189.jpg,elliptical
224194.jpg,elliptical
224212.jpg,irregular
224214.jpg,elliptical
224231.jpg,elliptical
224280.jpg,spiral
224304.jpg,elliptical
224314.jpg,irregular
224338.jpg,elliptical
224368.jpg,irregular
224382.jpg,spiral
224405.jpg,elliptical
224412.jpg,elliptical
224415.jpg,elliptical
224425.jpg,spiral
224455.jpg,elliptical
224495.jpg,irregular
224508.jpg,elliptical
224516.jpg,elliptical
224536.jpg,elliptical
224541.jpg,elliptical
224549.jpg,elliptical
224580.jpg,elliptical
224591.jpg,irregular
224598.jpg,elliptical
224645.jpg,spiral
224650.jpg,elliptical
224656.jpg,spiral
224661.jpg,elliptical
224673.jpg,irregular
224687.jpg,irregular
224689.jpg,irregular
224721.jpg,elliptical
224724.jpg,elliptical
224768.jpg,spiral
224797.jpg,irregular
224856.jpg,spiral
224881.jpg,irregular
224958.jpg,elliptical
224995.jpg,irregular
225025.jpg,irregular
225053.jpg,elliptical
225067.jpg,elliptical
225076.jpg,spiral
225082.jpg,elliptical
225111.jpg,spiral
225115.jpg,elliptical
225160.jpg,spiral
225280.jpg,spiral
225327.jpg,elliptical
225330.jpg,elliptical
225337.jpg,elliptical
225362.jpg,irregular
225475.jpg,elliptical
225478.jpg,irregular
225516.jpg,irregular
225517.jpg,elliptical
225526.jpg,elliptical
225564.jpg,spiral
225587.jpg,spiral
225620.jpg,elliptical
225648.jpg,irregular
225717.jpg,elliptical
225760.jpg,elliptical
225801.jpg,irregular
225823.jpg,elliptical
225837.jpg,irregular
225852.jpg,irregular
225985.jpg,elliptical
226020.jpg,elliptical
226024.jpg,spiral
226030.jpg,spiral
226040.jpg,elliptical
226043.jpg,elliptical
226045.jpg,irregular
226101.jpg,elliptical
226112.jpg,irregular
226136.jpg,elliptical
226172.jpg,elliptical
226183.jpg,elliptical
226277.jpg,spiral
226322.jpg,irregular
226329.jpg,elliptical
226342.jpg,irregular
226350.jpg,elliptical
226351.jpg,irregular
226370.jpg,elliptical
226375.jpg,spiral
226389.jpg,elliptical
226390.jpg,elliptical
226418.jpg,elliptical
226421.jpg,elliptical
226424.jpg,spiral
226427.jpg,elliptical
226432.jpg,spiral
226438.jpg,spiral
226487.jpg,spiral
226497.jpg,irregular
226515.jpg,elliptical
226539.jpg,irregular
226553.jpg,elliptical
226626.jpg,elliptical
226664.jpg,elliptical
226669.jpg,elliptical
226691.jpg,elliptical
226708.jpg,elliptical
226712.jpg,elliptical
226714.jpg,elliptical
226728.jpg,elliptical
226746.jpg,elliptical
226757.jpg,spiral
226774.jpg,elliptical
226852.jpg,elliptical
226860.jpg,elliptical
226950.jpg,elliptical
226957.jpg,irregular
227075.jpg,elliptical
227076.jpg,elliptical
227080.jpg,irregular
227090.jpg,elliptical
227097.jpg,elliptical
227148.jpg,elliptical
227157.jpg,elliptical
227170.jpg,elliptical
227195.jpg,elliptical
227246.jpg,elliptical
227277.jpg,spiral
227302.jpg,irregular
227311.jpg,spiral
227339.jpg,irregular
227377.jpg,irregular
227440.jpg,elliptical
227454.jpg,elliptical
227460.jpg,spiral
227470.jpg,spiral
227476.jpg,elliptical
227512.jpg,elliptical
227515.jpg,elliptical
227538.jpg,spiral
227555.jpg,elliptical
227607.jpg,elliptical
227634.jpg,elliptical
227658.jpg,elliptical
227679.jpg,elliptical
227724.jpg,elliptical
227728.jpg,spiral
227732.jpg,spiral
227761.jpg,irregular
227773.jpg,irregular
227781.jpg,elliptical
227796.jpg,elliptical
227821.jpg,spiral
227823.jpg,elliptical
227878.jpg,elliptical
227883.jpg,elliptical
227886.jpg,irregular
227909.jpg,spiral
227917.jpg,elliptical
227997.jpg,elliptical
228000.jpg,elliptical
228009.jpg,elliptical
228032.jpg,elliptical
228042.jpg,irregular
228096.jpg,elliptical
228129.jpg,elliptical
228168.jpg,elliptical
228206.jpg,elliptical
228209.jpg,irregular
228215.jpg,elliptical
228223.jpg,elliptical
228285.jpg,irregular
228294.jpg,elliptical
228308.jpg,elliptical
228313.jpg,elliptical
228317.jpg,spiral
228320.jpg,spiral
228321.jpg,elliptical
228374.jpg,elliptical
228376.jpg,spiral
228413.jpg,elliptical
228422.jpg,elliptical
228446.jpg,irregular
228454.jpg,irregular
228471.jpg,irregular
228474.jpg,elliptical
228485.jpg,elliptical
228519.jpg,elliptical
228539.jpg,elliptical
228551.jpg,elliptical
228556.jpg,irregular
228558.jpg,elliptical
228559.jpg,spiral
228578.jpg,elliptical
228639.jpg,elliptical
228661.jpg,irregular
228694.jpg,elliptical
228748.jpg,irregular
228751.jpg,elliptical
228805.jpg,irregular
228806.jpg,irregular
228819.jpg,irregular
228827.jpg,elliptical
228834.jpg,elliptical
228852.jpg,elliptical
228854.jpg,spiral
228866.jpg,elliptical
228891.jpg,elliptical
228944.jpg,spiral
228956.jpg,irregular
229000.jpg,irregular
229013.jpg,elliptical
229080.jpg,spiral
229116.jpg,elliptical
229175.jpg,spiral
229186.jpg,elliptical
229201.jpg,irregular
229222.jpg,irregular
229225.jpg,elliptical
229234.jpg,spiral
229268.jpg,elliptical
229298.jpg,elliptical
229305.jpg,spiral
229330.jpg,elliptical
229365.jpg,spiral
229403.jpg,elliptical
229420.jpg,elliptical
229431.jpg,spiral
229434.jpg,irregular
229446.jpg,irregular
229459.jpg,spiral
229480.jpg,elliptical
229508.jpg,irregular
229544.jpg,elliptical
229554.jpg,spiral
229585.jpg,irregular
229591.jpg,irregular
229602.jpg,spiral
229610.jpg,spiral
229616.jpg,elliptical
229621.jpg,spiral
229627.jpg,elliptical
229698.jpg,irregular
229725.jpg,elliptical
229748.jpg,elliptical
229749.jpg,spiral
229761.jpg,spiral
229777.jpg,elliptical
229778.jpg,elliptical
229821.jpg,elliptical
229832.jpg,elliptical
229891.jpg,elliptical
229926.jpg,elliptical
229928.jpg,spiral
229930.jpg,elliptical
229936.jpg,irregular
230006.jpg,elliptical
230009.jpg,elliptical
230021.jpg,irregular
230095.jpg,elliptical
230105.jpg,elliptical
230127.jpg,elliptical
230141.jpg,spiral
230150.jpg,irregular
230165.jpg,spiral
230170.jpg,spiral
230232.jpg,elliptical
230272.jpg,elliptical
230292.jpg,elliptical
230340.jpg,elliptical
230350.jpg,spiral
230371.jpg,elliptical
230423.jpg,spiral
230471.jpg,elliptical
230491.jpg,elliptical
230501.jpg,spiral
230513.jpg,elliptical
230518.jpg,irregular
230520.jpg,irregular
230547.jpg,elliptical
230559.jpg,irregular
230575.jpg,irregular
230638.jpg,elliptical
230703.jpg,elliptical
230734.jpg,elliptical
230768.jpg,elliptical
230846.jpg,elliptical
230885.jpg,spiral
230955.jpg,elliptical
231004.jpg,irregular
231026.jpg,elliptical
231042.jpg,elliptical
231047.jpg,elliptical
231052.jpg,elliptical
231058.jpg,elliptical
231091.jpg,irregular
231096.jpg,spiral
231103.jpg,spiral
231130.jpg,elliptical
231177.jpg,irregular
231183.jpg,irregular
231201.jpg,elliptical
231215.jpg,elliptical
231232.jpg,irregular
231266.jpg,elliptical
231269.jpg,spiral
231357.jpg,irregular
231364.jpg,elliptical
231389.jpg,elliptical
231390.jpg,elliptical
231392.jpg,spiral
231404.jpg,elliptical
231410.jpg,spiral
231431.jpg,spiral
231465.jpg,irregular
231507.jpg,irregular
231515.jpg,irregular
231560.jpg,elliptical
231628.jpg,irregular
231656.jpg,elliptical
231676.jpg,elliptical
231719.jpg,elliptical
231738.jpg,elliptical
231771.jpg,elliptical
231784.jpg,irregular
231792.jpg,spiral
231843.jpg,elliptical
231874.jpg,elliptical
231884.jpg,elliptical
231925.jpg,elliptical
231958.jpg,irregular
231998.jpg,elliptical
232022.jpg,irregular
232031.jpg,elliptical
232077.jpg,elliptical
232117.jpg,elliptical
232145.jpg,elliptical
232178.jpg,irregular
232245.jpg,spiral
232286.jpg,elliptical
232300.jpg,elliptical
232319.jpg,irregular
232366.jpg,elliptical
232411.jpg,irregular
232432.jpg,irregular
232442.jpg,elliptical
232467.jpg,spiral
232484.jpg,elliptical
232490.jpg,spiral
232535.jpg,elliptical
232544.jpg,spiral
232560.jpg,elliptical
232582.jpg,spiral
232592.jpg,elliptical
232628.jpg,spiral
232631.jpg,spiral
232655.jpg,irregular
232681.jpg,spiral
232705.jpg,elliptical
232766.jpg,spiral
232788.jpg,spiral
232843.jpg,elliptical
232852.jpg,elliptical
232857.jpg,irregular
232880.jpg,elliptical
232917.jpg,elliptical
232935.jpg,spiral
232952.jpg,irregular
232956.jpg,irregular
232957.jpg,elliptical
233007.jpg,irregular
233034.jpg,irregular
233050.jpg,spiral
233061.jpg,irregular
233081.jpg,spiral
233098.jpg,elliptical
233112.jpg,elliptical
233124.jpg,irregular
233138.jpg,elliptical
233139.jpg,elliptical
233146.jpg,spiral
233159.jpg,elliptical
233179.jpg,elliptical
233198.jpg,spiral
233208.jpg,spiral
233217.jpg,elliptical
233241.jpg,spiral
233248.jpg,spiral
233249.jpg,elliptical
233269.jpg,spiral
233280.jpg,elliptical
233300.jpg,spiral
233306.jpg,elliptical
233333.jpg,elliptical
233340.jpg,spiral
233364.jpg,elliptical
233406.jpg,elliptical
233407.jpg,elliptical
233410.jpg,irregular
233421.jpg,spiral
233433.jpg,irregular
233441.jpg,spiral
233488.jpg,irregular
233501.jpg,elliptical
233531.jpg,irregular
233605.jpg,elliptical
233622.jpg,spiral
233707.jpg,elliptical
233714.jpg,elliptical
233726.jpg,elliptical
233759.jpg,elliptical
233776.jpg,elliptical
233780.jpg,elliptical
233784.jpg,elliptical
233822.jpg,spiral
233832.jpg,irregular
233845.jpg,elliptical
233851.jpg,elliptical
233858.jpg,irregular
233906.jpg,spiral
233914.jpg,elliptical
233922.jpg,elliptical
233935.jpg,spiral
233944.jpg,elliptical
233947.jpg,elliptical
233948.jpg,spiral
233950.jpg,irregular
233976.jpg,elliptical
233977.jpg,irregular
234051.jpg,elliptical
234073.jpg,elliptical
234101.jpg,irregular
234108.jpg,spiral
234118.jpg,spiral
234119.jpg,elliptical
234169.jpg,spiral
234177.jpg,irregular
234378.jpg,elliptical
234444.jpg,irregular
234470.jpg,elliptical
234476.jpg,elliptical
234505.jpg,elliptical
234506.jpg,elliptical
234511.jpg,elliptical
234513.jpg,elliptical
234518.jpg,elliptical
234530.jpg,elliptical
234544.jpg,irregular
234562.jpg,irregular
234569.jpg,irregular
234581.jpg,elliptical
234632.jpg,elliptical
234638.jpg,spiral
234659.jpg,elliptical
234662.jpg,elliptical
234677.jpg,irregular
234683.jpg,irregular
234705.jpg,elliptical
234714.jpg,elliptical
234735.jpg,elliptical
234756.jpg,elliptical
234788.jpg,elliptical
234798.jpg,elliptical
234823.jpg,elliptical
234835.jpg,elliptical
234839.jpg,elliptical
234863.jpg,spiral
234868.jpg,elliptical
234904.jpg,elliptical
234951.jpg,elliptical
234961.jpg,spiral
234984.jpg,elliptical
235018.jpg,elliptical
235028.jpg,irregular
235035.jpg,spiral
235041.jpg,irregular
235053.jpg,elliptical
235079.jpg,elliptical
235153.jpg,irregular
235228.jpg,elliptical
235253.jpg,irregular
235261.jpg,elliptical
235265.jpg,elliptical
235277.jpg,elliptical
235295.jpg,spiral
235306.jpg,elliptical
235315.jpg,irregular
235316.jpg,irregular
235388.jpg,elliptical
235397.jpg,elliptical
235450.jpg,elliptical
235456.jpg,irregular
235460.jpg,spiral
235499.jpg,spiral
235603.jpg,elliptical
235614.jpg,elliptical
235638.jpg,spiral
235660.jpg,elliptical
235678.jpg,elliptical
235683.jpg,elliptical
235800.jpg,spiral
235828.jpg,elliptical
235883.jpg,elliptical
235918.jpg,elliptical
235968.jpg,elliptical
235981.jpg,elliptical
235986.jpg,elliptical
236075.jpg,irregular
236093.jpg,elliptical
236162.jpg,spiral
236170.jpg,elliptical
236214.jpg,spiral
236236.jpg,irregular
236237.jpg,irregular
236250.jpg,elliptical
236294.jpg,elliptical
236314.jpg,elliptical
236321.jpg,elliptical
236342.jpg,spiral
236345.jpg,spiral
236351.jpg,irregular
236389.jpg,elliptical
236394.jpg,spiral
236441.jpg,elliptical
236456.jpg,elliptical
236485.jpg,spiral
236508.jpg,elliptical
236521.jpg,irregular
236535.jpg,irregular
236552.jpg,elliptical
236563.jpg,irregular
236587.jpg,elliptical
236600.jpg,elliptical
236606.jpg,spiral
236609.jpg,elliptical
236654.jpg,elliptical
236691.jpg,spiral
236700.jpg,elliptical
236702.jpg,irregular
236738.jpg,irregular
236775.jpg,elliptical
236908.jpg,elliptical
236933.jpg,elliptical
236977.jpg,elliptical
236979.jpg,elliptical
237018.jpg,elliptical
237040.jpg,elliptical
237046.jpg,spiral
237065.jpg,spiral
237068.jpg,spiral
237071.jpg,irregular
237113.jpg,elliptical
237147.jpg,spiral
237182.jpg,spiral
237185.jpg,elliptical
237197.jpg,elliptical
237223.jpg,spiral
237255.jpg,elliptical
237291.jpg,spiral
237305.jpg,elliptical
237308.jpg,spiral
237330.jpg,spiral
237332.jpg,elliptical
237356.jpg,elliptical
237382.jpg,elliptical
237389.jpg,irregular
237392.jpg,elliptical
237414.jpg,elliptical
237494.jpg,elliptical
237520.jpg,irregular
237555.jpg,spiral
237653.jpg,spiral
237720.jpg,irregular
237749.jpg,elliptical
237830.jpg,irregular
237851.jpg,spiral
237854.jpg,elliptical
237869.jpg,elliptical
237926.jpg,irregular
237974.jpg,elliptical
237985.jpg,elliptical
237986.jpg,elliptical
237993.jpg,elliptical
237995.jpg,elliptical
237998.jpg,spiral
238006.jpg,elliptical
238062.jpg,spiral
238072.jpg,elliptical
238173.jpg,irregular
238181.jpg,irregular
238211.jpg,elliptical
238233.jpg,elliptical
238235.jpg,elliptical
238247.jpg,elliptical
238257.jpg,spiral
238280.jpg,spiral
238337.jpg,spiral
238357.jpg,spiral
238372.jpg,irregular
238382.jpg,irregular
238413.jpg,spiral
238436.jpg,irregular
238452.jpg,elliptical
238509.jpg,elliptical
238572.jpg,elliptical
238586.jpg,elliptical
238617.jpg,elliptical
238619.jpg,spiral
238666.jpg,elliptical
238668.jpg,irregular
238673.jpg,elliptical
238723.jpg,irregular
238750.jpg,elliptical
238755.jpg,elliptical
238756.jpg,spiral
238789.jpg,elliptical
238795.jpg,irregular
238802.jpg,elliptical
238810.jpg,spiral
238867.jpg,elliptical
238873.jpg,elliptical
238878.jpg,spiral
238899.jpg,elliptical
238901.jpg,irregular
238904.jpg,irregular
238917.jpg,elliptical
238949.jpg,elliptical
239010.jpg,irregular
239090.jpg,spiral
239092.jpg,elliptical
239095.jpg,spiral
239126.jpg,irregular
239135.jpg,irregular
239155.jpg,irregular
239186.jpg,elliptical
239195.jpg,spiral
239214.jpg,spiral
239261.jpg,elliptical
239282.jpg,irregular
239333.jpg,elliptical
239352.jpg,elliptical
239424.jpg,spiral
239443.jpg,elliptical
239463.jpg,spiral
239528.jpg,irregular
239533.jpg,spiral
239563.jpg,irregular
239566.jpg,elliptical
239587.jpg,elliptical
239599.jpg,elliptical
239623.jpg,elliptical
239687.jpg,elliptical
239710.jpg,elliptical
239720.jpg,spiral
239733.jpg,elliptical
239784.jpg,elliptical
239802.jpg,elliptical
239831.jpg,elliptical
239839.jpg,spiral
239843.jpg,irregular
239858.jpg,elliptical
239901.jpg,spiral
239918.jpg,irregular
239920.jpg,elliptical
239937.jpg,elliptical
239943.jpg,elliptical
239945.jpg,elliptical
239946.jpg,elliptical
240021.jpg,elliptical
240040.jpg,elliptical
240041.jpg,irregular
240059.jpg,irregular
240064.jpg,elliptical
240078.jpg,spiral
240079.jpg,irregular
240084.jpg,elliptical
240097.jpg,elliptical
240098.jpg,spiral
240116.jpg,spiral
240121.jpg,elliptical
240152.jpg,irregular
240200.jpg,elliptical
240235.jpg,elliptical
240256.jpg,elliptical
240262.jpg,elliptical
240270.jpg,irregular
240294.jpg,elliptical
240362.jpg,irregular
240373.jpg,irregular
240418.jpg,irregular
240445.jpg,elliptical
240464.jpg,elliptical
240516.jpg,spiral
240518.jpg,elliptical
240526.jpg,irregular
240576.jpg,elliptical
240620.jpg,elliptical
240626.jpg,spiral
240646.jpg,elliptical
240670.jpg,irregular
240671.jpg,spiral
240680.jpg,elliptical
240751.jpg,spiral
240889.jpg,elliptical
240924.jpg,elliptical
240944.jpg,spiral
240952.jpg,elliptical
240976.jpg,elliptical
240984.jpg,elliptical
240991.jpg,spiral
241019.jpg,irregular
241027.jpg,elliptical
241068.jpg,irregular
241103.jpg,elliptical
241124.jpg,elliptical
241130.jpg,irregular
241154.jpg,spiral
241155.jpg,elliptical
241163.jpg,elliptical
241167.jpg,elliptical
241229.jpg,elliptical
241246.jpg,elliptical
241300.jpg,spiral
241331.jpg,elliptical
241348.jpg,elliptical
241372.jpg,spiral
241468.jpg,elliptical
241474.jpg,elliptical
241516.jpg,spiral
241563.jpg,irregular
241581.jpg,spiral
241620.jpg,elliptical
241747.jpg,spiral
241830.jpg,elliptical
241853.jpg,elliptical
241858.jpg,irregular
241867.jpg,elliptical
241877.jpg,elliptical
241901.jpg,spiral
241931.jpg,irregular
241955.jpg,spiral
241964.jpg,irregular
241993.jpg,elliptical
241994.jpg,spiral
242029.jpg,spiral
242032.jpg,irregular
242058.jpg,irregular
242103.jpg,elliptical
242116.jpg,elliptical
242141.jpg,elliptical
242153.jpg,elliptical
242164.jpg,elliptical
242209.jpg,elliptical
242214.jpg,elliptical
242262.jpg,elliptical
242331.jpg,elliptical
242376.jpg,elliptical
242424.jpg,elliptical
242496.jpg,elliptical
242498.jpg,spiral
242504.jpg,elliptical
242525.jpg,spiral
242533.jpg,elliptical
242534.jpg,elliptical
242550.jpg,elliptical
242552.jpg,irregular
242574.jpg,irregular
242607.jpg,spiral
242637.jpg,elliptical
242660.jpg,elliptical
242710.jpg,spiral
242712.jpg,elliptical
242728.jpg,spiral
242739.jpg,spiral
242761.jpg,spiral
242769.jpg,elliptical
242782.jpg,irregular
242816.jpg,spiral
242839.jpg,elliptical
242893.jpg,elliptical
242899.jpg,irregular
242913.jpg,spiral
242925.jpg,elliptical
242944.jpg,spiral
242968.jpg,elliptical
243019.jpg,spiral
243024.jpg,irregular
243066.jpg,elliptical
243106.jpg,elliptical
243126.jpg,elliptical
243137.jpg,spiral
243145.jpg,spiral
243146.jpg,irregular
243150.jpg,elliptical
243157.jpg,spiral
243170.jpg,elliptical
243201.jpg,spiral
243207.jpg,elliptical
243217.jpg,elliptical
243259.jpg,spiral
243271.jpg,elliptical
243286.jpg,elliptical
243330.jpg,elliptical
243336.jpg,elliptical
243369.jpg,spiral
243392.jpg,elliptical
243418.jpg,spiral
243426.jpg,elliptical
243483.jpg,elliptical
243514.jpg,spiral
243519.jpg,irregular
243538.jpg,spiral
243547.jpg,spiral
243570.jpg,elliptical
243581.jpg,irregular
243667.jpg,irregular
243770.jpg,elliptical
243771.jpg,elliptical
243797.jpg,elliptical
243868.jpg,elliptical
243869.jpg,irregular
243885.jpg,elliptical
243888.jpg,elliptical
243894.jpg,spiral
243925.jpg,elliptical
243939.jpg,elliptical
243950.jpg,spiral
243953.jpg,elliptical
244010.jpg,elliptical
244055.jpg,elliptical
244072.jpg,elliptical
244075.jpg,irregular
244081.jpg,spiral
244108.jpg,spiral
244114.jpg,irregular
244144.jpg,elliptical
244157.jpg,elliptical
244171.jpg,irregular
244192.jpg,elliptical
244200.jpg,elliptical
244224.jpg,irregular
244228.jpg,irregular
244240.jpg,elliptical
244264.jpg,elliptical
244272.jpg,elliptical
244293.jpg,irregular
244304.jpg,irregular
244327.jpg,elliptical
244335.jpg,elliptical
244346.jpg,spiral
244360.jpg,irregular
244361.jpg,elliptical
244369.jpg,elliptical
244389.jpg,elliptical
244406.jpg,elliptical
244442.jpg,spiral
244467.jpg,elliptical
244468.jpg,elliptical
244469.jpg,elliptical
244474.jpg,irregular
244523.jpg,spiral
244598.jpg,elliptical
244636.jpg,irregular
244641.jpg,elliptical
244665.jpg,elliptical
244677.jpg,spiral
244690.jpg,elliptical
244691.jpg,elliptical
244714.jpg,irregular
244724.jpg,elliptical
244734.jpg,elliptical
244758.jpg,spiral
244763.jpg,elliptical
244779.jpg,irregular
244802.jpg,elliptical
244823.jpg,irregular
244845.jpg,elliptical
244880.jpg,spiral
244906.jpg,elliptical
244928.jpg,irregular
244949.jpg,elliptical
244955.jpg,elliptical
244983.jpg,irregular
245052.jpg,elliptical
245108.jpg,elliptical
245110.jpg,elliptical
245129.jpg,elliptical
245207.jpg,elliptical
245249.jpg,irregular
245275.jpg,irregular
245293.jpg,elliptical
245294.jpg,elliptical
245304.jpg,elliptical
245306.jpg,spiral
245307.jpg,elliptical
245320.jpg,spiral
245347.jpg,spiral
245390.jpg,elliptical
245397.jpg,spiral
245461.jpg,elliptical
245487.jpg,elliptical
245515.jpg,spiral
245531.jpg,spiral
245538.jpg,elliptical
245549.jpg,spiral
245567.jpg,elliptical
245568.jpg,elliptical
245587.jpg,irregular
245594.jpg,elliptical
245609.jpg,elliptical
245617.jpg,irregular
245629.jpg,elliptical
245661.jpg,spiral
245677.jpg,elliptical
245690.jpg,spiral
245728.jpg,spiral
245733.jpg,irregular
245759.jpg,elliptical
245773.jpg,spiral
245776.jpg,elliptical
245825.jpg,elliptical
245835.jpg,elliptical
245884.jpg,elliptical
245887.jpg,irregular
245898.jpg,spiral
245948.jpg,elliptical
245954.jpg,elliptical
245955.jpg,elliptical
245968.jpg,elliptical
245977.jpg,spiral
245983.jpg,elliptical
245993.jpg,elliptical
246004.jpg,spiral
246013.jpg,irregular
246019.jpg,elliptical
246030.jpg,elliptical
246037.jpg,elliptical
246066.jpg,irregular
246120.jpg,elliptical
246125.jpg,irregular
246140.jpg,elliptical
246162.jpg,irregular
246163.jpg,elliptical
246203.jpg,elliptical
246214.jpg,spiral
246232.jpg,elliptical
246272.jpg,elliptical
246300.jpg,irregular
246347.jpg,spiral
246351.jpg,irregular
246372.jpg,spiral
246379.jpg,spiral
246428.jpg,elliptical
246457.jpg,spiral
246476.jpg,irregular
246504.jpg,spiral
246526.jpg,elliptical
246529.jpg,elliptical
246550.jpg,spiral
246556.jpg,elliptical
246598.jpg,elliptical
246623.jpg,irregular
246642.jpg,spiral
246646.jpg,elliptical
246658.jpg,elliptical
246726.jpg,elliptical
246729.jpg,irregular
246739.jpg,spiral
246741.jpg,elliptical
246754.jpg,elliptical
246763.jpg,elliptical
246785.jpg,spiral
246804.jpg,elliptical
246821.jpg,elliptical
246835.jpg,spiral
246866.jpg,spiral
246883.jpg,spiral
246909.jpg,spiral
246967.jpg,elliptical
246971.jpg,elliptical
247064.jpg,elliptical
247122.jpg,irregular
247147.jpg,elliptical
247173.jpg,elliptical
247201.jpg,irregular
247242.jpg,irregular
247287.jpg,elliptical
247309.jpg,spiral
247310.jpg,spiral
247318.jpg,elliptical
247326.jpg,irregular
247343.jpg,elliptical
247347.jpg,elliptical
247362.jpg,irregular
247373.jpg,elliptical
247440.jpg,irregular
247473.jpg,elliptical
247475.jpg,elliptical
247491.jpg,elliptical
247522.jpg,elliptical
247542.jpg,elliptical
247569.jpg,elliptical
247582.jpg,elliptical
247589.jpg,elliptical
247610.jpg,elliptical
247653.jpg,irregular
247659.jpg,spiral
247660.jpg,elliptical
247692.jpg,elliptical
247715.jpg,elliptical
247759.jpg,spiral
247783.jpg,elliptical
247801.jpg,elliptical
247807.jpg,elliptical
247822.jpg,spiral
247865.jpg,elliptical
247897.jpg,elliptical
247926.jpg,elliptical
247999.jpg,elliptical
248015.jpg,spiral
248017.jpg,elliptical
248025.jpg,spiral
248103.jpg,irregular
248112.jpg,elliptical
248160.jpg,elliptical
248199.jpg,elliptical
248209.jpg,elliptical
248228.jpg,irregular
248245.jpg,elliptical
248260.jpg,spiral
248289.jpg,elliptical
248308.jpg,spiral
248315.jpg,elliptical
248344.jpg,elliptical
248431.jpg,spiral
248461.jpg,spiral
248471.jpg,elliptical
248516.jpg,elliptical
248527.jpg,elliptical
248562.jpg,irregular
248566.jpg,elliptical
248569.jpg,elliptical
248570.jpg,elliptical
248586.jpg,elliptical
248602.jpg,elliptical
248619.jpg,irregular
248622.jpg,elliptical
248657.jpg,elliptical
248672.jpg,elliptical
248685.jpg,spiral
248686.jpg,elliptical
248722.jpg,irregular
248738.jpg,spiral
248792.jpg,spiral
248808.jpg,irregular
248826.jpg,irregular
248829.jpg,spiral
248841.jpg,spiral
248850.jpg,irregular
248863.jpg,elliptical
248877.jpg,spiral
248881.jpg,elliptical
248887.jpg,elliptical
248898.jpg,elliptical
248942.jpg,elliptical
248949.jpg,irregular
248967.jpg,spiral
248978.jpg,elliptical
249000.jpg,irregular
249056.jpg,elliptical
249060.jpg,elliptical
249072.jpg,elliptical
249105.jpg,irregular
249117.jpg,elliptical
249143.jpg,elliptical
249160.jpg,spiral
249199.jpg,elliptical
249253.jpg,elliptical
249273.jpg,spiral
249279.jpg,elliptical
249292.jpg,spiral
249299.jpg,irregular
249344.jpg,irregular
249346.jpg,spiral
249378.jpg,irregular
249382.jpg,elliptical
249384.jpg,irregular
249404.jpg,irregular
249439.jpg,irregular
249466.jpg,irregular
249479.jpg,elliptical
249497.jpg,elliptical
249498.jpg,irregular
249504.jpg,elliptical
249507.jpg,elliptical
249513.jpg,irregular
249550.jpg,spiral
249588.jpg,elliptical
249593.jpg,elliptical
249603.jpg,elliptical
249629.jpg,spiral
249665.jpg,irregular
249670.jpg,spiral
249677.jpg,spiral
249681.jpg,elliptical
249694.jpg,elliptical
249699.jpg,elliptical
249706.jpg,spiral
249740.jpg,elliptical
249774.jpg,elliptical
249785.jpg,elliptical
249816.jpg,irregular
249825.jpg,elliptical
249838.jpg,elliptical
249883.jpg,elliptical
249907.jpg,irregular
250039.jpg,elliptical
250068.jpg,elliptical
250094.jpg,spiral
250135.jpg,elliptical
250143.jpg,elliptical
250190.jpg,elliptical
250204.jpg,irregular
250209.jpg,elliptical
250233.jpg,elliptical
250239.jpg,spiral
250250.jpg,irregular
250262.jpg,elliptical
250359.jpg,elliptical
250366.jpg,elliptical
250479.jpg,elliptical
250520.jpg,elliptical
250526.jpg,spiral
250536.jpg,irregular
250537.jpg,elliptical
250585.jpg,elliptical
250618.jpg,elliptical
250621.jpg,elliptical
250629.jpg,spiral
250653.jpg,elliptical
250664.jpg,spiral
250671.jpg,elliptical
250707.jpg,elliptical
250785.jpg,elliptical
250849.jpg,elliptical
250866.jpg,irregular
250868.jpg,irregular
250886.jpg,irregular
250905.jpg,irregular
250940.jpg,elliptical
250950.jpg,elliptical
250958.jpg,elliptical
250967.jpg,elliptical
251014.jpg,spiral
251049.jpg,spiral
251081.jpg,elliptical
251082.jpg,elliptical
251158.jpg,elliptical
251271.jpg,elliptical
251289.jpg,irregular
251305.jpg,elliptical
251353.jpg,elliptical
251371.jpg,irregular
251373.jpg,elliptical
251384.jpg,elliptical
251403.jpg,irregular
251434.jpg,elliptical
251453.jpg,elliptical
251469.jpg,spiral
251494.jpg,irregular
251517.jpg,elliptical
251544.jpg,spiral
251565.jpg,elliptical
251593.jpg,elliptical
251599.jpg,spiral
251622.jpg,irregular
251624.jpg,irregular
251630.jpg,spiral
251631.jpg,elliptical
251645.jpg,elliptical
251650.jpg,elliptical
251660.jpg,spiral
251690.jpg,elliptical
251715.jpg,elliptical
251729.jpg,elliptical
251803.jpg,elliptical
251819.jpg,elliptical
251841.jpg,spiral
251848.jpg,elliptical
251892.jpg,elliptical
251898.jpg,spiral
251899.jpg,irregular
251918.jpg,irregular
251931.jpg,elliptical
251951.jpg,irregular
251962.jpg,spiral
252003.jpg,elliptical
252023.jpg,spiral
252025.jpg,elliptical
252057.jpg,elliptical
252068.jpg,elliptical
252083.jpg,irregular
252128.jpg,spiral
252132.jpg,elliptical
252160.jpg,elliptical
252161.jpg,elliptical
252228.jpg,irregular
252265.jpg,elliptical
252289.jpg,elliptical
252292.jpg,elliptical
252353.jpg,irregular
252357.jpg,spiral
252388.jpg,spiral
252413.jpg,elliptical
252431.jpg,elliptical
252443.jpg,elliptical
252456.jpg,spiral
252478.jpg,elliptical
252485.jpg,elliptical
252509.jpg,elliptical
252515.jpg,spiral
252522.jpg,elliptical
252538.jpg,elliptical
252542.jpg,elliptical
252576.jpg,spiral
252609.jpg,spiral
252627.jpg,elliptical
252628.jpg,elliptical
252631.jpg,spiral
252659.jpg,elliptical
252678.jpg,elliptical
252728.jpg,elliptical
252786.jpg,elliptical
252840.jpg,spiral
252854.jpg,elliptical
252876.jpg,spiral
252930.jpg,irregular
252975.jpg,spiral
252982.jpg,irregular
252991.jpg,elliptical
253006.jpg,elliptical
253007.jpg,elliptical
253030.jpg,spiral
253033.jpg,spiral
253034.jpg,irregular
253042.jpg,elliptical
253075.jpg,elliptical
253086.jpg,elliptical
253088.jpg,spiral
253130.jpg,spiral
253159.jpg,irregular
253165.jpg,elliptical
253216.jpg,elliptical
253221.jpg,elliptical
253231.jpg,elliptical
253237.jpg,spiral
253265.jpg,elliptical
253330.jpg,elliptical
253360.jpg,spiral
253372.jpg,elliptical
253423.jpg,spiral
253448.jpg,elliptical
253468.jpg,elliptical
253487.jpg,elliptical
253499.jpg,spiral
253500.jpg,elliptical
253547.jpg,elliptical
253548.jpg,elliptical
253566.jpg,irregular
253611.jpg,elliptical
253612.jpg,elliptical
253618.jpg,elliptical
253637.jpg,elliptical
253660.jpg,elliptical
253668.jpg,spiral
253670.jpg,spiral
253682.jpg,elliptical
253687.jpg,elliptical
253727.jpg,elliptical
253772.jpg,elliptical
253822.jpg,spiral
253839.jpg,elliptical
253863.jpg,irregular
253899.jpg,elliptical
253934.jpg,irregular
253957.jpg,irregular
253963.jpg,spiral
253965.jpg,spiral
253978.jpg,elliptical
253981.jpg,irregular
253999.jpg,elliptical
254003.jpg,elliptical
254009.jpg,irregular
254020.jpg,elliptical
254118.jpg,elliptical
254134.jpg,elliptical
254165.jpg,elliptical
254174.jpg,irregular
254190.jpg,spiral
254196.jpg,elliptical
254202.jpg,elliptical
254225.jpg,elliptical
254239.jpg,spiral
254297.jpg,irregular
254300.jpg,irregular
254345.jpg,elliptical
254349.jpg,irregular
254354.jpg,elliptical
254383.jpg,irregular
254389.jpg,elliptical
254393.jpg,elliptical
254412.jpg,elliptical
254572.jpg,elliptical
254614.jpg,elliptical
254673.jpg,elliptical
254695.jpg,elliptical
254710.jpg,elliptical
254727.jpg,irregular
254731.jpg,elliptical
254746.jpg,spiral
254773.jpg,spiral
254812.jpg,spiral
254821.jpg,elliptical
254825.jpg,elliptical
254870.jpg,elliptical
254959.jpg,elliptical
255042.jpg,spiral
255055.jpg,elliptical
255141.jpg,irregular
255143.jpg,spiral
255144.jpg,elliptical
255163.jpg,elliptical
255185.jpg,elliptical
255311.jpg,elliptical
255316.jpg,elliptical
255337.jpg,elliptical
255386.jpg,elliptical
255407.jpg,spiral
255438.jpg,elliptical
255443.jpg,elliptical
255455.jpg,elliptical
255469.jpg,elliptical
255484.jpg,spiral
255489.jpg,elliptical
255538.jpg,elliptical
255550.jpg,irregular
255565.jpg,elliptical
255637.jpg,irregular
255646.jpg,spiral
255659.jpg,elliptical
255681.jpg,spiral
255717.jpg,spiral
255729.jpg,elliptical
255771.jpg,spiral
255785.jpg,irregular
255808.jpg,elliptical
255820.jpg,spiral
255877.jpg,elliptical
255882.jpg,elliptical
255889.jpg,elliptical
255898.jpg,spiral
255917.jpg,elliptical
255928.jpg,spiral
255961.jpg,elliptical
255968.jpg,irregular
256000.jpg,spiral
256015.jpg,irregular
256050.jpg,irregular
256061.jpg,irregular
256118.jpg,irregular
256123.jpg,spiral
256130.jpg,elliptical
256141.jpg,elliptical
256151.jpg,elliptical
256166.jpg,elliptical
256185.jpg,irregular
256192.jpg,elliptical
256208.jpg,spiral
256211.jpg,irregular
256214.jpg,elliptical
256290.jpg,elliptical
256294.jpg,elliptical
256346.jpg,elliptical
256376.jpg,spiral
256394.jpg,irregular
256490.jpg,irregular
256544.jpg,elliptical
256547.jpg,elliptical
256571.jpg,irregular
256631.jpg,elliptical
256632.jpg,elliptical
256634.jpg,spiral
256673.jpg,spiral
256698.jpg,spiral
256733.jpg,spiral
256749.jpg,elliptical
256765.jpg,elliptical
256809.jpg,spiral
256823.jpg,elliptical
256847.jpg,elliptical
256867.jpg,elliptical
256877.jpg,elliptical
256886.jpg,elliptical
256926.jpg,spiral
256955.jpg,irregular
256983.jpg,elliptical
257059.jpg,elliptical
257061.jpg,elliptical
257076.jpg,elliptical
257150.jpg,elliptical
257151.jpg,elliptical
257157.jpg,elliptical
257192.jpg,spiral
257193.jpg,irregular
257230.jpg,elliptical
257285.jpg,irregular
257296.jpg,spiral
257299.jpg,elliptical
257327.jpg,elliptical
257333.jpg,elliptical
257339.jpg,elliptical
257350.jpg,irregular
257364.jpg,irregular
257376.jpg,elliptical
257384.jpg,irregular
257388.jpg,spiral
257394.jpg,elliptical
257441.jpg,irregular
257447.jpg,spiral
257471.jpg,elliptical
257490.jpg,irregular
257507.jpg,elliptical
257529.jpg,elliptical
257573.jpg,irregular
257587.jpg,elliptical
257598.jpg,elliptical
257627.jpg,elliptical
257645.jpg,spiral
257671.jpg,irregular
257695.jpg,elliptical
257708.jpg,elliptical
257718.jpg,spiral
257724.jpg,elliptical
257741.jpg,elliptical
257746.jpg,spiral
257768.jpg,irregular
257786.jpg,spiral
257802.jpg,elliptical
257845.jpg,elliptical
257900.jpg,spiral
257929.jpg,elliptical
257944.jpg,elliptical
257953.jpg,elliptical
257962.jpg,elliptical
257992.jpg,spiral
258012.jpg,irregular
258026.jpg,elliptical
258044.jpg,irregular
258062.jpg,irregular
258064.jpg,irregular
258068.jpg,spiral
258144.jpg,elliptical
258155.jpg,irregular
258159.jpg,elliptical
258162.jpg,elliptical
258179.jpg,spiral
258216.jpg,spiral
258217.jpg,irregular
258220.jpg,irregular
258300.jpg,irregular
258308.jpg,elliptical
258324.jpg,elliptical
258342.jpg,elliptical
258374.jpg,spiral
258404.jpg,elliptical
258421.jpg,elliptical
258491.jpg,elliptical
258512.jpg,spiral
258519.jpg,spiral
258544.jpg,elliptical
258565.jpg,elliptical
258575.jpg,elliptical
258576.jpg,irregular
258610.jpg,irregular
258618.jpg,elliptical
258646.jpg,irregular
258651.jpg,spiral
258667.jpg,elliptical
258701.jpg,spiral
258722.jpg,spiral
258735.jpg,elliptical
258736.jpg,spiral
258745.jpg,elliptical
258777.jpg,elliptical
258817.jpg,elliptical
258843.jpg,elliptical
258848.jpg,spiral
258911.jpg,elliptical
258958.jpg,spiral
258988.jpg,elliptical
259005.jpg,elliptical
259016.jpg,spiral
259018.jpg,spiral
259097.jpg,elliptical
259107.jpg,elliptical
259182.jpg,irregular
259188.jpg,spiral
259228.jpg,elliptical
259237.jpg,irregular
259239.jpg,elliptical
259256.jpg,elliptical
259268.jpg,irregular
259276.jpg,spiral
259285.jpg,elliptical
259294.jpg,elliptical
259324.jpg,elliptical
259386.jpg,elliptical
259395.jpg,elliptical
259416.jpg,elliptical
259439.jpg,spiral
259489.jpg,irregular
259492.jpg,spiral
259496.jpg,elliptical
259498.jpg,elliptical
259531.jpg,elliptical
259533.jpg,elliptical
259541.jpg,elliptical
259547.jpg,elliptical
259558.jpg,elliptical
259607.jpg,irregular
259610.jpg,irregular
259662.jpg,elliptical
259667.jpg,elliptical
259670.jpg,elliptical
259679.jpg,spiral
259687.jpg,elliptical
259693.jpg,irregular
259710.jpg,irregular
259725.jpg,spiral
259730.jpg,elliptical
259801.jpg,elliptical
259803.jpg,elliptical
259845.jpg,spiral
259855.jpg,spiral
259856.jpg,irregular
259939.jpg,elliptical
259963.jpg,elliptical
259973.jpg,irregular
259990.jpg,elliptical
259993.jpg,elliptical
260006.jpg,irregular
260055.jpg,elliptical
260077.jpg,spiral
260142.jpg,elliptical
260156.jpg,elliptical
260158.jpg,elliptical
260175.jpg,irregular
260195.jpg,elliptical
260217.jpg,elliptical
260228.jpg,elliptical
260245.jpg,elliptical
260268.jpg,elliptical
260282.jpg,elliptical
260287.jpg,spiral
260301.jpg,irregular
260311.jpg,elliptical
260317.jpg,elliptical
260335.jpg,elliptical
260342.jpg,elliptical
260360.jpg,elliptical
260413.jpg,elliptical
260438.jpg,elliptical
260446.jpg,elliptical
260502.jpg,spiral
260533.jpg,irregular
260554.jpg,spiral
260606.jpg,elliptical
260637.jpg,irregular
260645.jpg,elliptical
260678.jpg,elliptical
260719.jpg,elliptical
260746.jpg,irregular
260779.jpg,elliptical
260789.jpg,elliptical
260821.jpg,elliptical
260832.jpg,irregular
260855.jpg,elliptical
260893.jpg,spiral
260911.jpg,irregular
260918.jpg,elliptical
260941.jpg,irregular
260961.jpg,elliptical
260977.jpg,spiral
261007.jpg,spiral
261049.jpg,elliptical
261056.jpg,elliptical
261069.jpg,elliptical
261084.jpg,elliptical
261097.jpg,irregular
261102.jpg,irregular
261117.jpg,elliptical
261121.jpg,elliptical
261126.jpg,irregular
261131.jpg,elliptical
261150.jpg,spiral
261163.jpg,elliptical
261196.jpg,irregular
261204.jpg,elliptical
261213.jpg,elliptical
261225.jpg,elliptical
261294.jpg,irregular
261311.jpg,elliptical
261313.jpg,irregular
261316.jpg,elliptical
261333.jpg,spiral
261356.jpg,spiral
261411.jpg,elliptical
261414.jpg,elliptical
261456.jpg,elliptical
261478.jpg,elliptical
261491.jpg,elliptical
261492.jpg,spiral
261497.jpg,elliptical
261506.jpg,elliptical
261518.jpg,elliptical
261524.jpg,elliptical
261568.jpg,elliptical
261585.jpg,irregular
261667.jpg,elliptical
261699.jpg,elliptical
261770.jpg,elliptical
261774.jpg,elliptical
261779.jpg,elliptical
261830.jpg,elliptical
261868.jpg,spiral
261871.jpg,elliptical
261909.jpg,elliptical
261989.jpg,elliptical
262000.jpg,irregular
262075.jpg,elliptical
262078.jpg,irregular
262114.jpg,irregular
262140.jpg,elliptical
262160.jpg,elliptical
262179.jpg,irregular
262200.jpg,spiral
262225.jpg,elliptical
262227.jpg,irregular
262253.jpg,irregular
262291.jpg,irregular
262313.jpg,irregular
262413.jpg,elliptical
262421.jpg,elliptical
262429.jpg,elliptical
262430.jpg,elliptical
262436.jpg,elliptical
262454.jpg,elliptical
262505.jpg,elliptical
262527.jpg,elliptical
262529.jpg,irregular
262532.jpg,elliptical
262534.jpg,elliptical
262553.jpg,elliptical
262561.jpg,elliptical
262580.jpg,elliptical
262584.jpg,irregular
262614.jpg,elliptical
262619.jpg,elliptical
262622.jpg,elliptical
262642.jpg,elliptical
262652.jpg,irregular
262671.jpg,spiral
262672.jpg,elliptical
262689.jpg,elliptical
262725.jpg,elliptical
262766.jpg,spiral
262781.jpg,elliptical
262792.jpg,elliptical
262795.jpg,elliptical
262829.jpg,elliptical
262833.jpg,elliptical
262876.jpg,elliptical
262895.jpg,elliptical
262909.jpg,irregular
262986.jpg,elliptical
263013.jpg,elliptical
263047.jpg,elliptical
263077.jpg,irregular
263110.jpg,spiral
263124.jpg,irregular
263138.jpg,elliptical
263148.jpg,elliptical
263204.jpg,irregular
263234.jpg,elliptical
263310.jpg,elliptical
263324.jpg,irregular
263355.jpg,elliptical
263366.jpg,irregular
263407.jpg,irregular
263451.jpg,elliptical
263489.jpg,irregular
263521.jpg,spiral
263526.jpg,elliptical
263533.jpg,elliptical
263554.jpg,elliptical
263570.jpg,elliptical
263583.jpg,spiral
263649.jpg,elliptical
263679.jpg,elliptical
263699.jpg,irregular
263706.jpg,spiral
263758.jpg,spiral
263804.jpg,irregular
263848.jpg,elliptical
263861.jpg,elliptical
263885.jpg,spiral
263896.jpg,elliptical
263920.jpg,spiral
263941.jpg,elliptical
263952.jpg,elliptical
263993.jpg,spiral
264010.jpg,spiral
264019.jpg,irregular
264023.jpg,elliptical
264035.jpg,elliptical
264080.jpg,spiral
264150.jpg,elliptical
264175.jpg,elliptical
264179.jpg,elliptical
264191.jpg,elliptical
264196.jpg,irregular
264210.jpg,spiral
264212.jpg,elliptical
264213.jpg,elliptical
264218.jpg,elliptical
264244.jpg,elliptical
264249.jpg,irregular
264256.jpg,elliptical
264286.jpg,elliptical
264294.jpg,irregular
264391.jpg,elliptical
264407.jpg,elliptical
264417.jpg,elliptical
264420.jpg,elliptical
264423.jpg,elliptical
264437.jpg,elliptical
264441.jpg,spiral
264456.jpg,elliptical
264470.jpg,elliptical
264491.jpg,irregular
264534.jpg,irregular
264538.jpg,irregular
264541.jpg,spiral
264547.jpg,elliptical
264565.jpg,elliptical
264598.jpg,irregular
264612.jpg,elliptical
264624.jpg,irregular
264631.jpg,elliptical
264653.jpg,elliptical
264675.jpg,spiral
264683.jpg,elliptical
264690.jpg,spiral
264706.jpg,elliptical
264734.jpg,elliptical
264748.jpg,irregular
264814.jpg,irregular
264835.jpg,elliptical
264837.jpg,irregular
264853.jpg,elliptical
264860.jpg,irregular
264890.jpg,elliptical
264928.jpg,irregular
264941.jpg,elliptical
264985.jpg,elliptical
264992.jpg,elliptical
264997.jpg,elliptical
265003.jpg,elliptical
265007.jpg,spiral
265010.jpg,irregular
265014.jpg,elliptical
265015.jpg,spiral
265038.jpg,elliptical
265059.jpg,irregular
265063.jpg,elliptical
265076.jpg,elliptical
265087.jpg,spiral
265101.jpg,elliptical
265107.jpg,elliptical
265111.jpg,elliptical
265149.jpg,elliptical
265154.jpg,elliptical
265184.jpg,elliptical
265201.jpg,elliptical
265202.jpg,elliptical
265206.jpg,irregular
265232.jpg,elliptical
265234.jpg,elliptical
265239.jpg,elliptical
265258.jpg,irregular
265305.jpg,spiral
265353.jpg,spiral
265354.jpg,elliptical
265367.jpg,irregular
265380.jpg,irregular
265410.jpg,elliptical
265471.jpg,elliptical
265478.jpg,spiral
265480.jpg,spiral
265483.jpg,irregular
265497.jpg,spiral
265539.jpg,spiral
265561.jpg,elliptical
265598.jpg,elliptical
265610.jpg,elliptical
265612.jpg,irregular
265629.jpg,elliptical
265636.jpg,elliptical
265653.jpg,elliptical
265661.jpg,irregular
265705.jpg,elliptical
265709.jpg,elliptical
265734.jpg,elliptical
265769.jpg,elliptical
265777.jpg,spiral
265778.jpg,spiral
265826.jpg,spiral
265833.jpg,elliptical
265884.jpg,elliptical
265895.jpg,elliptical
265902.jpg,elliptical
265933.jpg,elliptical
265949.jpg,irregular
265990.jpg,elliptical
266019.jpg,irregular
266035.jpg,irregular
266051.jpg,elliptical
266092.jpg,elliptical
266120.jpg,elliptical
266166.jpg,irregular
266171.jpg,elliptical
266232.jpg,spiral
266256.jpg,elliptical
266283.jpg,irregular
266328.jpg,irregular
266331.jpg,elliptical
266335.jpg,elliptical
266370.jpg,spiral
266377.jpg,spiral
266389.jpg,elliptical
266410.jpg,irregular
266419.jpg,elliptical
266446.jpg,spiral
266449.jpg,spiral
266461.jpg,spiral
266489.jpg,irregular
266514.jpg,spiral
266517.jpg,elliptical
266531.jpg,elliptical
266534.jpg,elliptical
266537.jpg,spiral
266571.jpg,elliptical
266605.jpg,elliptical
266606.jpg,elliptical
266613.jpg,elliptical
266633.jpg,elliptical
266661.jpg,elliptical
266681.jpg,elliptical
266700.jpg,elliptical
266704.jpg,elliptical
266732.jpg,elliptical
266751.jpg,elliptical
266823.jpg,irregular
266824.jpg,irregular
266830.jpg,elliptical
266841.jpg,elliptical
266843.jpg,elliptical
266859.jpg,spiral
266874.jpg,elliptical
266878.jpg,elliptical
266884.jpg,elliptical
266898.jpg,elliptical
266920.jpg,spiral
266926.jpg,elliptical
266930.jpg,elliptical
266981.jpg,spiral
267006.jpg,spiral
267015.jpg,elliptical
267016.jpg,elliptical
267074.jpg,irregular
267130.jpg,irregular
267137.jpg,elliptical
267163.jpg,elliptical
267191.jpg,elliptical
267201.jpg,elliptical
267205.jpg,irregular
267242.jpg,elliptical
267293.jpg,elliptical
267301.jpg,elliptical
267363.jpg,spiral
267375.jpg,elliptical
267394.jpg,irregular
267396.jpg,irregular
267421.jpg,irregular
267430.jpg,elliptical
267435.jpg,elliptical
267452.jpg,elliptical
267486.jpg,elliptical
267519.jpg,irregular
267579.jpg,elliptical
267604.jpg,irregular
267631.jpg,elliptical
267633.jpg,elliptical
267641.jpg,elliptical
267677.jpg,elliptical
267724.jpg,irregular
267759.jpg,spiral
267762.jpg,elliptical
267783.jpg,elliptical
267802.jpg,spiral
267842.jpg,elliptical
267853.jpg,irregular
267857.jpg,elliptical
267900.jpg,elliptical
267934.jpg,spiral
267936.jpg,spiral
268009.jpg,elliptical
268055.jpg,elliptical
268081.jpg,irregular
268106.jpg,elliptical
268135.jpg,elliptical
268144.jpg,elliptical
268179.jpg,irregular
268180.jpg,irregular
268207.jpg,elliptical
268214.jpg,elliptical
268263.jpg,spiral
268278.jpg,elliptical
268290.jpg,irregular
268349.jpg,irregular
268388.jpg,elliptical
268427.jpg,elliptical
268467.jpg,irregular
268496.jpg,spiral
268508.jpg,irregular
268516.jpg,irregular
268519.jpg,spiral
268530.jpg,irregular
268531.jpg,spiral
268532.jpg,spiral
268542.jpg,spiral
268571.jpg,elliptical
268606.jpg,irregular
268659.jpg,elliptical
268672.jpg,spiral
268692.jpg,elliptical
268697.jpg,elliptical
268712.jpg,spiral
268802.jpg,elliptical
268859.jpg,spiral
268864.jpg,irregular
268866.jpg,spiral
268915.jpg,elliptical
268934.jpg,spiral
268974.jpg,irregular
268978.jpg,elliptical
269013.jpg,irregular
269051.jpg,spiral
269105.jpg,irregular
269129.jpg,irregular
269209.jpg,elliptical
269224.jpg,elliptical
269231.jpg,irregular
269249.jpg,spiral
269261.jpg,spiral
269266.jpg,elliptical
269273.jpg,irregular
269284.jpg,elliptical
269287.jpg,elliptical
269291.jpg,elliptical
269294.jpg,spiral
269330.jpg,elliptical
269377.jpg,irregular
269383.jpg,elliptical
269388.jpg,spiral
269449.jpg,irregular
269477.jpg,elliptical
269479.jpg,elliptical
269529.jpg,irregular
269536.jpg,irregular
269540.jpg,elliptical
269547.jpg,irregular
269555.jpg,irregular
269635.jpg,elliptical
269641.jpg,elliptical
269655.jpg,spiral
269665.jpg,spiral
269671.jpg,spiral
269734.jpg,elliptical
269736.jpg,spiral
269744.jpg,spiral
269751.jpg,elliptical
269757.jpg,elliptical
269791.jpg,irregular
269847.jpg,irregular
269915.jpg,irregular
269917.jpg,irregular
269935.jpg,elliptical
269969.jpg,elliptical
269975.jpg,elliptical
269981.jpg,spiral
270001.jpg,elliptical
270004.jpg,elliptical
270005.jpg,elliptical
270016.jpg,elliptical
270033.jpg,irregular
270036.jpg,elliptical
270091.jpg,irregular
270092.jpg,elliptical
270114.jpg,spiral
270149.jpg,spiral
270178.jpg,elliptical
270204.jpg,spiral
270240.jpg,elliptical
270259.jpg,spiral
270278.jpg,irregular
270279.jpg,elliptical
270286.jpg,elliptical
270351.jpg,elliptical
270361.jpg,irregular
270383.jpg,spiral
270397.jpg,elliptical
270431.jpg,elliptical
270478.jpg,elliptical
270483.jpg,spiral
270494.jpg,elliptical
270510.jpg,irregular
270543.jpg,irregular
270581.jpg,elliptical
270584.jpg,elliptical
270618.jpg,elliptical
270637.jpg,elliptical
270654.jpg,elliptical
270655.jpg,irregular
270716.jpg,spiral
270734.jpg,spiral
270766.jpg,elliptical
270785.jpg,spiral
270787.jpg,spiral
270808.jpg,elliptical
270840.jpg,irregular
270845.jpg,irregular
270848.jpg,spiral
270851.jpg,spiral
270877.jpg,elliptical
270913.jpg,irregular
270921.jpg,irregular
270975.jpg,elliptical
270977.jpg,irregular
271024.jpg,elliptical
271055.jpg,irregular
271069.jpg,elliptical
271071.jpg,elliptical
271087.jpg,elliptical
271112.jpg,elliptical
271138.jpg,elliptical
271163.jpg,elliptical
271173.jpg,spiral
271177.jpg,elliptical
271189.jpg,elliptical
271191.jpg,irregular
271228.jpg,spiral
271229.jpg,spiral
271251.jpg,elliptical
271292.jpg,spiral
271310.jpg,elliptical
271339.jpg,elliptical
271341.jpg,irregular
271342.jpg,elliptical
271349.jpg,elliptical
271381.jpg,irregular
271385.jpg,spiral
271409.jpg,elliptical
271441.jpg,spiral
271466.jpg,elliptical
271529.jpg,elliptical
271562.jpg,elliptical
271587.jpg,spiral
271648.jpg,spiral
271663.jpg,spiral
271673.jpg,elliptical
271676.jpg,elliptical
271766.jpg,irregular
271823.jpg,spiral
271828.jpg,elliptical
271851.jpg,elliptical
271900.jpg,elliptical
271921.jpg,elliptical
271925.jpg,spiral
271932.jpg,elliptical
271943.jpg,irregular
271946.jpg,elliptical
271982.jpg,spiral
272002.jpg,spiral
272005.jpg,spiral
272033.jpg,irregular
272059.jpg,irregular
272061.jpg,irregular
272106.jpg,elliptical
272198.jpg,elliptical
272215.jpg,spiral
272221.jpg,spiral
272351.jpg,elliptical
272353.jpg,spiral
272366.jpg,irregular
272381.jpg,elliptical
272454.jpg,irregular
272468.jpg,spiral
272487.jpg,elliptical
272500.jpg,elliptical
272525.jpg,irregular
272533.jpg,elliptical
272541.jpg,spiral
272615.jpg,elliptical
272633.jpg,elliptical
272641.jpg,spiral
272665.jpg,elliptical
272712.jpg,elliptical
272733.jpg,elliptical
272736.jpg,elliptical
272737.jpg,elliptical
272744.jpg,elliptical
272754.jpg,irregular
272807.jpg,elliptical
272816.jpg,elliptical
272818.jpg,elliptical
272842.jpg,elliptical
272862.jpg,irregular
272909.jpg,elliptical
272946.jpg,spiral
272947.jpg,spiral
272964.jpg,elliptical
272997.jpg,elliptical
273011.jpg,irregular
273026.jpg,spiral
273093.jpg,elliptical
273100.jpg,spiral
273118.jpg,spiral
273165.jpg,elliptical
273171.jpg,elliptical
273215.jpg,spiral
273231.jpg,spiral
273244.jpg,elliptical
273278.jpg,spiral
273329.jpg,elliptical
273341.jpg,elliptical
273360.jpg,elliptical
273367.jpg,elliptical
273374.jpg,elliptical
273378.jpg,spiral
273450.jpg,irregular
273462.jpg,elliptical
273509.jpg,irregular
273519.jpg,irregular
273555.jpg,irregular
273558.jpg,elliptical
273578.jpg,irregular
273607.jpg,elliptical
273618.jpg,elliptical
273630.jpg,elliptical
273633.jpg,irregular
273639.jpg,elliptical
273641.jpg,irregular
273703.jpg,irregular
273723.jpg,elliptical
273734.jpg,elliptical
273761.jpg,elliptical
273820.jpg,spiral
273848.jpg,irregular
273898.jpg,elliptical
273954.jpg,spiral
273964.jpg,elliptical
273967.jpg,spiral
273991.jpg,elliptical
274004.jpg,irregular
274013.jpg,elliptical
274018.jpg,elliptical
274066.jpg,irregular
274092.jpg,elliptical
274118.jpg,elliptical
274164.jpg,irregular
274170.jpg,elliptical
274177.jpg,elliptical
274196.jpg,elliptical
274199.jpg,irregular
274239.jpg,elliptical
274250.jpg,spiral
274262.jpg,irregular
274280.jpg,elliptical
274293.jpg,elliptical
274308.jpg,spiral
274324.jpg,elliptical
274326.jpg,elliptical
274362.jpg,spiral
274377.jpg,elliptical
274403.jpg,spiral
274476.jpg,elliptical
274515.jpg,elliptical
274550.jpg,elliptical
274574.jpg,elliptical
274606.jpg,elliptical
274636.jpg,elliptical
274653.jpg,spiral
274654.jpg,elliptical
274663.jpg,elliptical
274686.jpg,irregular
274699.jpg,spiral
274716.jpg,irregular
274721.jpg,elliptical
274739.jpg,elliptical
274785.jpg,elliptical
274802.jpg,irregular
274834.jpg,irregular
274847.jpg,spiral
274931.jpg,irregular
274957.jpg,elliptical
275001.jpg,elliptical
275005.jpg,spiral
275043.jpg,spiral
275075.jpg,irregular
275077.jpg,elliptical
275089.jpg,elliptical
275096.jpg,spiral
275132.jpg,spiral
275134.jpg,irregular
275148.jpg,elliptical
275152.jpg,elliptical
275156.jpg,elliptical
275179.jpg,elliptical
275180.jpg,elliptical
275228.jpg,irregular
275242.jpg,spiral
275284.jpg,irregular
275291.jpg,elliptical
275297.jpg,elliptical
275329.jpg,spiral
275339.jpg,irregular
275368.jpg,irregular
275437.jpg,elliptical
275460.jpg,elliptical
275461.jpg,elliptical
275496.jpg,elliptical
275524.jpg,elliptical
275530.jpg,spiral
275565.jpg,elliptical
275573.jpg,elliptical
275592.jpg,elliptical
275627.jpg,irregular
275687.jpg,elliptical
275699.jpg,elliptical
275700.jpg,elliptical
275708.jpg,spiral
275709.jpg,elliptical
275712.jpg,elliptical
275714.jpg,elliptical
275717.jpg,elliptical
275718.jpg,elliptical
275755.jpg,elliptical
275757.jpg,elliptical
275773.jpg,elliptical
275837.jpg,irregular
275850.jpg,elliptical
275883.jpg,spiral
275891.jpg,elliptical
275895.jpg,elliptical
275934.jpg,spiral
275936.jpg,elliptical
275941.jpg,elliptical
275944.jpg,elliptical
275973.jpg,irregular
275980.jpg,spiral
275986.jpg,elliptical
275991.jpg,spiral
275992.jpg,spiral
276017.jpg,irregular
276036.jpg,spiral
276095.jpg,elliptical
276192.jpg,elliptical
276195.jpg,irregular
276197.jpg,elliptical
276198.jpg,elliptical
276203.jpg,elliptical
276204.jpg,elliptical
276215.jpg,elliptical
276261.jpg,spiral
276296.jpg,elliptical
276326.jpg,irregular
276342.jpg,elliptical
276346.jpg,irregular
276359.jpg,elliptical
276378.jpg,spiral
276379.jpg,elliptical
276462.jpg,irregular
276473.jpg,elliptical
276601.jpg,elliptical
276609.jpg,spiral
276612.jpg,spiral
276618.jpg,elliptical
276620.jpg,irregular
276626.jpg,spiral
276641.jpg,spiral
276642.jpg,elliptical
276648.jpg,elliptical
276660.jpg,elliptical
276664.jpg,elliptical
276700.jpg,irregular
276741.jpg,irregular
276755.jpg,spiral
276759.jpg,elliptical
276762.jpg,irregular
276765.jpg,spiral
276770.jpg,elliptical
276804.jpg,elliptical
276811.jpg,irregular
276831.jpg,elliptical
276836.jpg,spiral
276845.jpg,elliptical
276861.jpg,elliptical
276866.jpg,elliptical
276910.jpg,elliptical
276983.jpg,spiral
277004.jpg,spiral
277011.jpg,elliptical
277016.jpg,spiral
277019.jpg,irregular
277026.jpg,elliptical
277041.jpg,irregular
277047.jpg,irregular
277061.jpg,elliptical
277067.jpg,spiral
277096.jpg,elliptical
277125.jpg,elliptical
277138.jpg,elliptical
277161.jpg,elliptical
277162.jpg,elliptical
277177.jpg,irregular
277263.jpg,elliptical
277282.jpg,irregular
277311.jpg,spiral
277347.jpg,spiral
277355.jpg,spiral
277363.jpg,elliptical
277382.jpg,irregular
277414.jpg,irregular
277416.jpg,irregular
277433.jpg,spiral
277440.jpg,irregular
277448.jpg,elliptical
277453.jpg,elliptical
277460.jpg,elliptical
277468.jpg,elliptical
277482.jpg,spiral
277485.jpg,elliptical
277487.jpg,elliptical
277520.jpg,irregular
277532.jpg,elliptical
277533.jpg,elliptical
277562.jpg,spiral
277570.jpg,elliptical
277602.jpg,irregular
277623.jpg,spiral
277632.jpg,spiral
277633.jpg,irregular
277653.jpg,elliptical
277686.jpg,elliptical
277720.jpg,irregular
277727.jpg,elliptical
277730.jpg,spiral
277804.jpg,elliptical
277805.jpg,elliptical
277808.jpg,elliptical
277878.jpg,spiral
277894.jpg,spiral
277907.jpg,elliptical
277933.jpg,irregular
277940.jpg,elliptical
277943.jpg,spiral
277977.jpg,spiral
277994.jpg,elliptical
278015.jpg,elliptical
278016.jpg,irregular
278029.jpg,irregular
278038.jpg,elliptical
278069.jpg,elliptical
278071.jpg,spiral
278080.jpg,elliptical
278091.jpg,elliptical
278111.jpg,elliptical
278113.jpg,spiral
278123.jpg,elliptical
278158.jpg,elliptical
278166.jpg,elliptical
278245.jpg,elliptical
278305.jpg,elliptical
278311.jpg,spiral
278421.jpg,elliptical
278427.jpg,elliptical
278447.jpg,elliptical
278463.jpg,elliptical
278481.jpg,elliptical
278491.jpg,elliptical
278496.jpg,irregular
278509.jpg,spiral
278572.jpg,irregular
278577.jpg,elliptical
278579.jpg,elliptical
278604.jpg,elliptical
278621.jpg,irregular
278622.jpg,elliptical
278636.jpg,elliptical
278648.jpg,spiral
278691.jpg,elliptical
278702.jpg,spiral
278717.jpg,elliptical
278734.jpg,spiral
278742.jpg,elliptical
278746.jpg,spiral
278752.jpg,irregular
278762.jpg,elliptical
278797.jpg,elliptical
278841.jpg,spiral
278846.jpg,elliptical
278860.jpg,elliptical
278879.jpg,spiral
278886.jpg,spiral
278888.jpg,elliptical
278905.jpg,elliptical
278909.jpg,irregular
278912.jpg,elliptical
278913.jpg,irregular
278919.jpg,spiral
278993.jpg,irregular
279006.jpg,elliptical
279025.jpg,irregular
279056.jpg,irregular
279076.jpg,elliptical
279105.jpg,elliptical
279124.jpg,elliptical
279148.jpg,elliptical
279159.jpg,spiral
279182.jpg,elliptical
279218.jpg,elliptical
279231.jpg,elliptical
279284.jpg,irregular
279295.jpg,spiral
279302.jpg,elliptical
279310.jpg,elliptical
279338.jpg,elliptical
279350.jpg,elliptical
279363.jpg,spiral
279403.jpg,spiral
279404.jpg,spiral
279430.jpg,irregular
279431.jpg,elliptical
279457.jpg,irregular
279458.jpg,spiral
279467.jpg,irregular
279518.jpg,elliptical
279540.jpg,irregular
279582.jpg,elliptical
279610.jpg,irregular
279629.jpg,elliptical
279630.jpg,elliptical
279683.jpg,elliptical
279699.jpg,irregular
279710.jpg,elliptical
279770.jpg,elliptical
279805.jpg,spiral
279815.jpg,elliptical
279838.jpg,irregular
279851.jpg,spiral
279855.jpg,elliptical
279863.jpg,spiral
279870.jpg,elliptical
279878.jpg,elliptical
279909.jpg,elliptical
279947.jpg,spiral
279975.jpg,elliptical
279991.jpg,spiral
280002.jpg,irregular
280009.jpg,elliptical
280030.jpg,elliptical
280040.jpg,elliptical
280051.jpg,elliptical
280057.jpg,irregular
280102.jpg,elliptical
280111.jpg,elliptical
280127.jpg,elliptical
280133.jpg,irregular
280134.jpg,irregular
280140.jpg,elliptical
280172.jpg,elliptical
280279.jpg,spiral
280280.jpg,spiral
280293.jpg,elliptical
280298.jpg,elliptical
280314.jpg,spiral
280316.jpg,elliptical
280333.jpg,irregular
280408.jpg,elliptical
280443.jpg,elliptical
280456.jpg,elliptical
280460.jpg,elliptical
280479.jpg,spiral
280575.jpg,elliptical
280584.jpg,elliptical
280587.jpg,elliptical
280607.jpg,elliptical
280632.jpg,spiral
280643.jpg,elliptical
280644.jpg,spiral
280651.jpg,elliptical
280675.jpg,spiral
280695.jpg,irregular
280699.jpg,elliptical
280722.jpg,irregular
280725.jpg,irregular
280737.jpg,spiral
280769.jpg,elliptical
280796.jpg,elliptical
280816.jpg,irregular
280821.jpg,irregular
280855.jpg,elliptical
280861.jpg,irregular
280864.jpg,spiral
280896.jpg,elliptical
280925.jpg,spiral
280934.jpg,elliptical
280989.jpg,spiral
281006.jpg,elliptical
281014.jpg,irregular
281035.jpg,elliptical
281077.jpg,irregular
281085.jpg,irregular
281120.jpg,elliptical
281121.jpg,spiral
281123.jpg,elliptical
281166.jpg,spiral
281170.jpg,elliptical
281179.jpg,elliptical
281272.jpg,spiral
281276.jpg,irregular
281292.jpg,elliptical
281338.jpg,irregular
281395.jpg,irregular
281477.jpg,elliptical
281485.jpg,elliptical
281505.jpg,elliptical
281515.jpg,elliptical
281555.jpg,irregular
281577.jpg,spiral
281584.jpg,spiral
281599.jpg,spiral
281652.jpg,elliptical
281655.jpg,spiral
281687.jpg,elliptical
281688.jpg,spiral
281704.jpg,elliptical
281743.jpg,spiral
281759.jpg,elliptical
281762.jpg,irregular
281771.jpg,spiral
281772.jpg,elliptical
281774.jpg,elliptical
281806.jpg,spiral
281822.jpg,elliptical
281840.jpg,irregular
281852.jpg,spiral
281888.jpg,elliptical
281890.jpg,spiral
281910.jpg,elliptical
281918.jpg,irregular
282006.jpg,elliptical
282010.jpg,irregular
282034.jpg,elliptical
282039.jpg,spiral
282107.jpg,spiral
282133.jpg,irregular
282151.jpg,elliptical
282157.jpg,elliptical
282171.jpg,spiral
282176.jpg,elliptical
282246.jpg,irregular
282262.jpg,elliptical
282263.jpg,elliptical
282307.jpg,elliptical
282319.jpg,irregular
282344.jpg,elliptical
282345.jpg,elliptical
282376.jpg,elliptical
282395.jpg,spiral
282411.jpg,elliptical
282426.jpg,elliptical
282427.jpg,elliptical
282432.jpg,elliptical
282477.jpg,irregular
282491.jpg,elliptical
282498.jpg,spiral
282528.jpg,spiral
282535.jpg,irregular
282606.jpg,elliptical
282607.jpg,irregular
282617.jpg,irregular
282619.jpg,elliptical
282640.jpg,elliptical
282653.jpg,elliptical
282670.jpg,elliptical
282702.jpg,elliptical
282726.jpg,irregular
282735.jpg,elliptical
282739.jpg,irregular
282794.jpg,spiral
282797.jpg,elliptical
282816.jpg,elliptical
282817.jpg,elliptical
282871.jpg,irregular
282891.jpg,elliptical
282930.jpg,elliptical
283025.jpg,elliptical
283029.jpg,elliptical
283037.jpg,elliptical
283039.jpg,elliptical
283059.jpg,irregular
283068.jpg,elliptical
283139.jpg,elliptical
283147.jpg,elliptical
283154.jpg,elliptical
283157.jpg,elliptical
283181.jpg,irregular
283196.jpg,spiral
283202.jpg,irregular
283220.jpg,elliptical
283235.jpg,irregular
283268.jpg,elliptical
283361.jpg,elliptical
283372.jpg,elliptical
283385.jpg,irregular
283395.jpg,spiral
283401.jpg,irregular
283426.jpg,elliptical
283430.jpg,elliptical
283439.jpg,elliptical
283442.jpg,elliptical
283521.jpg,elliptical
283555.jpg,elliptical
283571.jpg,elliptical
283643.jpg,spiral
283667.jpg,spiral
283677.jpg,elliptical
283708.jpg,irregular
283713.jpg,irregular
283714.jpg,elliptical
283764.jpg,elliptical
283769.jpg,elliptical
283792.jpg,spiral
283810.jpg,spiral
283818.jpg,elliptical
283954.jpg,spiral
283977.jpg,irregular
284010.jpg,elliptical
284082.jpg,spiral
284121.jpg,elliptical
284140.jpg,elliptical
284200.jpg,elliptical
284234.jpg,elliptical
284258.jpg,elliptical
284260.jpg,elliptical
284282.jpg,elliptical
284294.jpg,elliptical
284329.jpg,elliptical
284369.jpg,irregular
284466.jpg,elliptical
284478.jpg,elliptical
284578.jpg,elliptical
284610.jpg,spiral
284617.jpg,spiral
284624.jpg,spiral
284629.jpg,elliptical
284648.jpg,elliptical
284720.jpg,irregular
284747.jpg,elliptical
284750.jpg,elliptical
284801.jpg,elliptical
284805.jpg,spiral
284854.jpg,elliptical
284858.jpg,elliptical
284865.jpg,elliptical
284889.jpg,elliptical
284917.jpg,elliptical
284931.jpg,elliptical
284932.jpg,elliptical
284942.jpg,elliptical
284953.jpg,elliptical
284956.jpg,elliptical
285009.jpg,elliptical
285018.jpg,elliptical
285041.jpg,elliptical
285079.jpg,elliptical
285089.jpg,elliptical
285146.jpg,irregular
285149.jpg,elliptical
285166.jpg,elliptical
285189.jpg,elliptical
285208.jpg,elliptical
285209.jpg,elliptical
285222.jpg,elliptical
285223.jpg,elliptical
285241.jpg,spiral
285242.jpg,elliptical
285252.jpg,elliptical
285259.jpg,irregular
285262.jpg,spiral
285297.jpg,elliptical
285312.jpg,elliptical
285313.jpg,irregular
285318.jpg,spiral
285348.jpg,spiral
285433.jpg,elliptical
285436.jpg,elliptical
285470.jpg,elliptical
285478.jpg,spiral
285482.jpg,elliptical
285498.jpg,elliptical
285519.jpg,elliptical
285535.jpg,elliptical
285593.jpg,spiral
285618.jpg,elliptical
285632.jpg,irregular
285643.jpg,irregular
285651.jpg,elliptical
285660.jpg,spiral
285690.jpg,irregular
285717.jpg,elliptical
285730.jpg,spiral
285733.jpg,spiral
285768.jpg,elliptical
285805.jpg,elliptical
285831.jpg,spiral
285835.jpg,spiral
285855.jpg,elliptical
285864.jpg,spiral
285871.jpg,elliptical
285873.jpg,irregular
285895.jpg,elliptical
285960.jpg,elliptical
285969.jpg,elliptical
285981.jpg,elliptical
285991.jpg,elliptical
286008.jpg,irregular
286148.jpg,irregular
286194.jpg,spiral
286197.jpg,elliptical
286271.jpg,elliptical
286447.jpg,elliptical
286459.jpg,irregular
286473.jpg,spiral
286497.jpg,elliptical
286505.jpg,elliptical
286509.jpg,elliptical
286521.jpg,irregular
286542.jpg,elliptical
286579.jpg,spiral
286635.jpg,spiral
286679.jpg,elliptical
286750.jpg,spiral
286793.jpg,elliptical
286801.jpg,elliptical
286804.jpg,elliptical
286847.jpg,elliptical
286896.jpg,elliptical
286933.jpg,elliptical
286934.jpg,spiral
286947.jpg,elliptical
286979.jpg,spiral
287001.jpg,elliptical
287041.jpg,spiral
287099.jpg,elliptical
287123.jpg,spiral
287125.jpg,elliptical
287131.jpg,elliptical
287137.jpg,irregular
287140.jpg,elliptical
287141.jpg,irregular
287142.jpg,elliptical
287199.jpg,spiral
287267.jpg,elliptical
287296.jpg,elliptical
287300.jpg,elliptical
287303.jpg,elliptical
287305.jpg,irregular
287323.jpg,irregular
287431.jpg,elliptical
287437.jpg,elliptical
287491.jpg,irregular
287494.jpg,elliptical
287540.jpg,spiral
287605.jpg,irregular
287609.jpg,spiral
287615.jpg,spiral
287639.jpg,elliptical
287665.jpg,elliptical
287671.jpg,elliptical
287673.jpg,elliptical
287678.jpg,elliptical
287684.jpg,elliptical
287685.jpg,spiral
287688.jpg,spiral
287708.jpg,elliptical
287737.jpg,irregular
287764.jpg,elliptical
287881.jpg,elliptical
287905.jpg,elliptical
287917.jpg,irregular
287921.jpg,spiral
287945.jpg,elliptical
287956.jpg,irregular
287971.jpg,irregular
287987.jpg,spiral
287998.jpg,irregular
288001.jpg,spiral
288013.jpg,irregular
288021.jpg,elliptical
288044.jpg,irregular
288091.jpg,spiral
288105.jpg,elliptical
288120.jpg,irregular
288122.jpg,elliptical
288179.jpg,elliptical
288183.jpg,irregular
288227.jpg,elliptical
288268.jpg,elliptical
288305.jpg,elliptical
288382.jpg,elliptical
288435.jpg,spiral
288457.jpg,spiral
288469.jpg,spiral
288481.jpg,elliptical
288496.jpg,elliptical
288497.jpg,elliptical
288512.jpg,elliptical
288538.jpg,elliptical
288544.jpg,elliptical
288568.jpg,elliptical
288569.jpg,spiral
288574.jpg,elliptical
288576.jpg,irregular
288645.jpg,elliptical
288646.jpg,irregular
288672.jpg,elliptical
288682.jpg,spiral
288717.jpg,irregular
288718.jpg,elliptical
288733.jpg,spiral
288793.jpg,elliptical
288797.jpg,elliptical
288819.jpg,spiral
288838.jpg,elliptical
288847.jpg,spiral
288871.jpg,elliptical
288893.jpg,spiral
288914.jpg,irregular
288919.jpg,elliptical
288946.jpg,elliptical
288950.jpg,spiral
289030.jpg,elliptical
289054.jpg,elliptical
289111.jpg,elliptical
289118.jpg,spiral
289124.jpg,irregular
289180.jpg,elliptical
289188.jpg,spiral
289194.jpg,spiral
289214.jpg,elliptical
289251.jpg,elliptical
289255.jpg,elliptical
289264.jpg,spiral
289304.jpg,spiral
289328.jpg,elliptical
289345.jpg,elliptical
289348.jpg,elliptical
289365.jpg,elliptical
289442.jpg,elliptical
289492.jpg,elliptical
289514.jpg,spiral
289518.jpg,irregular
289527.jpg,elliptical
289578.jpg,elliptical
289706.jpg,elliptical
289787.jpg,elliptical
289803.jpg,elliptical
289814.jpg,elliptical
289861.jpg,irregular
289865.jpg,irregular
289867.jpg,irregular
289883.jpg,elliptical
289968.jpg,elliptical
290007.jpg,elliptical
290008.jpg,irregular
290022.jpg,elliptical
290028.jpg,irregular
290035.jpg,elliptical
290046.jpg,elliptical
290047.jpg,elliptical
290087.jpg,spiral
290118.jpg,irregular
290146.jpg,elliptical
290162.jpg,spiral
290187.jpg,spiral
290202.jpg,irregular
290205.jpg,irregular
290232.jpg,elliptical
290240.jpg,spiral
290282.jpg,elliptical
290288.jpg,spiral
290384.jpg,spiral
290387.jpg,elliptical
290415.jpg,elliptical
290424.jpg,irregular
290509.jpg,spiral
290521.jpg,spiral
290554.jpg,elliptical
290562.jpg,elliptical
290565.jpg,elliptical
290600.jpg,irregular
290672.jpg,spiral
290679.jpg,elliptical
290680.jpg,elliptical
290685.jpg,elliptical
290756.jpg,elliptical
290807.jpg,elliptical
290840.jpg,elliptical
290848.jpg,elliptical
290861.jpg,elliptical
290874.jpg,elliptical
290919.jpg,irregular
290923.jpg,elliptical
290933.jpg,spiral
290997.jpg,elliptical
291001.jpg,elliptical
291028.jpg,elliptical
291033.jpg,spiral
291061.jpg,elliptical
291072.jpg,elliptical
291101.jpg,elliptical
291124.jpg,spiral
291138.jpg,spiral
291186.jpg,elliptical
291190.jpg,elliptical
291193.jpg,elliptical
291218.jpg,elliptical
291233.jpg,irregular
291247.jpg,spiral
291269.jpg,irregular
291287.jpg,elliptical
291296.jpg,elliptical
291324.jpg,elliptical
291337.jpg,elliptical
291342.jpg,elliptical
291369.jpg,elliptical
291399.jpg,elliptical
291408.jpg,elliptical
291414.jpg,irregular
291483.jpg,spiral
291518.jpg,spiral
291556.jpg,irregular
291569.jpg,elliptical
291575.jpg,elliptical
291598.jpg,elliptical
291604.jpg,elliptical
291622.jpg,elliptical
291656.jpg,irregular
291664.jpg,spiral
291691.jpg,spiral
291697.jpg,elliptical
291728.jpg,elliptical
291733.jpg,spiral
291755.jpg,elliptical
291806.jpg,elliptical
291813.jpg,elliptical
291815.jpg,elliptical
291870.jpg,elliptical
291882.jpg,spiral
291905.jpg,irregular
291915.jpg,spiral
291922.jpg,irregular
291926.jpg,spiral
291928.jpg,irregular
291971.jpg,elliptical
291996.jpg,spiral
292016.jpg,spiral
292022.jpg,irregular
292069.jpg,elliptical
292070.jpg,irregular
292089.jpg,spiral
292157.jpg,elliptical
292161.jpg,spiral
292174.jpg,spiral
292188.jpg,elliptical
292190.jpg,irregular
292200.jpg,elliptical
292237.jpg,elliptical
292276.jpg,elliptical
292287.jpg,elliptical
292336.jpg,elliptical
292341.jpg,elliptical
292348.jpg,elliptical
292388.jpg,elliptical
292470.jpg,elliptical
292503.jpg,elliptical
292537.jpg,irregular
292558.jpg,spiral
292581.jpg,spiral
292593.jpg,elliptical
292606.jpg,spiral
292610.jpg,elliptical
292638.jpg,spiral
292657.jpg,elliptical
292660.jpg,elliptical
292684.jpg,spiral
292704.jpg,spiral
292706.jpg,spiral
292733.jpg,elliptical
292790.jpg,elliptical
292796.jpg,irregular
292798.jpg,elliptical
292830.jpg,elliptical
292834.jpg,irregular
292835.jpg,irregular
292867.jpg,spiral
292894.jpg,spiral
292916.jpg,elliptical
292934.jpg,elliptical
292942.jpg,spiral
292989.jpg,elliptical
292991.jpg,elliptical
293006.jpg,spiral
293033.jpg,spiral
293078.jpg,elliptical
293089.jpg,elliptical
293116.jpg,elliptical
293166.jpg,elliptical
293191.jpg,elliptical
293286.jpg,spiral
293306.jpg,spiral
293318.jpg,elliptical
293355.jpg,elliptical
293367.jpg,spiral
293379.jpg,elliptical
293400.jpg,spiral
293408.jpg,elliptical
293437.jpg,elliptical
293449.jpg,irregular
293472.jpg,spiral
293485.jpg,irregular
293506.jpg,elliptical
293531.jpg,elliptical
293535.jpg,elliptical
293553.jpg,irregular
293681.jpg,spiral
293696.jpg,elliptical
293733.jpg,elliptical
293758.jpg,elliptical
293771.jpg,elliptical
293774.jpg,irregular
293810.jpg,elliptical
293812.jpg,elliptical
293815.jpg,elliptical
293836.jpg,irregular
293843.jpg,elliptical
293844.jpg,elliptical
293893.jpg,elliptical
293935.jpg,elliptical
293953.jpg,elliptical
293964.jpg,elliptical
293991.jpg,elliptical
294002.jpg,elliptical
294010.jpg,irregular
294024.jpg,irregular
294030.jpg,elliptical
294054.jpg,irregular
294111.jpg,spiral
294150.jpg,spiral
294195.jpg,elliptical
294197.jpg,elliptical
294218.jpg,spiral
294219.jpg,elliptical
294229.jpg,elliptical
294292.jpg,irregular
294353.jpg,elliptical
294370.jpg,spiral
294406.jpg,elliptical
294426.jpg,elliptical
294480.jpg,irregular
294504.jpg,spiral
294524.jpg,elliptical
294527.jpg,elliptical
294560.jpg,elliptical
294561.jpg,elliptical
294629.jpg,elliptical
294639.jpg,elliptical
294659.jpg,elliptical
294710.jpg,elliptical
294724.jpg,elliptical
294761.jpg,elliptical
294780.jpg,elliptical
294781.jpg,irregular
294787.jpg,elliptical
294861.jpg,elliptical
294871.jpg,spiral
294889.jpg,irregular
294891.jpg,elliptical
294904.jpg,elliptical
294924.jpg,elliptical
294948.jpg,irregular
294973.jpg,irregular
294978.jpg,irregular
294979.jpg,spiral
294983.jpg,elliptical
294987.jpg,elliptical
295002.jpg,elliptical
295012.jpg,elliptical
295018.jpg,spiral
295032.jpg,elliptical
295069.jpg,spiral
295082.jpg,elliptical
295104.jpg,elliptical
295112.jpg,elliptical
295143.jpg,spiral
295157.jpg,elliptical
295182.jpg,irregular
295187.jpg,elliptical
295192.jpg,elliptical
295231.jpg,elliptical
295293.jpg,elliptical
295326.jpg,irregular
295332.jpg,elliptical
295357.jpg,elliptical
295397.jpg,elliptical
295485.jpg,irregular
295507.jpg,elliptical
295521.jpg,spiral
295559.jpg,irregular
295584.jpg,elliptical
295601.jpg,elliptical
295648.jpg,elliptical
295691.jpg,elliptical
295701.jpg,elliptical
295751.jpg,elliptical
295797.jpg,irregular
295804.jpg,elliptical
295819.jpg,irregular
295850.jpg,elliptical
295865.jpg,spiral
295877.jpg,elliptical
295880.jpg,spiral
295895.jpg,elliptical
295911.jpg,irregular
295934.jpg,elliptical
295937.jpg,elliptical
295958.jpg,spiral
295968.jpg,spiral
295983.jpg,elliptical
295990.jpg,elliptical
296003.jpg,spiral
296008.jpg,spiral
296014.jpg,elliptical
296018.jpg,spiral
296025.jpg,elliptical
296028.jpg,elliptical
296061.jpg,elliptical
296098.jpg,irregular
296099.jpg,elliptical
296164.jpg,elliptical
296185.jpg,spiral
296194.jpg,spiral
296209.jpg,irregular
296244.jpg,elliptical
296266.jpg,elliptical
296284.jpg,elliptical
296301.jpg,elliptical
296305.jpg,elliptical
296324.jpg,elliptical
296386.jpg,irregular
296414.jpg,elliptical
296417.jpg,elliptical
296439.jpg,elliptical
296444.jpg,elliptical
296493.jpg,elliptical
296503.jpg,elliptical
296541.jpg,elliptical
296561.jpg,irregular
296636.jpg,elliptical
296639.jpg,elliptical
296651.jpg,elliptical
296663.jpg,elliptical
296673.jpg,irregular
296682.jpg,elliptical
296697.jpg,elliptical
296705.jpg,elliptical
296717.jpg,irregular
296759.jpg,elliptical
296802.jpg,elliptical
296835.jpg,spiral
296840.jpg,elliptical
296918.jpg,elliptical
296925.jpg,elliptical
296943.jpg,elliptical
296972.jpg,irregular
297012.jpg,elliptical
297054.jpg,irregular
297068.jpg,elliptical
297101.jpg,irregular
297143.jpg,elliptical
297204.jpg,elliptical
297213.jpg,elliptical
297219.jpg,elliptical
297263.jpg,spiral
297282.jpg,elliptical
297323.jpg,irregular
297343.jpg,elliptical
297364.jpg,irregular
297373.jpg,elliptical
297388.jpg,spiral
297390.jpg,irregular
297411.jpg,spiral
297413.jpg,irregular
297428.jpg,irregular
297442.jpg,spiral
297446.jpg,elliptical
297449.jpg,elliptical
297456.jpg,spiral
297473.jpg,elliptical
297481.jpg,elliptical
297486.jpg,irregular
297534.jpg,elliptical
297581.jpg,elliptical
297618.jpg,elliptical
297708.jpg,elliptical
297721.jpg,elliptical
297725.jpg,elliptical
297726.jpg,elliptical
297777.jpg,elliptical
297779.jpg,elliptical
297791.jpg,elliptical
297819.jpg,elliptical
297833.jpg,irregular
297840.jpg,elliptical
297918.jpg,elliptical
297933.jpg,elliptical
297947.jpg,elliptical
298014.jpg,spiral
298016.jpg,elliptical
298019.jpg,irregular
298027.jpg,irregular
298058.jpg,elliptical
298073.jpg,spiral
298082.jpg,irregular
298110.jpg,elliptical
298138.jpg,elliptical
298177.jpg,elliptical
298184.jpg,elliptical
298207.jpg,irregular
298302.jpg,spiral
298310.jpg,irregular
298333.jpg,elliptical
298370.jpg,elliptical
298383.jpg,elliptical
298395.jpg,spiral
298402.jpg,spiral
298416.jpg,irregular
298446.jpg,elliptical
298503.jpg,irregular
298529.jpg,irregular
298558.jpg,irregular
298560.jpg,irregular
298596.jpg,elliptical
298633.jpg,spiral
298654.jpg,irregular
298662.jpg,spiral
298719.jpg,elliptical
298764.jpg,irregular
298785.jpg,irregular
298789.jpg,elliptical
298860.jpg,elliptical
298862.jpg,spiral
298885.jpg,elliptical
298893.jpg,elliptical
298925.jpg,elliptical
298937.jpg,elliptical
298953.jpg,elliptical
298971.jpg,spiral
298978.jpg,spiral
298982.jpg,elliptical
298983.jpg,spiral
298985.jpg,elliptical
299042.jpg,elliptical
299048.jpg,irregular
299067.jpg,irregular
299100.jpg,elliptical
299125.jpg,irregular
299143.jpg,irregular
299147.jpg,elliptical
299182.jpg,elliptical
299196.jpg,irregular
299286.jpg,elliptical
299297.jpg,elliptical
299300.jpg,spiral
299351.jpg,irregular
299354.jpg,elliptical
299364.jpg,elliptical
299374.jpg,irregular
299402.jpg,elliptical
299409.jpg,spiral
299431.jpg,elliptical
299444.jpg,elliptical
299460.jpg,elliptical
299518.jpg,elliptical
299533.jpg,spiral
299539.jpg,spiral
299592.jpg,elliptical
299619.jpg,spiral
299627.jpg,irregular
299634.jpg,elliptical
299687.jpg,irregular
299699.jpg,elliptical
299717.jpg,elliptical
299721.jpg,spiral
299739.jpg,irregular
299764.jpg,spiral
299796.jpg,elliptical
299873.jpg,irregular
299885.jpg,elliptical
299916.jpg,elliptical
299958.jpg,elliptical
300037.jpg,elliptical
300058.jpg,elliptical
300071.jpg,elliptical
300089.jpg,elliptical
300091.jpg,spiral
300095.jpg,irregular
300096.jpg,elliptical
300097.jpg,irregular
300105.jpg,elliptical
300131.jpg,elliptical
300256.jpg,elliptical
300270.jpg,elliptical
300281.jpg,spiral
300284.jpg,irregular
300285.jpg,elliptical
300311.jpg,elliptical
300406.jpg,irregular
300431.jpg,elliptical
300490.jpg,elliptical
300514.jpg,elliptical
300578.jpg,spiral
300622.jpg,spiral
300650.jpg,irregular
300677.jpg,elliptical
300681.jpg,irregular
300703.jpg,elliptical
300723.jpg,elliptical
300735.jpg,spiral
300760.jpg,elliptical
300764.jpg,elliptical
300775.jpg,spiral
300860.jpg,irregular
300903.jpg,elliptical
300966.jpg,elliptical
300981.jpg,irregular
301029.jpg,elliptical
301035.jpg,elliptical
301036.jpg,irregular
301095.jpg,elliptical
301122.jpg,spiral
301128.jpg,spiral
301139.jpg,elliptical
301150.jpg,elliptical
301167.jpg,irregular
301231.jpg,irregular
301243.jpg,elliptical
301266.jpg,irregular
301278.jpg,elliptical
301285.jpg,elliptical
301293.jpg,spiral
301317.jpg,elliptical
301346.jpg,spiral
301370.jpg,elliptical
301417.jpg,elliptical
301419.jpg,elliptical
301423.jpg,elliptical
301449.jpg,irregular
301476.jpg,elliptical
301503.jpg,elliptical
301508.jpg,elliptical
301524.jpg,elliptical
301534.jpg,spiral
301555.jpg,irregular
301576.jpg,elliptical
301587.jpg,irregular
301593.jpg,elliptical
301613.jpg,spiral
301667.jpg,elliptical
301670.jpg,elliptical
301699.jpg,irregular
301729.jpg,irregular
301781.jpg,elliptical
301800.jpg,irregular
301861.jpg,spiral
301863.jpg,elliptical
301881.jpg,irregular
301890.jpg,elliptical
301905.jpg,spiral
301921.jpg,elliptical
301929.jpg,irregular
301980.jpg,irregular
301988.jpg,elliptical
302004.jpg,irregular
302022.jpg,elliptical
302067.jpg,elliptical
302071.jpg,spiral
302073.jpg,elliptical
302143.jpg,elliptical
302159.jpg,elliptical
302184.jpg,spiral
302195.jpg,elliptical
302258.jpg,elliptical
302289.jpg,elliptical
302297.jpg,elliptical
302315.jpg,elliptical
302329.jpg,irregular
302349.jpg,irregular
302402.jpg,elliptical
302433.jpg,elliptical
302493.jpg,spiral
302510.jpg,spiral
302542.jpg,irregular
302560.jpg,elliptical
302610.jpg,irregular
302615.jpg,spiral
302641.jpg,spiral
302676.jpg,elliptical
302711.jpg,elliptical
302716.jpg,elliptical
302781.jpg,elliptical
302782.jpg,elliptical
302822.jpg,elliptical
302833.jpg,spiral
302871.jpg,irregular
302879.jpg,elliptical
302895.jpg,elliptical
302933.jpg,elliptical
302937.jpg,elliptical
302962.jpg,elliptical
302985.jpg,elliptical
302986.jpg,irregular
303012.jpg,spiral
303018.jpg,irregular
303019.jpg,irregular
303054.jpg,irregular
303089.jpg,elliptical
303098.jpg,spiral
303137.jpg,irregular
303144.jpg,irregular
303150.jpg,spiral
303154.jpg,spiral
303166.jpg,elliptical
303219.jpg,spiral
303267.jpg,elliptical
303274.jpg,elliptical
303282.jpg,elliptical
303297.jpg,irregular
303315.jpg,spiral
303343.jpg,elliptical
303361.jpg,spiral
303405.jpg,elliptical
303434.jpg,irregular
303440.jpg,elliptical
303451.jpg,elliptical
303457.jpg,elliptical
303465.jpg,elliptical
303466.jpg,elliptical
303495.jpg,elliptical
303498.jpg,irregular
303500.jpg,elliptical
303504.jpg,irregular
303514.jpg,elliptical
303521.jpg,irregular
303591.jpg,elliptical
303600.jpg,elliptical
303605.jpg,elliptical
303608.jpg,elliptical
303654.jpg,elliptical
303685.jpg,spiral
303687.jpg,elliptical
303689.jpg,spiral
303696.jpg,spiral
303706.jpg,elliptical
303711.jpg,irregular
303713.jpg,elliptical
303716.jpg,elliptical
303751.jpg,elliptical
303857.jpg,irregular
303875.jpg,elliptical
303888.jpg,elliptical
303909.jpg,elliptical
303917.jpg,elliptical
303927.jpg,elliptical
303936.jpg,spiral
303954.jpg,spiral
303970.jpg,elliptical
304003.jpg,irregular
304014.jpg,elliptical
304018.jpg,spiral
304025.jpg,irregular
304028.jpg,spiral
304047.jpg,irregular
304075.jpg,irregular
304077.jpg,spiral
304092.jpg,elliptical
304163.jpg,irregular
304170.jpg,spiral
304176.jpg,irregular
304181.jpg,elliptical
304185.jpg,irregular
304274.jpg,spiral
304298.jpg,elliptical
304318.jpg,spiral
304325.jpg,elliptical
304328.jpg,spiral
304353.jpg,spiral
304374.jpg,elliptical
304397.jpg,spiral
304435.jpg,irregular
304484.jpg,irregular
304485.jpg,elliptical
304493.jpg,irregular
304547.jpg,spiral
304630.jpg,elliptical
304641.jpg,elliptical
304655.jpg,elliptical
304673.jpg,elliptical
304717.jpg,elliptical
304782.jpg,elliptical
304799.jpg,elliptical
304808.jpg,spiral
304823.jpg,elliptical
304826.jpg,spiral
304844.jpg,irregular
304886.jpg,elliptical
304888.jpg,spiral
304908.jpg,elliptical
304923.jpg,elliptical
304928.jpg,irregular
304936.jpg,elliptical
304950.jpg,spiral
304954.jpg,elliptical
304974.jpg,elliptical
304986.jpg,elliptical
304998.jpg,elliptical
305024.jpg,elliptical
305068.jpg,spiral
305071.jpg,irregular
305076.jpg,irregular
305077.jpg,elliptical
305079.jpg,elliptical
305089.jpg,elliptical
305091.jpg,elliptical
305114.jpg,elliptical
305134.jpg,elliptical
305149.jpg,elliptical
305182.jpg,elliptical
305206.jpg,elliptical
305213.jpg,spiral
305235.jpg,elliptical
305255.jpg,elliptical
305260.jpg,elliptical
305311.jpg,elliptical
305339.jpg,elliptical
305348.jpg,spiral
305427.jpg,spiral
305445.jpg,spiral
305465.jpg,elliptical
305480.jpg,elliptical
305483.jpg,spiral
305515.jpg,spiral
305607.jpg,elliptical
305618.jpg,irregular
305676.jpg,elliptical
305746.jpg,elliptical
305747.jpg,spiral
305749.jpg,spiral
305771.jpg,irregular
305814.jpg,elliptical
305816.jpg,elliptical
305825.jpg,irregular
305829.jpg,irregular
305834.jpg,elliptical
305867.jpg,irregular
305891.jpg,elliptical
305908.jpg,spiral
305914.jpg,elliptical
305918.jpg,spiral
305919.jpg,spiral
305947.jpg,elliptical
305965.jpg,elliptical
305997.jpg,elliptical
306002.jpg,irregular
306020.jpg,irregular
306055.jpg,spiral
306064.jpg,irregular
306073.jpg,elliptical
306078.jpg,elliptical
306082.jpg,spiral
306083.jpg,irregular
306088.jpg,elliptical
306108.jpg,irregular
306147.jpg,spiral
306151.jpg,elliptical
306168.jpg,spiral
306318.jpg,irregular
306320.jpg,elliptical
306393.jpg,elliptical
306394.jpg,elliptical
306424.jpg,spiral
306449.jpg,elliptical
306454.jpg,irregular
306467.jpg,elliptical
306480.jpg,elliptical
306498.jpg,elliptical
306510.jpg,spiral
306515.jpg,elliptical
306538.jpg,irregular
306554.jpg,elliptical
306583.jpg,elliptical
306602.jpg,elliptical
306615.jpg,elliptical
306633.jpg,spiral
306648.jpg,spiral
306703.jpg,irregular
306733.jpg,irregular
306736.jpg,elliptical
306747.jpg,irregular
306760.jpg,irregular
306787.jpg,elliptical
306792.jpg,elliptical
306799.jpg,elliptical
306871.jpg,elliptical
306949.jpg,irregular
306951.jpg,spiral
307000.jpg,spiral
307001.jpg,irregular
307019.jpg,elliptical
307031.jpg,elliptical
307037.jpg,elliptical
307044.jpg,elliptical
307053.jpg,elliptical
307069.jpg,elliptical
307095.jpg,irregular
307122.jpg,spiral
307145.jpg,elliptical
307156.jpg,elliptical
307166.jpg,elliptical
307171.jpg,elliptical
307180.jpg,irregular
307211.jpg,elliptical
307245.jpg,spiral
307246.jpg,elliptical
307294.jpg,irregular
307299.jpg,elliptical
307318.jpg,irregular
307352.jpg,elliptical
307354.jpg,elliptical
307362.jpg,elliptical
307365.jpg,elliptical
307412.jpg,elliptical
307417.jpg,elliptical
307424.jpg,elliptical
307430.jpg,spiral
307435.jpg,elliptical
307458.jpg,elliptical
307498.jpg,elliptical
307514.jpg,spiral
307526.jpg,spiral
307527.jpg,irregular
307542.jpg,elliptical
307550.jpg,elliptical
307559.jpg,elliptical
307563.jpg,elliptical
307567.jpg,elliptical
307571.jpg,irregular
307587.jpg,spiral
307589.jpg,spiral
307660.jpg,elliptical
307666.jpg,spiral
307671.jpg,elliptical
307688.jpg,elliptical
307703.jpg,elliptical
307721.jpg,spiral
307744.jpg,elliptical
307747.jpg,elliptical
307771.jpg,irregular
307783.jpg,spiral
307788.jpg,elliptical
307797.jpg,spiral
307807.jpg,elliptical
307857.jpg,spiral
307888.jpg,elliptical
307905.jpg,elliptical
307915.jpg,elliptical
307930.jpg,spiral
307943.jpg,spiral
307993.jpg,elliptical
308001.jpg,elliptical
308015.jpg,elliptical
308026.jpg,elliptical
308127.jpg,elliptical
308141.jpg,irregular
308153.jpg,irregular
308161.jpg,irregular
308162.jpg,spiral
308165.jpg,elliptical
308176.jpg,spiral
308211.jpg,elliptical
308212.jpg,elliptical
308298.jpg,irregular
308309.jpg,elliptical
308339.jpg,irregular
308382.jpg,elliptical
308394.jpg,elliptical
308398.jpg,elliptical
308401.jpg,spiral
308413.jpg,irregular
308414.jpg,elliptical
308457.jpg,elliptical
308515.jpg,elliptical
308547.jpg,irregular
308572.jpg,spiral
308574.jpg,elliptical
308583.jpg,elliptical
308589.jpg,irregular
308686.jpg,irregular
308723.jpg,elliptical
308735.jpg,irregular
308737.jpg,elliptical
308762.jpg,spiral
308798.jpg,spiral
308801.jpg,elliptical
308815.jpg,elliptical
308826.jpg,elliptical
308833.jpg,elliptical
308839.jpg,irregular
308869.jpg,elliptical
308875.jpg,elliptical
308885.jpg,spiral
308914.jpg,spiral
308918.jpg,irregular
309005.jpg,spiral
309010.jpg,elliptical
309014.jpg,spiral
309025.jpg,spiral
309027.jpg,elliptical
309128.jpg,elliptical
309145.jpg,irregular
309162.jpg,elliptical
309184.jpg,elliptical
309195.jpg,irregular
309198.jpg,spiral
309204.jpg,spiral
309207.jpg,elliptical
309218.jpg,spiral
309303.jpg,spiral
309308.jpg,irregular
309318.jpg,irregular
309376.jpg,elliptical
309383.jpg,irregular
309401.jpg,elliptical
309403.jpg,irregular
309426.jpg,spiral
309517.jpg,irregular
309530.jpg,elliptical
309544.jpg,elliptical
309559.jpg,elliptical
309603.jpg,elliptical
309605.jpg,irregular
309608.jpg,elliptical
309658.jpg,elliptical
309664.jpg,spiral
309677.jpg,elliptical
309727.jpg,elliptical
309737.jpg,irregular
309799.jpg,elliptical
309802.jpg,elliptical
309828.jpg,elliptical
309843.jpg,spiral
309844.jpg,irregular
309860.jpg,irregular
309864.jpg,elliptical
309902.jpg,irregular
309939.jpg,irregular
309942.jpg,elliptical
309956.jpg,irregular
309958.jpg,elliptical
309972.jpg,irregular
310066.jpg,elliptical
310078.jpg,spiral
310082.jpg,elliptical
310110.jpg,elliptical
310132.jpg,irregular
310133.jpg,irregular
310138.jpg,elliptical
310139.jpg,elliptical
310145.jpg,spiral
310155.jpg,irregular
310167.jpg,elliptical
310208.jpg,elliptical
310222.jpg,elliptical
310228.jpg,irregular
310246.jpg,elliptical
310247.jpg,irregular
310282.jpg,spiral
310283.jpg,spiral
310300.jpg,elliptical
310333.jpg,elliptical
310375.jpg,elliptical
310376.jpg,elliptical
310383.jpg,elliptical
310424.jpg,spiral
310436.jpg,spiral
310442.jpg,elliptical
310475.jpg,irregular
310478.jpg,spiral
310481.jpg,spiral
310484.jpg,elliptical
310527.jpg,elliptical
310558.jpg,irregular
310568.jpg,irregular
310575.jpg,elliptical
310623.jpg,spiral
310636.jpg,spiral
310646.jpg,irregular
310680.jpg,elliptical
310806.jpg,elliptical
310817.jpg,elliptical
310820.jpg,spiral
310828.jpg,elliptical
310845.jpg,elliptical
310914.jpg,elliptical
310931.jpg,spiral
310932.jpg,elliptical
310951.jpg,elliptical
310971.jpg,elliptical
310973.jpg,elliptical
311048.jpg,elliptical
311063.jpg,elliptical
311082.jpg,elliptical
311104.jpg,elliptical
311107.jpg,elliptical
311114.jpg,elliptical
311125.jpg,elliptical
311175.jpg,spiral
311183.jpg,elliptical
311188.jpg,elliptical
311192.jpg,elliptical
311223.jpg,elliptical
311257.jpg,elliptical
311290.jpg,elliptical
311373.jpg,spiral
311380.jpg,elliptical
311442.jpg,spiral
311479.jpg,elliptical
311490.jpg,spiral
311517.jpg,elliptical
311520.jpg,elliptical
311527.jpg,elliptical
311553.jpg,irregular
311581.jpg,elliptical
311587.jpg,irregular
311620.jpg,spiral
311636.jpg,irregular
311686.jpg,elliptical
311701.jpg,spiral
311774.jpg,spiral
311787.jpg,elliptical
311877.jpg,elliptical
311894.jpg,elliptical
311949.jpg,elliptical
311962.jpg,elliptical
312005.jpg,elliptical
312032.jpg,elliptical
312034.jpg,elliptical
312043.jpg,spiral
312085.jpg,elliptical
312110.jpg,elliptical
312125.jpg,elliptical
312143.jpg,elliptical
312150.jpg,spiral
312163.jpg,elliptical
312175.jpg,spiral
312213.jpg,elliptical
312255.jpg,spiral
312266.jpg,irregular
312273.jpg,elliptical
312301.jpg,elliptical
312344.jpg,spiral
312375.jpg,irregular
312382.jpg,elliptical
312403.jpg,elliptical
312446.jpg,elliptical
312454.jpg,spiral
312465.jpg,elliptical
312467.jpg,elliptical
312470.jpg,elliptical
312506.jpg,elliptical
312571.jpg,irregular
312596.jpg,elliptical
312599.jpg,spiral
312604.jpg,elliptical
312655.jpg,irregular
312657.jpg,elliptical
312664.jpg,elliptical
312689.jpg,spiral
312814.jpg,irregular
312889.jpg,elliptical
312941.jpg,irregular
312948.jpg,elliptical
312965.jpg,elliptical
312988.jpg,spiral
312998.jpg,elliptical
313018.jpg,elliptical
313024.jpg,elliptical
313028.jpg,irregular
313054.jpg,spiral
313098.jpg,elliptical
313123.jpg,elliptical
313129.jpg,irregular
313201.jpg,spiral
313220.jpg,elliptical
313227.jpg,elliptical
313265.jpg,elliptical
313274.jpg,elliptical
313287.jpg,elliptical
313424.jpg,irregular
313427.jpg,elliptical
313429.jpg,elliptical
313432.jpg,spiral
313447.jpg,spiral
313481.jpg,elliptical
313530.jpg,elliptical
313593.jpg,irregular
313604.jpg,irregular
313635.jpg,elliptical
313646.jpg,spiral
313697.jpg,spiral
313744.jpg,spiral
313771.jpg,elliptical
313774.jpg,elliptical
313794.jpg,irregular
313833.jpg,elliptical
313857.jpg,elliptical
313915.jpg,irregular
313958.jpg,elliptical
314012.jpg,elliptical
314019.jpg,irregular
314024.jpg,irregular
314042.jpg,spiral
314057.jpg,elliptical
314077.jpg,elliptical
314124.jpg,elliptical
314130.jpg,irregular
314137.jpg,elliptical
314140.jpg,spiral
314258.jpg,irregular
314287.jpg,spiral
314328.jpg,elliptical
314329.jpg,irregular
314335.jpg,irregular
314363.jpg,elliptical
314384.jpg,elliptical
314404.jpg,elliptical
314427.jpg,elliptical
314450.jpg,irregular
314451.jpg,irregular
314458.jpg,spiral
314500.jpg,irregular
314516.jpg,irregular
314587.jpg,elliptical
314596.jpg,irregular
314597.jpg,elliptical
314622.jpg,irregular
314634.jpg,spiral
314656.jpg,elliptical
314669.jpg,elliptical
314694.jpg,elliptical
314700.jpg,elliptical
314701.jpg,elliptical
314705.jpg,irregular
314724.jpg,elliptical
314751.jpg,elliptical
314752.jpg,elliptical
314767.jpg,elliptical
314772.jpg,elliptical
314795.jpg,elliptical
314867.jpg,elliptical
314868.jpg,spiral
314911.jpg,elliptical
315079.jpg,spiral
315131.jpg,elliptical
315140.jpg,elliptical
315146.jpg,elliptical
315160.jpg,elliptical
315199.jpg,elliptical
315226.jpg,irregular
315232.jpg,elliptical
315233.jpg,elliptical
315265.jpg,elliptical
315277.jpg,spiral
315281.jpg,elliptical
315332.jpg,elliptical
315335.jpg,elliptical
315386.jpg,irregular
315392.jpg,spiral
315393.jpg,elliptical
315397.jpg,elliptical
315412.jpg,elliptical
315438.jpg,elliptical
315440.jpg,elliptical
315452.jpg,elliptical
315455.jpg,elliptical
315457.jpg,elliptical
315466.jpg,spiral
315494.jpg,irregular
315519.jpg,elliptical
315521.jpg,elliptical
315547.jpg,elliptical
315551.jpg,spiral
315570.jpg,elliptical
315617.jpg,elliptical
315619.jpg,elliptical
315627.jpg,elliptical
315655.jpg,elliptical
315656.jpg,spiral
315667.jpg,elliptical
315688.jpg,elliptical
315697.jpg,irregular
315698.jpg,irregular
315700.jpg,elliptical
315701.jpg,elliptical
315705.jpg,elliptical
315707.jpg,elliptical
315733.jpg,irregular
315767.jpg,irregular
315894.jpg,elliptical
315958.jpg,spiral
315988.jpg,spiral
316047.jpg,elliptical
316090.jpg,elliptical
316117.jpg,spiral
316136.jpg,spiral
316141.jpg,elliptical
316166.jpg,irregular
316185.jpg,elliptical
316186.jpg,irregular
316206.jpg,spiral
316209.jpg,elliptical
316214.jpg,elliptical
316216.jpg,elliptical
316273.jpg,elliptical
316290.jpg,irregular
316304.jpg,spiral
316307.jpg,elliptical
316342.jpg,elliptical
316355.jpg,irregular
316361.jpg,spiral
316387.jpg,elliptical
316394.jpg,elliptical
316412.jpg,irregular
316444.jpg,spiral
316455.jpg,elliptical
316473.jpg,spiral
316474.jpg,elliptical
316478.jpg,elliptical
316484.jpg,elliptical
316539.jpg,elliptical
316605.jpg,elliptical
316613.jpg,irregular
316617.jpg,elliptical
316643.jpg,elliptical
316649.jpg,spiral
316676.jpg,elliptical
316687.jpg,spiral
316690.jpg,elliptical
316725.jpg,spiral
316756.jpg,elliptical
316764.jpg,elliptical
316772.jpg,elliptical
316775.jpg,irregular
316873.jpg,irregular
316876.jpg,elliptical
316921.jpg,spiral
316931.jpg,spiral
316937.jpg,elliptical
316967.jpg,spiral
316969.jpg,elliptical
316981.jpg,elliptical
317002.jpg,irregular
317039.jpg,spiral
317053.jpg,irregular
317055.jpg,irregular
317125.jpg,elliptical
317130.jpg,spiral
317142.jpg,elliptical
317143.jpg,irregular
317149.jpg,elliptical
317154.jpg,elliptical
317180.jpg,elliptical
317194.jpg,spiral
317232.jpg,elliptical
317234.jpg,elliptical
317248.jpg,irregular
317303.jpg,elliptical
317305.jpg,elliptical
317310.jpg,elliptical
317338.jpg,irregular
317349.jpg,elliptical
317385.jpg,elliptical
317463.jpg,elliptical
317467.jpg,elliptical
317484.jpg,elliptical
317612.jpg,elliptical
317641.jpg,elliptical
317647.jpg,spiral
317698.jpg,irregular
317718.jpg,elliptical
317749.jpg,elliptical
317757.jpg,elliptical
317779.jpg,elliptical
317781.jpg,elliptical
317793.jpg,irregular
317812.jpg,spiral
317820.jpg,elliptical
317829.jpg,elliptical
317842.jpg,irregular
317853.jpg,spiral
317859.jpg,spiral
317892.jpg,elliptical
317918.jpg,elliptical
317987.jpg,elliptical
317995.jpg,elliptical
318038.jpg,irregular
318045.jpg,elliptical
318079.jpg,elliptical
318085.jpg,elliptical
318113.jpg,elliptical
318156.jpg,elliptical
318183.jpg,elliptical
318223.jpg,irregular
318225.jpg,elliptical
318250.jpg,irregular
318277.jpg,spiral
318289.jpg,spiral
318330.jpg,elliptical
318345.jpg,elliptical
318355.jpg,elliptical
318381.jpg,elliptical
318424.jpg,spiral
318439.jpg,elliptical
318441.jpg,elliptical
318468.jpg,spiral
318491.jpg,elliptical
318495.jpg,spiral
318497.jpg,spiral
318508.jpg,elliptical
318525.jpg,spiral
318563.jpg,spiral
318583.jpg,elliptical
318587.jpg,elliptical
318603.jpg,elliptical
318635.jpg,elliptical
318642.jpg,elliptical
318659.jpg,elliptical
318671.jpg,irregular
318678.jpg,spiral
318697.jpg,elliptical
318763.jpg,elliptical
318779.jpg,irregular
318780.jpg,irregular
318781.jpg,elliptical
318802.jpg,elliptical
318827.jpg,elliptical
318838.jpg,elliptical
318861.jpg,elliptical
318877.jpg,elliptical
318878.jpg,elliptical
318880.jpg,elliptical
318891.jpg,elliptical
318905.jpg,elliptical
318912.jpg,elliptical
318932.jpg,elliptical
318997.jpg,elliptical
319066.jpg,elliptical
319068.jpg,spiral
319085.jpg,spiral
319096.jpg,spiral
319106.jpg,irregular
319147.jpg,elliptical
319163.jpg,elliptical
319169.jpg,elliptical
319171.jpg,elliptical
319205.jpg,spiral
319255.jpg,elliptical
319300.jpg,spiral
319379.jpg,irregular
319381.jpg,spiral
319391.jpg,elliptical
319413.jpg,spiral
319419.jpg,elliptical
319420.jpg,elliptical
319421.jpg,elliptical
319516.jpg,spiral
319534.jpg,irregular
319590.jpg,elliptical
319643.jpg,elliptical
319663.jpg,irregular
319679.jpg,elliptical
319686.jpg,elliptical
319688.jpg,elliptical
319703.jpg,irregular
319767.jpg,elliptical
319774.jpg,elliptical
319798.jpg,elliptical
319808.jpg,elliptical
319809.jpg,spiral
319839.jpg,elliptical
319856.jpg,spiral
319879.jpg,elliptical
319929.jpg,elliptical
319978.jpg,irregular
319983.jpg,elliptical
319996.jpg,elliptical
320011.jpg,elliptical
320035.jpg,elliptical
320065.jpg,irregular
320073.jpg,elliptical
320081.jpg,elliptical
320091.jpg,spiral
320105.jpg,spiral
320128.jpg,elliptical
320131.jpg,irregular
320141.jpg,elliptical
320146.jpg,elliptical
320153.jpg,elliptical
320158.jpg,irregular
320160.jpg,elliptical
320190.jpg,elliptical
320192.jpg,irregular
320196.jpg,spiral
320202.jpg,irregular
320214.jpg,elliptical
320223.jpg,elliptical
320234.jpg,spiral
320244.jpg,spiral
320299.jpg,elliptical
320347.jpg,elliptical
320389.jpg,elliptical
320395.jpg,spiral
320417.jpg,elliptical
320440.jpg,elliptical
320488.jpg,irregular
320492.jpg,elliptical
320508.jpg,elliptical
320552.jpg,elliptical
320578.jpg,elliptical
320634.jpg,elliptical
320637.jpg,elliptical
320640.jpg,elliptical
320671.jpg,elliptical
320741.jpg,irregular
320743.jpg,elliptical
320762.jpg,irregular
320768.jpg,elliptical
320786.jpg,elliptical
320829.jpg,elliptical
320835.jpg,elliptical
320840.jpg,elliptical
320852.jpg,irregular
320884.jpg,elliptical
320902.jpg,irregular
320919.jpg,spiral
320952.jpg,spiral
320965.jpg,elliptical
320985.jpg,irregular
320989.jpg,elliptical
321038.jpg,elliptical
321042.jpg,elliptical
321044.jpg,elliptical
321058.jpg,elliptical
321081.jpg,elliptical
321083.jpg,elliptical
321133.jpg,irregular
321136.jpg,spiral
321141.jpg,elliptical
321172.jpg,elliptical
321174.jpg,elliptical
321187.jpg,irregular
321207.jpg,elliptical
321210.jpg,irregular
321269.jpg,irregular
321287.jpg,irregular
321378.jpg,elliptical
321389.jpg,spiral
321465.jpg,elliptical
321472.jpg,spiral
321473.jpg,spiral
321541.jpg,elliptical
321545.jpg,elliptical
321554.jpg,irregular
321578.jpg,spiral
321590.jpg,spiral
321609.jpg,elliptical
321611.jpg,elliptical
321621.jpg,elliptical
321646.jpg,spiral
321651.jpg,elliptical
321691.jpg,spiral
321707.jpg,spiral
321723.jpg,elliptical
321739.jpg,elliptical
321748.jpg,elliptical
321791.jpg,spiral
321825.jpg,elliptical
321872.jpg,elliptical
321877.jpg,irregular
321904.jpg,spiral
321915.jpg,elliptical
321916.jpg,elliptical
321939.jpg,spiral
321942.jpg,spiral
321948.jpg,elliptical
322007.jpg,irregular
322030.jpg,spiral
322031.jpg,elliptical
322036.jpg,irregular
322045.jpg,elliptical
322059.jpg,elliptical
322068.jpg,elliptical
322105.jpg,irregular
322110.jpg,irregular
322167.jpg,spiral
322178.jpg,elliptical
322192.jpg,spiral
322204.jpg,elliptical
322211.jpg,irregular
322223.jpg,spiral
322281.jpg,elliptical
322283.jpg,irregular
322320.jpg,elliptical
322338.jpg,spiral
322401.jpg,elliptical
322455.jpg,spiral
322528.jpg,elliptical
322546.jpg,elliptical
322548.jpg,spiral
322550.jpg,elliptical
322554.jpg,irregular
322689.jpg,spiral
322704.jpg,elliptical
322720.jpg,elliptical
322765.jpg,spiral
322782.jpg,elliptical
322803.jpg,elliptical
322806.jpg,spiral
322821.jpg,elliptical
322824.jpg,elliptical
322847.jpg,elliptical
322875.jpg,spiral
322947.jpg,elliptical
322968.jpg,elliptical
322996.jpg,elliptical
323036.jpg,elliptical
323071.jpg,elliptical
323116.jpg,elliptical
323126.jpg,elliptical
323145.jpg,elliptical
323152.jpg,elliptical
323205.jpg,spiral
323209.jpg,elliptical
323217.jpg,elliptical
323236.jpg,elliptical
323248.jpg,irregular
323262.jpg,irregular
323264.jpg,elliptical
323278.jpg,spiral
323296.jpg,elliptical
323300.jpg,elliptical
323345.jpg,elliptical
323391.jpg,elliptical
323396.jpg,irregular
323405.jpg,elliptical
323414.jpg,spiral
323454.jpg,elliptical
323455.jpg,elliptical
323457.jpg,spiral
323482.jpg,elliptical
323510.jpg,elliptical
323531.jpg,spiral
323534.jpg,spiral
323591.jpg,irregular
323596.jpg,elliptical
323614.jpg,elliptical
323624.jpg,elliptical
323629.jpg,elliptical
323641.jpg,spiral
323695.jpg,elliptical
323727.jpg,irregular
323779.jpg,irregular
323787.jpg,elliptical
323810.jpg,spiral
323835.jpg,elliptical
323869.jpg,elliptical
323875.jpg,elliptical
323896.jpg,elliptical
323948.jpg,spiral
323969.jpg,spiral
323989.jpg,elliptical
324055.jpg,elliptical
324071.jpg,elliptical
324082.jpg,spiral
324127.jpg,elliptical
324138.jpg,spiral
324140.jpg,irregular
324148.jpg,elliptical
324149.jpg,elliptical
324171.jpg,spiral
324184.jpg,elliptical
324196.jpg,elliptical
324202.jpg,spiral
324277.jpg,elliptical
324279.jpg,elliptical
324289.jpg,elliptical
324297.jpg,elliptical
324323.jpg,irregular
324339.jpg,spiral
324396.jpg,elliptical
324405.jpg,irregular
324422.jpg,elliptical
324447.jpg,spiral
324459.jpg,elliptical
324501.jpg,elliptical
324502.jpg,elliptical
324515.jpg,elliptical
324516.jpg,elliptical
324522.jpg,elliptical
324531.jpg,elliptical
324533.jpg,elliptical
324536.jpg,irregular
324579.jpg,elliptical
324594.jpg,irregular
324610.jpg,elliptical
324616.jpg,elliptical
324620.jpg,elliptical
324671.jpg,irregular
324676.jpg,elliptical
324698.jpg,elliptical
324699.jpg,spiral
324703.jpg,elliptical
324716.jpg,spiral
324719.jpg,irregular
324735.jpg,spiral
324744.jpg,elliptical
324751.jpg,irregular
324765.jpg,spiral
324840.jpg,irregular
324937.jpg,elliptical
324971.jpg,spiral
324977.jpg,elliptical
325030.jpg,elliptical
325036.jpg,elliptical
325049.jpg,elliptical
325063.jpg,elliptical
325064.jpg,elliptical
325091.jpg,elliptical
325107.jpg,irregular
325123.jpg,spiral
325139.jpg,irregular
325198.jpg,elliptical
325266.jpg,elliptical
325280.jpg,irregular
325302.jpg,irregular
325304.jpg,irregular
325314.jpg,spiral
325342.jpg,elliptical
325343.jpg,elliptical
325361.jpg,elliptical
325376.jpg,elliptical
325388.jpg,elliptical
325429.jpg,elliptical
325451.jpg,elliptical
325453.jpg,irregular
325456.jpg,irregular
325462.jpg,elliptical
325464.jpg,elliptical
325499.jpg,elliptical
325500.jpg,elliptical
325501.jpg,irregular
325563.jpg,spiral
325589.jpg,elliptical
325601.jpg,irregular
325627.jpg,elliptical
325631.jpg,irregular
325650.jpg,spiral
325688.jpg,irregular
325702.jpg,irregular
325745.jpg,irregular
325756.jpg,irregular
325781.jpg,spiral
325784.jpg,elliptical
325786.jpg,elliptical
325806.jpg,spiral
325821.jpg,elliptical
325832.jpg,elliptical
325876.jpg,irregular
325894.jpg,elliptical
325913.jpg,elliptical
325921.jpg,irregular
325994.jpg,elliptical
326016.jpg,spiral
326046.jpg,elliptical
326069.jpg,irregular
326121.jpg,elliptical
326130.jpg,elliptical
326136.jpg,irregular
326150.jpg,elliptical
326179.jpg,elliptical
326194.jpg,spiral
326197.jpg,spiral
326226.jpg,elliptical
326231.jpg,spiral
326248.jpg,elliptical
326313.jpg,elliptical
326320.jpg,elliptical
326363.jpg,elliptical
326378.jpg,irregular
326381.jpg,elliptical
326409.jpg,elliptical
326414.jpg,irregular
326417.jpg,spiral
326482.jpg,elliptical
326495.jpg,spiral
326539.jpg,spiral
326559.jpg,elliptical
326570.jpg,elliptical
326596.jpg,irregular
326640.jpg,spiral
326663.jpg,elliptical
326688.jpg,spiral
326689.jpg,elliptical
326732.jpg,elliptical
326799.jpg,elliptical
326817.jpg,irregular
326821.jpg,elliptical
326835.jpg,irregular
326858.jpg,elliptical
326885.jpg,elliptical
326910.jpg,elliptical
326913.jpg,elliptical
326926.jpg,elliptical
326979.jpg,elliptical
326994.jpg,elliptical
327011.jpg,spiral
327020.jpg,elliptical
327075.jpg,spiral
327080.jpg,elliptical
327098.jpg,irregular
327119.jpg,elliptical
327123.jpg,spiral
327163.jpg,elliptical
327202.jpg,elliptical
327206.jpg,irregular
327257.jpg,elliptical
327281.jpg,elliptical
327299.jpg,elliptical
327313.jpg,elliptical
327318.jpg,elliptical
327375.jpg,elliptical
327468.jpg,elliptical
327524.jpg,irregular
327574.jpg,elliptical
327584.jpg,spiral
327615.jpg,elliptical
327649.jpg,elliptical
327654.jpg,elliptical
327696.jpg,elliptical
327708.jpg,spiral
327754.jpg,elliptical
327760.jpg,spiral
327783.jpg,elliptical
327819.jpg,irregular
327831.jpg,elliptical
327852.jpg,spiral
327854.jpg,elliptical
327884.jpg,spiral
327932.jpg,elliptical
327945.jpg,elliptical
327967.jpg,spiral
327977.jpg,elliptical
328002.jpg,spiral
328006.jpg,elliptical
328038.jpg,elliptical
328084.jpg,elliptical
328110.jpg,elliptical
328113.jpg,elliptical
328208.jpg,irregular
328238.jpg,elliptical
328261.jpg,spiral
328287.jpg,irregular
328295.jpg,elliptical
328307.jpg,elliptical
328332.jpg,elliptical
328346.jpg,elliptical
328374.jpg,irregular
328399.jpg,irregular
328404.jpg,elliptical
328488.jpg,elliptical
328494.jpg,irregular
328550.jpg,irregular
328586.jpg,elliptical
328600.jpg,elliptical
328611.jpg,spiral
328656.jpg,elliptical
328683.jpg,irregular
328706.jpg,elliptical
328727.jpg,elliptical
328730.jpg,irregular
328736.jpg,elliptical
328740.jpg,irregular
328749.jpg,irregular
328763.jpg,elliptical
328775.jpg,elliptical
328803.jpg,spiral
328837.jpg,elliptical
328852.jpg,elliptical
328879.jpg,elliptical
328913.jpg,spiral
328924.jpg,spiral
328945.jpg,irregular
328978.jpg,irregular
329000.jpg,irregular
329019.jpg,elliptical
329032.jpg,elliptical
329041.jpg,elliptical
329052.jpg,elliptical
329060.jpg,elliptical
329062.jpg,elliptical
329074.jpg,irregular
329095.jpg,irregular
329111.jpg,irregular
329118.jpg,elliptical
329124.jpg,irregular
329128.jpg,elliptical
329136.jpg,elliptical
329137.jpg,irregular
329148.jpg,elliptical
329155.jpg,spiral
329171.jpg,spiral
329178.jpg,irregular
329193.jpg,elliptical
329238.jpg,irregular
329246.jpg,spiral
329276.jpg,elliptical
329317.jpg,elliptical
329396.jpg,irregular
329422.jpg,irregular
329423.jpg,elliptical
329426.jpg,spiral
329436.jpg,elliptical
329451.jpg,elliptical
329463.jpg,elliptical
329493.jpg,irregular
329516.jpg,irregular
329551.jpg,elliptical
329577.jpg,irregular
329578.jpg,elliptical
329588.jpg,elliptical
329598.jpg,irregular
329613.jpg,elliptical
329622.jpg,elliptical
329623.jpg,irregular
329628.jpg,elliptical
329652.jpg,spiral
329674.jpg,elliptical
329682.jpg,elliptical
329689.jpg,elliptical
329736.jpg,spiral
329752.jpg,spiral
329754.jpg,spiral
329786.jpg,elliptical
329807.jpg,elliptical
329813.jpg,irregular
329818.jpg,irregular
329835.jpg,spiral
329866.jpg,irregular
329875.jpg,spiral
329882.jpg,irregular
329964.jpg,spiral
329987.jpg,elliptical
329989.jpg,elliptical
329999.jpg,spiral
330056.jpg,elliptical
330061.jpg,irregular
330066.jpg,spiral
330070.jpg,spiral
330089.jpg,spiral
330118.jpg,elliptical
330125.jpg,irregular
330155.jpg,elliptical
330166.jpg,elliptical
330176.jpg,spiral
330186.jpg,elliptical
330233.jpg,elliptical
330235.jpg,elliptical
330241.jpg,elliptical
330245.jpg,elliptical
330274.jpg,elliptical
330276.jpg,elliptical
330280.jpg,elliptical
330287.jpg,elliptical
330328.jpg,spiral
330337.jpg,elliptical
330345.jpg,elliptical
330355.jpg,irregular
330415.jpg,elliptical
330473.jpg,spiral
330480.jpg,elliptical
330488.jpg,spiral
330517.jpg,irregular
330520.jpg,irregular
330594.jpg,spiral
330625.jpg,irregular
330632.jpg,spiral
330672.jpg,elliptical
330688.jpg,spiral
330694.jpg,spiral
330756.jpg,elliptical
330762.jpg,elliptical
330821.jpg,elliptical
330841.jpg,elliptical
330885.jpg,elliptical
330894.jpg,elliptical
330902.jpg,spiral
330903.jpg,spiral
330910.jpg,irregular
330920.jpg,spiral
330950.jpg,elliptical
330969.jpg,elliptical
330999.jpg,spiral
331000.jpg,irregular
331003.jpg,irregular
331009.jpg,spiral
331037.jpg,elliptical
331061.jpg,irregular
331069.jpg,spiral
331072.jpg,spiral
331083.jpg,elliptical
331088.jpg,irregular
331137.jpg,elliptical
331167.jpg,elliptical
331174.jpg,irregular
331181.jpg,elliptical
331183.jpg,irregular
331197.jpg,elliptical
331218.jpg,elliptical
331227.jpg,irregular
331228.jpg,irregular
331295.jpg,elliptical
331310.jpg,elliptical
331323.jpg,elliptical
331339.jpg,spiral
331358.jpg,elliptical
331389.jpg,elliptical
331398.jpg,irregular
331401.jpg,elliptical
331403.jpg,elliptical
331407.jpg,irregular
331415.jpg,irregular
331421.jpg,elliptical
331438.jpg,irregular
331441.jpg,elliptical
331455.jpg,elliptical
331457.jpg,irregular
331498.jpg,elliptical
331547.jpg,irregular
331567.jpg,elliptical
331610.jpg,elliptical
331611.jpg,elliptical
331622.jpg,irregular
331651.jpg,spiral
331668.jpg,irregular
331675.jpg,spiral
331705.jpg,elliptical
331731.jpg,elliptical
331754.jpg,spiral
331826.jpg,elliptical
331864.jpg,spiral
331960.jpg,elliptical
331970.jpg,elliptical
331974.jpg,irregular
331996.jpg,spiral
332001.jpg,elliptical
332008.jpg,spiral
332030.jpg,elliptical
332053.jpg,elliptical
332084.jpg,elliptical
332100.jpg,elliptical
332102.jpg,elliptical
332122.jpg,irregular
332126.jpg,elliptical
332129.jpg,irregular
332150.jpg,elliptical
332292.jpg,spiral
332294.jpg,spiral
332331.jpg,irregular
332334.jpg,spiral
332351.jpg,elliptical
332394.jpg,elliptical
332426.jpg,spiral
332451.jpg,irregular
332458.jpg,elliptical
332465.jpg,spiral
332473.jpg,elliptical
332478.jpg,irregular
332547.jpg,elliptical
332558.jpg,elliptical
332577.jpg,spiral
332600.jpg,spiral
332601.jpg,elliptical
332615.jpg,elliptical
332624.jpg,elliptical
332677.jpg,elliptical
332693.jpg,irregular
332699.jpg,irregular
332748.jpg,elliptical
332750.jpg,irregular
332754.jpg,elliptical
332781.jpg,irregular
332795.jpg,elliptical
332798.jpg,elliptical
332805.jpg,elliptical
332813.jpg,spiral
332826.jpg,irregular
332845.jpg,elliptical
332866.jpg,elliptical
332883.jpg,elliptical
332931.jpg,elliptical
333017.jpg,elliptical
333030.jpg,elliptical
333063.jpg,spiral
333071.jpg,spiral
333085.jpg,elliptical
333088.jpg,spiral
333120.jpg,elliptical
333139.jpg,elliptical
333147.jpg,elliptical
333156.jpg,elliptical
333238.jpg,irregular
333245.jpg,irregular
333261.jpg,elliptical
333289.jpg,spiral
333424.jpg,irregular
333434.jpg,spiral
333439.jpg,elliptical
333489.jpg,elliptical
333496.jpg,irregular
333501.jpg,irregular
333505.jpg,elliptical
333531.jpg,irregular
333533.jpg,irregular
333539.jpg,spiral
333548.jpg,spiral
333624.jpg,elliptical
333639.jpg,irregular
333669.jpg,irregular
333676.jpg,elliptical
333701.jpg,spiral
333715.jpg,elliptical
333719.jpg,spiral
333732.jpg,irregular
333742.jpg,elliptical
333746.jpg,elliptical
333762.jpg,elliptical
333791.jpg,irregular
333837.jpg,irregular
333864.jpg,irregular
333869.jpg,elliptical
333877.jpg,elliptical
333890.jpg,irregular
333891.jpg,elliptical
333917.jpg,spiral
333924.jpg,irregular
333925.jpg,elliptical
334020.jpg,elliptical
334050.jpg,elliptical
334073.jpg,irregular
334084.jpg,elliptical
334106.jpg,elliptical
334140.jpg,elliptical
334185.jpg,elliptical
334242.jpg,elliptical
334266.jpg,elliptical
334273.jpg,irregular
334376.jpg,elliptical
334498.jpg,elliptical
334502.jpg,elliptical
334550.jpg,elliptical
334561.jpg,spiral
334594.jpg,spiral
334608.jpg,spiral
334622.jpg,irregular
334705.jpg,elliptical
334721.jpg,spiral
334751.jpg,elliptical
334773.jpg,elliptical
334832.jpg,elliptical
334836.jpg,elliptical
334845.jpg,spiral
334872.jpg,spiral
334908.jpg,spiral
334945.jpg,elliptical
334947.jpg,elliptical
334972.jpg,spiral
335020.jpg,spiral
335029.jpg,irregular
335040.jpg,irregular
335061.jpg,elliptical
335064.jpg,irregular
335086.jpg,elliptical
335089.jpg,spiral
335105.jpg,spiral
335128.jpg,spiral
335161.jpg,elliptical
335179.jpg,elliptical
335197.jpg,elliptical
335205.jpg,elliptical
335222.jpg,spiral
335232.jpg,irregular
335260.jpg,spiral
335263.jpg,elliptical
335275.jpg,elliptical
335282.jpg,spiral
335293.jpg,spiral
335296.jpg,elliptical
335299.jpg,elliptical
335315.jpg,irregular
335395.jpg,elliptical
335400.jpg,elliptical
335412.jpg,spiral
335422.jpg,spiral
335462.jpg,spiral
335509.jpg,elliptical
335528.jpg,elliptical
335537.jpg,elliptical
335546.jpg,elliptical
335575.jpg,spiral
335580.jpg,irregular
335594.jpg,elliptical
335608.jpg,elliptical
335730.jpg,elliptical
335753.jpg,elliptical
335813.jpg,elliptical
335819.jpg,elliptical
335887.jpg,spiral
335894.jpg,irregular
335909.jpg,spiral
335912.jpg,elliptical
335940.jpg,elliptical
335988.jpg,elliptical
335990.jpg,spiral
336012.jpg,irregular
336029.jpg,elliptical
336060.jpg,irregular
336081.jpg,irregular
336097.jpg,elliptical
336109.jpg,spiral
336146.jpg,elliptical
336167.jpg,elliptical
336177.jpg,elliptical
336195.jpg,elliptical
336233.jpg,elliptical
336242.jpg,elliptical
336245.jpg,irregular
336247.jpg,elliptical
336269.jpg,spiral
336293.jpg,elliptical
336303.jpg,irregular
336311.jpg,spiral
336324.jpg,irregular
336330.jpg,elliptical
336406.jpg,elliptical
336425.jpg,elliptical
336436.jpg,irregular
336438.jpg,elliptical
336491.jpg,elliptical
336551.jpg,elliptical
336567.jpg,spiral
336610.jpg,irregular
336625.jpg,elliptical
336633.jpg,spiral
336634.jpg,irregular
336635.jpg,elliptical
336640.jpg,elliptical
336682.jpg,elliptical
336686.jpg,elliptical
336703.jpg,elliptical
336763.jpg,elliptical
336790.jpg,irregular
336803.jpg,elliptical
336823.jpg,irregular
336877.jpg,spiral
336897.jpg,elliptical
336903.jpg,spiral
336905.jpg,elliptical
336920.jpg,spiral
336933.jpg,elliptical
336983.jpg,irregular
337050.jpg,irregular
337091.jpg,irregular
337139.jpg,elliptical
337161.jpg,elliptical
337166.jpg,elliptical
337261.jpg,elliptical
337267.jpg,irregular
337279.jpg,spiral
337301.jpg,elliptical
337311.jpg,elliptical
337339.jpg,elliptical
337342.jpg,elliptical
337361.jpg,spiral
337418.jpg,elliptical
337452.jpg,elliptical
337466.jpg,elliptical
337504.jpg,irregular
337524.jpg,spiral
337538.jpg,elliptical
337564.jpg,elliptical
337567.jpg,elliptical
337571.jpg,elliptical
337577.jpg,elliptical
337589.jpg,spiral
337590.jpg,elliptical
337596.jpg,elliptical
337667.jpg,elliptical
337679.jpg,elliptical
337686.jpg,elliptical
337693.jpg,elliptical
337699.jpg,irregular
337750.jpg,elliptical
337751.jpg,irregular
337752.jpg,elliptical
337770.jpg,elliptical
337774.jpg,elliptical
337806.jpg,irregular
337838.jpg,spiral
337846.jpg,spiral
337884.jpg,elliptical
337923.jpg,elliptical
337926.jpg,elliptical
338007.jpg,elliptical
338045.jpg,elliptical
338046.jpg,elliptical
338053.jpg,irregular
338071.jpg,elliptical
338073.jpg,elliptical
338080.jpg,spiral
338084.jpg,elliptical
338089.jpg,irregular
338114.jpg,spiral
338131.jpg,elliptical
338144.jpg,elliptical
338150.jpg,elliptical
338153.jpg,elliptical
338162.jpg,elliptical
338189.jpg,elliptical
338196.jpg,elliptical
338208.jpg,spiral
338209.jpg,spiral
338220.jpg,elliptical
338221.jpg,irregular
338225.jpg,elliptical
338277.jpg,irregular
338310.jpg,irregular
338321.jpg,elliptical
338322.jpg,irregular
338329.jpg,elliptical
338356.jpg,elliptical
338399.jpg,irregular
338401.jpg,elliptical
338419.jpg,elliptical
338459.jpg,elliptical
338489.jpg,elliptical
338518.jpg,elliptical
338533.jpg,elliptical
338547.jpg,elliptical
338551.jpg,elliptical
338552.jpg,elliptical
338574.jpg,spiral
338580.jpg,irregular
338584.jpg,elliptical
338585.jpg,spiral
338604.jpg,irregular
338624.jpg,elliptical
338652.jpg,elliptical
338682.jpg,spiral
338689.jpg,spiral
338701.jpg,elliptical
338707.jpg,irregular
338715.jpg,spiral
338728.jpg,elliptical
338731.jpg,elliptical
338805.jpg,spiral
338806.jpg,elliptical
338807.jpg,spiral
338845.jpg,irregular
338877.jpg,spiral
338878.jpg,spiral
338879.jpg,elliptical
338915.jpg,irregular
338923.jpg,elliptical
338940.jpg,irregular
338958.jpg,spiral
338959.jpg,irregular
338969.jpg,irregular
338992.jpg,irregular
338997.jpg,spiral
339026.jpg,irregular
339060.jpg,elliptical
339070.jpg,elliptical
339079.jpg,elliptical
339097.jpg,elliptical
339101.jpg,elliptical
339132.jpg,elliptical
339146.jpg,elliptical
339252.jpg,irregular
339262.jpg,elliptical
339272.jpg,irregular
339274.jpg,elliptical
339305.jpg,spiral
339311.jpg,elliptical
339317.jpg,elliptical
339325.jpg,irregular
339372.jpg,elliptical
339399.jpg,elliptical
339405.jpg,irregular
339412.jpg,elliptical
339503.jpg,spiral
339516.jpg,elliptical
339535.jpg,spiral
339564.jpg,elliptical
339577.jpg,elliptical
339586.jpg,elliptical
339602.jpg,spiral
339645.jpg,elliptical
339662.jpg,elliptical
339673.jpg,elliptical
339680.jpg,spiral
339690.jpg,spiral
339695.jpg,elliptical
339710.jpg,elliptical
339736.jpg,spiral
339772.jpg,elliptical
339799.jpg,elliptical
339824.jpg,elliptical
339844.jpg,spiral
339846.jpg,spiral
339869.jpg,irregular
339871.jpg,irregular
339873.jpg,elliptical
339874.jpg,elliptical
339901.jpg,elliptical
339943.jpg,elliptical
339974.jpg,spiral
340031.jpg,spiral
340047.jpg,elliptical
340052.jpg,elliptical
340108.jpg,elliptical
340132.jpg,elliptical
340133.jpg,elliptical
340144.jpg,elliptical
340145.jpg,spiral
340156.jpg,irregular
340179.jpg,elliptical
340189.jpg,elliptical
340228.jpg,elliptical
340254.jpg,elliptical
340305.jpg,elliptical
340385.jpg,spiral
340397.jpg,elliptical
340440.jpg,elliptical
340485.jpg,irregular
340504.jpg,elliptical
340534.jpg,spiral
340548.jpg,elliptical
340560.jpg,elliptical
340569.jpg,elliptical
340580.jpg,elliptical
340585.jpg,irregular
340593.jpg,elliptical
340594.jpg,elliptical
340628.jpg,elliptical
340674.jpg,elliptical
340692.jpg,elliptical
340721.jpg,spiral
340741.jpg,elliptical
340752.jpg,spiral
340808.jpg,elliptical
340823.jpg,elliptical
340844.jpg,elliptical
340886.jpg,irregular
340887.jpg,elliptical
340904.jpg,spiral
340906.jpg,elliptical
340917.jpg,irregular
340940.jpg,spiral
340984.jpg,elliptical
340999.jpg,spiral
341007.jpg,elliptical
341035.jpg,spiral
341054.jpg,spiral
341073.jpg,irregular
341179.jpg,irregular
341232.jpg,elliptical
341234.jpg,irregular
341238.jpg,irregular
341250.jpg,elliptical
341296.jpg,elliptical
341370.jpg,elliptical
341373.jpg,spiral
341426.jpg,irregular
341456.jpg,elliptical
341480.jpg,elliptical
341584.jpg,spiral
341594.jpg,spiral
341598.jpg,spiral
341601.jpg,elliptical
341615.jpg,elliptical
341649.jpg,elliptical
341658.jpg,elliptical
341671.jpg,elliptical
341685.jpg,elliptical
341699.jpg,irregular
341743.jpg,elliptical
341747.jpg,irregular
341751.jpg,elliptical
341756.jpg,irregular
341759.jpg,elliptical
341766.jpg,elliptical
341769.jpg,elliptical
341844.jpg,irregular
341859.jpg,elliptical
341871.jpg,elliptical
341884.jpg,irregular
341911.jpg,irregular
341922.jpg,irregular
342049.jpg,irregular
342074.jpg,elliptical
342078.jpg,irregular
342110.jpg,elliptical
342113.jpg,elliptical
342129.jpg,elliptical
342152.jpg,irregular
342215.jpg,spiral
342231.jpg,elliptical
342237.jpg,elliptical
342243.jpg,elliptical
342296.jpg,irregular
342308.jpg,elliptical
342310.jpg,elliptical
342322.jpg,spiral
342349.jpg,spiral
342366.jpg,elliptical
342371.jpg,elliptical
342401.jpg,elliptical
342406.jpg,spiral
342482.jpg,elliptical
342504.jpg,elliptical
342532.jpg,elliptical
342553.jpg,elliptical
342558.jpg,elliptical
342610.jpg,spiral
342617.jpg,spiral
342629.jpg,spiral
342634.jpg,spiral
342649.jpg,spiral
342681.jpg,elliptical
342737.jpg,elliptical
342761.jpg,spiral
342768.jpg,spiral
342801.jpg,elliptical
342804.jpg,elliptical
342820.jpg,elliptical
342836.jpg,elliptical
342842.jpg,elliptical
342876.jpg,irregular
342878.jpg,spiral
342924.jpg,elliptical
342938.jpg,elliptical
342974.jpg,irregular
342977.jpg,elliptical
342993.jpg,spiral
342995.jpg,irregular
343012.jpg,elliptical
343027.jpg,elliptical
343043.jpg,elliptical
343044.jpg,irregular
343075.jpg,elliptical
343129.jpg,elliptical
343130.jpg,spiral
343146.jpg,irregular
343169.jpg,elliptical
343182.jpg,elliptical
343197.jpg,elliptical
343202.jpg,spiral
343233.jpg,elliptical
343243.jpg,spiral
343261.jpg,elliptical
343264.jpg,spiral
343287.jpg,elliptical
343312.jpg,elliptical
343322.jpg,elliptical
343333.jpg,spiral
343342.jpg,elliptical
343363.jpg,elliptical
343433.jpg,irregular
343436.jpg,elliptical
343442.jpg,spiral
343444.jpg,irregular
343489.jpg,spiral
343490.jpg,spiral
343537.jpg,elliptical
343556.jpg,elliptical
343574.jpg,elliptical
343598.jpg,spiral
343621.jpg,spiral
343647.jpg,irregular
343695.jpg,elliptical
343708.jpg,elliptical
343732.jpg,elliptical
343737.jpg,irregular
343789.jpg,irregular
343866.jpg,elliptical
343869.jpg,elliptical
343873.jpg,elliptical
343883.jpg,irregular
343904.jpg,elliptical
343908.jpg,elliptical
343935.jpg,elliptical
343965.jpg,irregular
343968.jpg,elliptical
343983.jpg,elliptical
344009.jpg,irregular
344010.jpg,spiral
344060.jpg,elliptical
344106.jpg,elliptical
344120.jpg,irregular
344133.jpg,elliptical
344155.jpg,spiral
344184.jpg,elliptical
344204.jpg,irregular
344239.jpg,spiral
344241.jpg,elliptical
344291.jpg,elliptical
344368.jpg,spiral
344381.jpg,elliptical
344385.jpg,elliptical
344389.jpg,elliptical
344408.jpg,elliptical
344416.jpg,irregular
344422.jpg,spiral
344429.jpg,elliptical
344477.jpg,elliptical
344478.jpg,elliptical
344485.jpg,elliptical
344523.jpg,elliptical
344554.jpg,irregular
344564.jpg,elliptical
344572.jpg,elliptical
344576.jpg,elliptical
344577.jpg,spiral
344617.jpg,spiral
344631.jpg,spiral
344638.jpg,irregular
344651.jpg,irregular
344669.jpg,spiral
344680.jpg,elliptical
344708.jpg,spiral
344714.jpg,elliptical
344718.jpg,elliptical
344722.jpg,irregular
344735.jpg,elliptical
344737.jpg,elliptical
344748.jpg,elliptical
344777.jpg,elliptical
344781.jpg,irregular
344783.jpg,spiral
344802.jpg,elliptical
344806.jpg,elliptical
344807.jpg,spiral
344821.jpg,elliptical
344822.jpg,elliptical
344832.jpg,elliptical
344918.jpg,elliptical
344941.jpg,irregular
344962.jpg,spiral
344977.jpg,elliptical
344984.jpg,elliptical
345014.jpg,elliptical
345022.jpg,elliptical
345051.jpg,elliptical
345072.jpg,spiral
345078.jpg,elliptical
345171.jpg,irregular
345189.jpg,irregular
345199.jpg,elliptical
345205.jpg,spiral
345251.jpg,irregular
345257.jpg,elliptical
345287.jpg,spiral
345325.jpg,irregular
345347.jpg,elliptical
345358.jpg,spiral
345367.jpg,irregular
345373.jpg,irregular
345440.jpg,irregular
345479.jpg,spiral
345614.jpg,spiral
345641.jpg,spiral
345682.jpg,elliptical
345722.jpg,elliptical
345735.jpg,elliptical
345737.jpg,irregular
345751.jpg,elliptical
345775.jpg,elliptical
345869.jpg,elliptical
345878.jpg,elliptical
345902.jpg,irregular
345914.jpg,spiral
345920.jpg,elliptical
345928.jpg,elliptical
345931.jpg,spiral
345941.jpg,elliptical
345946.jpg,elliptical
345981.jpg,elliptical
345998.jpg,elliptical
346007.jpg,spiral
346017.jpg,spiral
346023.jpg,irregular
346046.jpg,spiral
346053.jpg,spiral
346065.jpg,elliptical
346076.jpg,irregular
346113.jpg,spiral
346118.jpg,elliptical
346129.jpg,elliptical
346150.jpg,spiral
346168.jpg,elliptical
346199.jpg,elliptical
346206.jpg,irregular
346219.jpg,irregular
346266.jpg,elliptical
346286.jpg,irregular
346307.jpg,elliptical
346340.jpg,elliptical
346351.jpg,irregular
346360.jpg,elliptical
346367.jpg,irregular
346380.jpg,elliptical
346391.jpg,spiral
346428.jpg,irregular
346448.jpg,elliptical
346454.jpg,irregular
346571.jpg,elliptical
346575.jpg,irregular
346577.jpg,irregular
346607.jpg,elliptical
346617.jpg,spiral
346618.jpg,elliptical
346653.jpg,spiral
346718.jpg,spiral
346720.jpg,elliptical
346744.jpg,elliptical
346762.jpg,elliptical
346763.jpg,elliptical
346764.jpg,elliptical
346787.jpg,elliptical
346876.jpg,elliptical
346883.jpg,elliptical
346918.jpg,elliptical
346960.jpg,elliptical
346965.jpg,irregular
346979.jpg,spiral
347060.jpg,spiral
347064.jpg,elliptical
347076.jpg,spiral
347118.jpg,elliptical
347135.jpg,elliptical
347139.jpg,elliptical
347185.jpg,spiral
347210.jpg,irregular
347224.jpg,elliptical
347232.jpg,irregular
347236.jpg,irregular
347240.jpg,elliptical
347246.jpg,irregular
347278.jpg,elliptical
347350.jpg,elliptical
347373.jpg,spiral
347402.jpg,spiral
347405.jpg,irregular
347427.jpg,spiral
347457.jpg,elliptical
347483.jpg,elliptical
347491.jpg,elliptical
347526.jpg,elliptical
347573.jpg,elliptical
347638.jpg,elliptical
347658.jpg,irregular
347770.jpg,irregular
347798.jpg,elliptical
347800.jpg,spiral
347811.jpg,spiral
347816.jpg,elliptical
347861.jpg,elliptical
347871.jpg,elliptical
347879.jpg,irregular
347889.jpg,elliptical
347906.jpg,elliptical
347916.jpg,spiral
347947.jpg,elliptical
347964.jpg,elliptical
348014.jpg,irregular
348080.jpg,elliptical
348095.jpg,elliptical
348123.jpg,elliptical
348127.jpg,elliptical
348140.jpg,elliptical
348164.jpg,elliptical
348216.jpg,spiral
348227.jpg,elliptical
348237.jpg,elliptical
348255.jpg,spiral
348277.jpg,elliptical
348303.jpg,elliptical
348319.jpg,irregular
348330.jpg,elliptical
348341.jpg,spiral
348350.jpg,spiral
348360.jpg,elliptical
348402.jpg,spiral
348455.jpg,spiral
348494.jpg,elliptical
348514.jpg,irregular
348551.jpg,elliptical
348583.jpg,spiral
348586.jpg,spiral
348604.jpg,elliptical
348610.jpg,elliptical
348644.jpg,spiral
348674.jpg,elliptical
348683.jpg,spiral
348717.jpg,elliptical
348739.jpg,elliptical
348777.jpg,elliptical
348784.jpg,elliptical
348831.jpg,elliptical
348855.jpg,spiral
348868.jpg,irregular
348894.jpg,spiral
348957.jpg,irregular
348969.jpg,elliptical
348980.jpg,irregular
349066.jpg,elliptical
349103.jpg,elliptical
349116.jpg,elliptical
349129.jpg,elliptical
349165.jpg,elliptical
349171.jpg,irregular
349215.jpg,spiral
349253.jpg,elliptical
349278.jpg,elliptical
349285.jpg,irregular
349304.jpg,irregular
349326.jpg,elliptical
349339.jpg,elliptical
349347.jpg,spiral
349354.jpg,elliptical
349393.jpg,elliptical
349423.jpg,spiral
349428.jpg,irregular
349430.jpg,elliptical
349456.jpg,elliptical
349458.jpg,elliptical
349463.jpg,elliptical
349472.jpg,irregular
349475.jpg,elliptical
349495.jpg,elliptical
349528.jpg,spiral
349532.jpg,elliptical
349557.jpg,elliptical
349592.jpg,spiral
349628.jpg,irregular
349644.jpg,elliptical
349668.jpg,spiral
349711.jpg,spiral
349729.jpg,spiral
349755.jpg,elliptical
349757.jpg,irregular
349766.jpg,spiral
349803.jpg,irregular
349811.jpg,irregular
349815.jpg,elliptical
349818.jpg,elliptical
349854.jpg,elliptical
349858.jpg,elliptical
349866.jpg,elliptical
349875.jpg,elliptical
349884.jpg,elliptical
349885.jpg,irregular
349895.jpg,spiral
349898.jpg,elliptical
349935.jpg,elliptical
349966.jpg,spiral
349998.jpg,spiral
350003.jpg,spiral
350028.jpg,irregular
350045.jpg,elliptical
350057.jpg,elliptical
350071.jpg,elliptical
350073.jpg,elliptical
350087.jpg,irregular
350088.jpg,elliptical
350089.jpg,elliptical
350092.jpg,elliptical
350098.jpg,spiral
350133.jpg,elliptical
350139.jpg,irregular
350164.jpg,spiral
350165.jpg,elliptical
350167.jpg,irregular
350175.jpg,elliptical
350187.jpg,spiral
350189.jpg,elliptical
350242.jpg,elliptical
350251.jpg,elliptical
350270.jpg,elliptical
350309.jpg,spiral
350311.jpg,elliptical
350316.jpg,irregular
350326.jpg,elliptical
350349.jpg,irregular
350378.jpg,elliptical
350385.jpg,spiral
350391.jpg,irregular
350405.jpg,irregular
350424.jpg,spiral
350454.jpg,elliptical
350455.jpg,elliptical
350475.jpg,elliptical
350481.jpg,spiral
350491.jpg,elliptical
350544.jpg,elliptical
350585.jpg,elliptical
350656.jpg,spiral
350673.jpg,irregular
350676.jpg,irregular
350692.jpg,spiral
350715.jpg,elliptical
350742.jpg,spiral
350751.jpg,elliptical
350770.jpg,elliptical
350779.jpg,irregular
350797.jpg,elliptical
350798.jpg,elliptical
350807.jpg,elliptical
350809.jpg,elliptical
350833.jpg,irregular
350846.jpg,elliptical
350857.jpg,irregular
350877.jpg,elliptical
350878.jpg,elliptical
350882.jpg,elliptical
350908.jpg,spiral
350993.jpg,irregular
351011.jpg,irregular
351015.jpg,irregular
351047.jpg,irregular
351051.jpg,elliptical
351085.jpg,spiral
351099.jpg,elliptical
351107.jpg,elliptical
351131.jpg,elliptical
351143.jpg,elliptical
351159.jpg,spiral
351172.jpg,elliptical
351194.jpg,irregular
351235.jpg,elliptical
351271.jpg,spiral
351279.jpg,elliptical
351287.jpg,spiral
351357.jpg,elliptical
351368.jpg,elliptical
351385.jpg,elliptical
351393.jpg,elliptical
351404.jpg,spiral
351421.jpg,elliptical
351422.jpg,irregular
351443.jpg,elliptical
351452.jpg,spiral
351453.jpg,elliptical
351486.jpg,irregular
351494.jpg,elliptical
351528.jpg,irregular
351534.jpg,elliptical
351574.jpg,elliptical
351589.jpg,spiral
351596.jpg,irregular
351666.jpg,elliptical
351676.jpg,elliptical
351693.jpg,elliptical
351721.jpg,elliptical
351726.jpg,elliptical
351732.jpg,spiral
351769.jpg,irregular
351773.jpg,elliptical
351782.jpg,irregular
351833.jpg,elliptical
351877.jpg,elliptical
351889.jpg,elliptical
351918.jpg,elliptical
351978.jpg,elliptical
351986.jpg,elliptical
351993.jpg,spiral
352042.jpg,elliptical
352049.jpg,irregular
352067.jpg,elliptical
352071.jpg,elliptical
352091.jpg,elliptical
352093.jpg,elliptical
352099.jpg,irregular
352130.jpg,elliptical
352138.jpg,elliptical
352166.jpg,elliptical
352187.jpg,irregular
352188.jpg,elliptical
352219.jpg,spiral
352263.jpg,elliptical
352264.jpg,elliptical
352266.jpg,irregular
352276.jpg,spiral
352350.jpg,elliptical
352351.jpg,spiral
352370.jpg,elliptical
352385.jpg,elliptical
352411.jpg,elliptical
352453.jpg,irregular
352454.jpg,elliptical
352461.jpg,elliptical
352469.jpg,elliptical
352534.jpg,elliptical
352570.jpg,irregular
352592.jpg,irregular
352606.jpg,elliptical
352616.jpg,irregular
352654.jpg,spiral
352660.jpg,spiral
352672.jpg,elliptical
352692.jpg,elliptical
352695.jpg,elliptical
352723.jpg,elliptical
352753.jpg,elliptical
352796.jpg,elliptical
352807.jpg,elliptical
352848.jpg,spiral
352850.jpg,irregular
352863.jpg,spiral
352866.jpg,elliptical
352872.jpg,irregular
352882.jpg,elliptical
352913.jpg,irregular
352949.jpg,spiral
353031.jpg,elliptical
353064.jpg,spiral
353093.jpg,spiral
353119.jpg,spiral
353129.jpg,elliptical
353136.jpg,elliptical
353149.jpg,irregular
353190.jpg,irregular
353286.jpg,irregular
353298.jpg,spiral
353325.jpg,elliptical
353340.jpg,elliptical
353345.jpg,elliptical
353348.jpg,elliptical
353361.jpg,elliptical
353364.jpg,elliptical
353392.jpg,elliptical
353456.jpg,spiral
353476.jpg,spiral
353485.jpg,elliptical
353495.jpg,irregular
353496.jpg,elliptical
353532.jpg,elliptical
353571.jpg,elliptical
353583.jpg,spiral
353616.jpg,elliptical
353642.jpg,spiral
353689.jpg,elliptical
353698.jpg,irregular
353702.jpg,irregular
353709.jpg,elliptical
353714.jpg,spiral
353769.jpg,elliptical
353779.jpg,irregular
353793.jpg,elliptical
353846.jpg,elliptical
353877.jpg,irregular
353879.jpg,elliptical
353894.jpg,irregular
353905.jpg,spiral
353978.jpg,elliptical
354017.jpg,irregular
354024.jpg,elliptical
354040.jpg,spiral
354093.jpg,elliptical
354096.jpg,spiral
354102.jpg,irregular
354122.jpg,elliptical
354127.jpg,elliptical
354128.jpg,elliptical
354159.jpg,elliptical
354212.jpg,elliptical
354265.jpg,elliptical
354280.jpg,elliptical
354284.jpg,elliptical
354285.jpg,elliptical
354294.jpg,elliptical
354316.jpg,irregular
354347.jpg,elliptical
354372.jpg,elliptical
354407.jpg,spiral
354423.jpg,spiral
354457.jpg,spiral
354462.jpg,irregular
354502.jpg,spiral
354504.jpg,elliptical
354550.jpg,elliptical
354564.jpg,elliptical
354594.jpg,elliptical
354617.jpg,elliptical
354638.jpg,irregular
354720.jpg,elliptical
354738.jpg,elliptical
354741.jpg,elliptical
354751.jpg,irregular
354798.jpg,irregular
354808.jpg,irregular
354829.jpg,elliptical
354845.jpg,irregular
354881.jpg,elliptical
354910.jpg,irregular
354924.jpg,elliptical
354934.jpg,elliptical
354941.jpg,irregular
354964.jpg,elliptical
354978.jpg,elliptical
354982.jpg,elliptical
355043.jpg,irregular
355051.jpg,spiral
355063.jpg,spiral
355104.jpg,elliptical
355105.jpg,elliptical
355116.jpg,spiral
355143.jpg,spiral
355155.jpg,elliptical
355164.jpg,irregular
355175.jpg,elliptical
355200.jpg,elliptical
355222.jpg,elliptical
355255.jpg,spiral
355256.jpg,irregular
355258.jpg,irregular
355281.jpg,spiral
355288.jpg,elliptical
355317.jpg,spiral
355333.jpg,elliptical
355375.jpg,spiral
355378.jpg,irregular
355385.jpg,elliptical
355406.jpg,irregular
355414.jpg,elliptical
355493.jpg,irregular
355503.jpg,irregular
355539.jpg,elliptical
355605.jpg,irregular
355618.jpg,spiral
355636.jpg,irregular
355644.jpg,elliptical
355663.jpg,irregular
355664.jpg,spiral
355670.jpg,spiral
355680.jpg,spiral
355712.jpg,elliptical
355730.jpg,elliptical
355748.jpg,elliptical
355771.jpg,elliptical
355802.jpg,elliptical
355811.jpg,elliptical
355882.jpg,elliptical
355933.jpg,irregular
355978.jpg,elliptical
356008.jpg,elliptical
356014.jpg,elliptical
356062.jpg,elliptical
356071.jpg,elliptical
356076.jpg,elliptical
356111.jpg,elliptical
356148.jpg,irregular
356160.jpg,elliptical
356187.jpg,elliptical
356245.jpg,elliptical
356254.jpg,elliptical
356361.jpg,spiral
356368.jpg,elliptical
356389.jpg,elliptical
356391.jpg,elliptical
356405.jpg,elliptical
356491.jpg,irregular
356521.jpg,irregular
356533.jpg,elliptical
356537.jpg,irregular
356584.jpg,elliptical
356593.jpg,spiral
356613.jpg,spiral
356631.jpg,irregular
356657.jpg,spiral
356671.jpg,elliptical
356682.jpg,elliptical
356685.jpg,elliptical
356704.jpg,elliptical
356728.jpg,elliptical
356730.jpg,elliptical
356760.jpg,elliptical
356765.jpg,elliptical
356804.jpg,elliptical
356807.jpg,elliptical
356819.jpg,spiral
356876.jpg,spiral
356886.jpg,elliptical
356892.jpg,elliptical
356907.jpg,spiral
356963.jpg,spiral
356973.jpg,spiral
356991.jpg,spiral
357027.jpg,irregular
357063.jpg,elliptical
357067.jpg,irregular
357080.jpg,elliptical
357114.jpg,irregular
357126.jpg,spiral
357151.jpg,irregular
357154.jpg,irregular
357165.jpg,irregular
357198.jpg,elliptical
357220.jpg,elliptical
357240.jpg,elliptical
357243.jpg,elliptical
357264.jpg,irregular
357277.jpg,elliptical
357283.jpg,elliptical
357354.jpg,irregular
357357.jpg,irregular
357364.jpg,spiral
357380.jpg,elliptical
357399.jpg,elliptical
357414.jpg,elliptical
357481.jpg,irregular
357519.jpg,elliptical
357523.jpg,elliptical
357549.jpg,elliptical
357609.jpg,spiral
357611.jpg,elliptical
357622.jpg,elliptical
357651.jpg,elliptical
357701.jpg,irregular
357719.jpg,spiral
357862.jpg,elliptical
357876.jpg,spiral
357881.jpg,irregular
357898.jpg,spiral
357930.jpg,elliptical
357967.jpg,irregular
358000.jpg,spiral
358003.jpg,spiral
358007.jpg,spiral
358043.jpg,elliptical
358053.jpg,irregular
358064.jpg,elliptical
358101.jpg,elliptical
358125.jpg,irregular
358161.jpg,spiral
358167.jpg,spiral
358171.jpg,spiral
358186.jpg,elliptical
358219.jpg,irregular
358237.jpg,irregular
358239.jpg,spiral
358269.jpg,elliptical
358273.jpg,irregular
358277.jpg,elliptical
358316.jpg,elliptical
358338.jpg,elliptical
358343.jpg,elliptical
358345.jpg,elliptical
358363.jpg,elliptical
358365.jpg,elliptical
358445.jpg,irregular
358458.jpg,elliptical
358468.jpg,elliptical
358487.jpg,irregular
358505.jpg,spiral
358511.jpg,elliptical
358521.jpg,elliptical
358538.jpg,elliptical
358583.jpg,elliptical
358590.jpg,irregular
358623.jpg,elliptical
358651.jpg,irregular
358735.jpg,spiral
358827.jpg,elliptical
358857.jpg,elliptical
358893.jpg,irregular
358894.jpg,spiral
358917.jpg,elliptical
358942.jpg,irregular
358965.jpg,elliptical
358978.jpg,spiral
358979.jpg,elliptical
359018.jpg,elliptical
359037.jpg,spiral
359080.jpg,elliptical
359092.jpg,elliptical
359182.jpg,elliptical
359187.jpg,spiral
359198.jpg,elliptical
359218.jpg,elliptical
359224.jpg,elliptical
359251.jpg,spiral
359259.jpg,elliptical
359364.jpg,elliptical
359367.jpg,irregular
359393.jpg,irregular
359406.jpg,elliptical
359485.jpg,elliptical
359492.jpg,irregular
359501.jpg,elliptical
359526.jpg,elliptical
359566.jpg,elliptical
359580.jpg,elliptical
359600.jpg,elliptical
359632.jpg,elliptical
359644.jpg,elliptical
359648.jpg,irregular
359661.jpg,irregular
359666.jpg,elliptical
359695.jpg,elliptical
359726.jpg,spiral
359738.jpg,irregular
359746.jpg,irregular
359755.jpg,elliptical
359772.jpg,elliptical
359785.jpg,elliptical
359796.jpg,elliptical
359800.jpg,elliptical
359818.jpg,elliptical
359843.jpg,spiral
359854.jpg,elliptical
359860.jpg,irregular
359880.jpg,elliptical
359883.jpg,elliptical
359896.jpg,spiral
359924.jpg,elliptical
359937.jpg,spiral
359954.jpg,spiral
359957.jpg,irregular
359968.jpg,irregular
359990.jpg,elliptical
359996.jpg,elliptical
360007.jpg,elliptical
360052.jpg,elliptical
360064.jpg,elliptical
360065.jpg,elliptical
360066.jpg,elliptical
360076.jpg,spiral
360114.jpg,elliptical
360142.jpg,irregular
360158.jpg,irregular
360159.jpg,spiral
360188.jpg,elliptical
360196.jpg,spiral
360201.jpg,spiral
360211.jpg,elliptical
360288.jpg,elliptical
360291.jpg,elliptical
360298.jpg,irregular
360319.jpg,irregular
360339.jpg,irregular
360369.jpg,spiral
360389.jpg,elliptical
360396.jpg,elliptical
360444.jpg,elliptical
360455.jpg,elliptical
360460.jpg,elliptical
360500.jpg,spiral
360502.jpg,elliptical
360506.jpg,elliptical
360510.jpg,elliptical
360530.jpg,elliptical
360541.jpg,elliptical
360554.jpg,irregular
360574.jpg,elliptical
360605.jpg,irregular
360658.jpg,elliptical
360670.jpg,spiral
360688.jpg,spiral
360755.jpg,irregular
360787.jpg,spiral
360792.jpg,elliptical
360814.jpg,elliptical
360829.jpg,spiral
360831.jpg,irregular
360837.jpg,irregular
360838.jpg,elliptical
360842.jpg,elliptical
360869.jpg,elliptical
360870.jpg,elliptical
360901.jpg,elliptical
360903.jpg,irregular
360905.jpg,spiral
360924.jpg,elliptical
360934.jpg,spiral
360953.jpg,irregular
360986.jpg,spiral
361062.jpg,elliptical
361071.jpg,spiral
361086.jpg,spiral
361118.jpg,elliptical
361129.jpg,irregular
361163.jpg,elliptical
361193.jpg,elliptical
361194.jpg,irregular
361216.jpg,spiral
361231.jpg,spiral
361240.jpg,elliptical
361249.jpg,elliptical
361264.jpg,elliptical
361271.jpg,elliptical
361277.jpg,elliptical
361290.jpg,elliptical
361322.jpg,elliptical
361339.jpg,irregular
361340.jpg,elliptical
361352.jpg,elliptical
361394.jpg,spiral
361408.jpg,elliptical
361413.jpg,elliptical
361442.jpg,elliptical
361449.jpg,elliptical
361501.jpg,elliptical
361533.jpg,elliptical
361551.jpg,irregular
361552.jpg,elliptical
361572.jpg,elliptical
361608.jpg,elliptical
361626.jpg,spiral
361633.jpg,elliptical
361636.jpg,irregular
361642.jpg,spiral
361657.jpg,spiral
361668.jpg,spiral
361695.jpg,elliptical
361731.jpg,elliptical
361749.jpg,elliptical
361793.jpg,spiral
361799.jpg,elliptical
361823.jpg,spiral
361828.jpg,irregular
361833.jpg,spiral
361849.jpg,irregular
361859.jpg,elliptical
361903.jpg,irregular
361906.jpg,spiral
361963.jpg,elliptical
361978.jpg,elliptical
362005.jpg,irregular
362016.jpg,irregular
362027.jpg,elliptical
362042.jpg,elliptical
362049.jpg,elliptical
362072.jpg,elliptical
362110.jpg,spiral
362128.jpg,elliptical
362129.jpg,elliptical
362136.jpg,elliptical
362149.jpg,elliptical
362153.jpg,spiral
362158.jpg,elliptical
362170.jpg,elliptical
362175.jpg,spiral
362202.jpg,elliptical
362208.jpg,elliptical
362240.jpg,elliptical
362279.jpg,irregular
362283.jpg,irregular
362287.jpg,spiral
362295.jpg,elliptical
362304.jpg,irregular
362307.jpg,elliptical
362317.jpg,elliptical
362345.jpg,irregular
362407.jpg,elliptical
362447.jpg,elliptical
362453.jpg,elliptical
362496.jpg,irregular
362502.jpg,elliptical
362521.jpg,irregular
362577.jpg,elliptical
362638.jpg,spiral
362653.jpg,irregular
362664.jpg,spiral
362665.jpg,elliptical
362668.jpg,elliptical
362681.jpg,irregular
362699.jpg,irregular
362706.jpg,elliptical
362755.jpg,elliptical
362782.jpg,elliptical
362818.jpg,spiral
362831.jpg,spiral
362874.jpg,irregular
362875.jpg,elliptical
362929.jpg,irregular
362948.jpg,elliptical
362952.jpg,spiral
362982.jpg,elliptical
363002.jpg,elliptical
363009.jpg,irregular
363099.jpg,elliptical
363102.jpg,spiral
363129.jpg,spiral
363155.jpg,elliptical
363177.jpg,spiral
363225.jpg,elliptical
363242.jpg,elliptical
363246.jpg,elliptical
363254.jpg,spiral
363277.jpg,elliptical
363293.jpg,elliptical
363302.jpg,irregular
363320.jpg,spiral
363369.jpg,spiral
363395.jpg,elliptical
363411.jpg,elliptical
363426.jpg,elliptical
363473.jpg,spiral
363479.jpg,elliptical
363487.jpg,elliptical
363491.jpg,elliptical
363521.jpg,irregular
363525.jpg,elliptical
363567.jpg,elliptical
363596.jpg,irregular
363601.jpg,irregular
363617.jpg,elliptical
363651.jpg,elliptical
363678.jpg,elliptical
363692.jpg,irregular
363720.jpg,elliptical
363732.jpg,elliptical
363736.jpg,irregular
363761.jpg,elliptical
363770.jpg,spiral
363795.jpg,elliptical
363814.jpg,elliptical
363856.jpg,irregular
363875.jpg,irregular
363891.jpg,elliptical
363911.jpg,elliptical
363937.jpg,spiral
363950.jpg,spiral
364003.jpg,spiral
364019.jpg,elliptical
364023.jpg,irregular
364033.jpg,elliptical
364052.jpg,elliptical
364064.jpg,spiral
364082.jpg,irregular
364097.jpg,elliptical
364109.jpg,elliptical
364155.jpg,elliptical
364199.jpg,irregular
364200.jpg,elliptical
364209.jpg,elliptical
364327.jpg,spiral
364352.jpg,elliptical
364365.jpg,elliptical
364377.jpg,spiral
364386.jpg,elliptical
364450.jpg,elliptical
364451.jpg,elliptical
364457.jpg,irregular
364460.jpg,irregular
364461.jpg,elliptical
364467.jpg,spiral
364487.jpg,irregular
364495.jpg,irregular
364518.jpg,spiral
364529.jpg,elliptical
364539.jpg,elliptical
364543.jpg,spiral
364579.jpg,elliptical
364614.jpg,irregular
364646.jpg,spiral
364743.jpg,irregular
364747.jpg,elliptical
364753.jpg,spiral
364755.jpg,irregular
364758.jpg,spiral
364805.jpg,elliptical
364809.jpg,elliptical
364813.jpg,elliptical
364818.jpg,elliptical
364853.jpg,spiral
364855.jpg,spiral
364874.jpg,elliptical
364929.jpg,elliptical
364944.jpg,elliptical
364952.jpg,spiral
364957.jpg,irregular
365000.jpg,irregular
365006.jpg,irregular
365010.jpg,elliptical
365031.jpg,spiral
365038.jpg,elliptical
365057.jpg,elliptical
365067.jpg,elliptical
365082.jpg,elliptical
365114.jpg,spiral
365117.jpg,elliptical
365177.jpg,elliptical
365234.jpg,elliptical
365279.jpg,spiral
365304.jpg,elliptical
365305.jpg,elliptical
365316.jpg,spiral
365348.jpg,elliptical
365369.jpg,elliptical
365376.jpg,irregular
365377.jpg,elliptical
365393.jpg,elliptical
365412.jpg,elliptical
365424.jpg,elliptical
365431.jpg,spiral
365449.jpg,irregular
365471.jpg,irregular
365494.jpg,irregular
365502.jpg,irregular
365511.jpg,spiral
365520.jpg,spiral
365521.jpg,irregular
365529.jpg,irregular
365530.jpg,spiral
365571.jpg,spiral
365595.jpg,irregular
365617.jpg,elliptical
365632.jpg,elliptical
365731.jpg,elliptical
365743.jpg,elliptical
365755.jpg,elliptical
365782.jpg,irregular
365817.jpg,elliptical
365860.jpg,irregular
365870.jpg,elliptical
365910.jpg,spiral
365927.jpg,irregular
365968.jpg,elliptical
365977.jpg,elliptical
365978.jpg,spiral
365993.jpg,spiral
366028.jpg,elliptical
366050.jpg,spiral
366064.jpg,irregular
366067.jpg,spiral
366068.jpg,irregular
366088.jpg,irregular
366094.jpg,elliptical
366136.jpg,elliptical
366148.jpg,elliptical
366167.jpg,elliptical
366186.jpg,elliptical
366213.jpg,spiral
366217.jpg,elliptical
366223.jpg,elliptical
366250.jpg,elliptical
366267.jpg,irregular
366285.jpg,elliptical
366296.jpg,elliptical
366310.jpg,elliptical
366348.jpg,elliptical
366349.jpg,elliptical
366352.jpg,elliptical
366366.jpg,irregular
366400.jpg,elliptical
366413.jpg,irregular
366418.jpg,spiral
366439.jpg,elliptical
366456.jpg,elliptical
366466.jpg,elliptical
366494.jpg,spiral
366538.jpg,elliptical
366583.jpg,elliptical
366663.jpg,elliptical
366694.jpg,irregular
366712.jpg,spiral
366723.jpg,elliptical
366726.jpg,elliptical
366729.jpg,elliptical
366749.jpg,elliptical
366773.jpg,elliptical
366807.jpg,elliptical
366817.jpg,irregular
366831.jpg,irregular
366847.jpg,elliptical
366864.jpg,spiral
366883.jpg,spiral
366929.jpg,spiral
366932.jpg,elliptical
366933.jpg,elliptical
367032.jpg,elliptical
367044.jpg,elliptical
367055.jpg,elliptical
367060.jpg,elliptical
367083.jpg,elliptical
367092.jpg,elliptical
367101.jpg,elliptical
367144.jpg,elliptical
367184.jpg,elliptical
367212.jpg,spiral
367291.jpg,elliptical
367297.jpg,irregular
367299.jpg,elliptical
367346.jpg,irregular
367369.jpg,elliptical
367410.jpg,spiral
367433.jpg,elliptical
367466.jpg,elliptical
367483.jpg,irregular
367487.jpg,elliptical
367502.jpg,irregular
367520.jpg,irregular
367521.jpg,elliptical
367576.jpg,irregular
367583.jpg,spiral
367611.jpg,irregular
367613.jpg,irregular
367655.jpg,spiral
367683.jpg,elliptical
367712.jpg,elliptical
367714.jpg,irregular
367739.jpg,spiral
367762.jpg,elliptical
367785.jpg,irregular
367786.jpg,elliptical
367855.jpg,elliptical
367873.jpg,elliptical
367921.jpg,elliptical
367943.jpg,elliptical
367950.jpg,spiral
367956.jpg,elliptical
367998.jpg,elliptical
368053.jpg,elliptical
368093.jpg,elliptical
368119.jpg,elliptical
368136.jpg,elliptical
368137.jpg,irregular
368165.jpg,irregular
368181.jpg,irregular
368183.jpg,elliptical
368229.jpg,elliptical
368250.jpg,irregular
368256.jpg,elliptical
368259.jpg,elliptical
368262.jpg,spiral
368266.jpg,elliptical
368270.jpg,elliptical
368271.jpg,elliptical
368276.jpg,spiral
368327.jpg,spiral
368397.jpg,elliptical
368415.jpg,elliptical
368437.jpg,elliptical
368453.jpg,irregular
368463.jpg,irregular
368500.jpg,irregular
368533.jpg,elliptical
368576.jpg,elliptical
368626.jpg,irregular
368630.jpg,elliptical
368719.jpg,irregular
368720.jpg,elliptical
368740.jpg,elliptical
368766.jpg,spiral
368796.jpg,elliptical
368801.jpg,irregular
368809.jpg,elliptical
368840.jpg,elliptical
368864.jpg,elliptical
368886.jpg,elliptical
368907.jpg,spiral
368961.jpg,elliptical
368993.jpg,elliptical
369001.jpg,elliptical
369004.jpg,irregular
369014.jpg,elliptical
369039.jpg,elliptical
369059.jpg,elliptical
369065.jpg,spiral
369070.jpg,elliptical
369089.jpg,spiral
369108.jpg,elliptical
369135.jpg,irregular
369139.jpg,irregular
369148.jpg,spiral
369151.jpg,elliptical
369164.jpg,spiral
369179.jpg,elliptical
369181.jpg,elliptical
369203.jpg,irregular
369245.jpg,elliptical
369257.jpg,spiral
369261.jpg,elliptical
369277.jpg,elliptical
369308.jpg,elliptical
369313.jpg,elliptical
369314.jpg,irregular
369342.jpg,spiral
369384.jpg,spiral
369424.jpg,irregular
369456.jpg,elliptical
369461.jpg,irregular
369462.jpg,spiral
369464.jpg,irregular
369500.jpg,spiral
369513.jpg,elliptical
369541.jpg,irregular
369593.jpg,elliptical
369623.jpg,spiral
369652.jpg,elliptical
369685.jpg,spiral
369693.jpg,elliptical
369704.jpg,irregular
369718.jpg,spiral
369782.jpg,elliptical
369877.jpg,elliptical
369878.jpg,elliptical
369886.jpg,spiral
369920.jpg,elliptical
369960.jpg,elliptical
369973.jpg,elliptical
369974.jpg,irregular
369981.jpg,elliptical
370011.jpg,elliptical
370030.jpg,elliptical
370039.jpg,elliptical
370064.jpg,irregular
370131.jpg,spiral
370157.jpg,irregular
370191.jpg,elliptical
370193.jpg,spiral
370232.jpg,elliptical
370243.jpg,elliptical
370272.jpg,elliptical
370283.jpg,elliptical
370286.jpg,elliptical
370316.jpg,spiral
370341.jpg,elliptical
370358.jpg,elliptical
370396.jpg,irregular
370405.jpg,spiral
370422.jpg,elliptical
370432.jpg,spiral
370446.jpg,elliptical
370447.jpg,elliptical
370448.jpg,elliptical
370451.jpg,elliptical
370477.jpg,elliptical
370530.jpg,elliptical
370534.jpg,elliptical
370560.jpg,elliptical
370566.jpg,spiral
370586.jpg,elliptical
370588.jpg,spiral
370591.jpg,elliptical
370637.jpg,elliptical
370670.jpg,elliptical
370676.jpg,elliptical
370740.jpg,elliptical
370742.jpg,elliptical
370749.jpg,elliptical
370757.jpg,elliptical
370801.jpg,elliptical
370814.jpg,irregular
370841.jpg,irregular
370858.jpg,elliptical
370862.jpg,irregular
370887.jpg,spiral
370919.jpg,elliptical
370921.jpg,irregular
370927.jpg,elliptical
370932.jpg,elliptical
370933.jpg,elliptical
370936.jpg,spiral
370953.jpg,elliptical
370957.jpg,spiral
370962.jpg,elliptical
370971.jpg,elliptical
370985.jpg,irregular
371008.jpg,elliptical
371024.jpg,elliptical
371059.jpg,elliptical
371066.jpg,elliptical
371068.jpg,elliptical
371112.jpg,elliptical
371199.jpg,elliptical
371262.jpg,elliptical
371290.jpg,irregular
371302.jpg,elliptical
371307.jpg,spiral
371334.jpg,elliptical
371370.jpg,irregular
371380.jpg,elliptical
371442.jpg,elliptical
371443.jpg,irregular
371464.jpg,elliptical
371488.jpg,irregular
371515.jpg,elliptical
371524.jpg,elliptical
371529.jpg,elliptical
371552.jpg,elliptical
371566.jpg,elliptical
371575.jpg,elliptical
371606.jpg,irregular
371609.jpg,elliptical
371611.jpg,spiral
371628.jpg,elliptical
371631.jpg,elliptical
371644.jpg,spiral
371666.jpg,elliptical
371714.jpg,elliptical
371745.jpg,elliptical
371755.jpg,irregular
371764.jpg,irregular
371792.jpg,elliptical
371800.jpg,elliptical
371821.jpg,elliptical
371831.jpg,elliptical
371865.jpg,elliptical
371875.jpg,irregular
371879.jpg,spiral
371907.jpg,elliptical
371918.jpg,irregular
371923.jpg,elliptical
371992.jpg,elliptical
371997.jpg,spiral
372000.jpg,elliptical
372070.jpg,spiral
372102.jpg,irregular
372132.jpg,spiral
372140.jpg,spiral
372218.jpg,irregular
372247.jpg,elliptical
372262.jpg,elliptical
372286.jpg,irregular
372291.jpg,irregular
372317.jpg,elliptical
372339.jpg,elliptical
372448.jpg,irregular
372461.jpg,spiral
372467.jpg,elliptical
372488.jpg,irregular
372516.jpg,elliptical
372526.jpg,irregular
372554.jpg,irregular
372557.jpg,elliptical
372558.jpg,irregular
372563.jpg,elliptical
372578.jpg,elliptical
372592.jpg,spiral
372599.jpg,irregular
372618.jpg,elliptical
372659.jpg,elliptical
372662.jpg,elliptical
372700.jpg,elliptical
372708.jpg,elliptical
372722.jpg,elliptical
372741.jpg,elliptical
372746.jpg,spiral
372756.jpg,spiral
372764.jpg,elliptical
372786.jpg,irregular
372791.jpg,elliptical
372800.jpg,elliptical
372804.jpg,elliptical
372814.jpg,elliptical
372821.jpg,elliptical
372822.jpg,elliptical
372843.jpg,spiral
372853.jpg,irregular
372879.jpg,elliptical
372880.jpg,elliptical
372905.jpg,irregular
372918.jpg,elliptical
372935.jpg,spiral
372937.jpg,irregular
372942.jpg,elliptical
372981.jpg,elliptical
372993.jpg,irregular
373020.jpg,elliptical
373046.jpg,irregular
373113.jpg,elliptical
373195.jpg,irregular
373235.jpg,elliptical
373237.jpg,elliptical
373247.jpg,elliptical
373251.jpg,elliptical
373258.jpg,elliptical
373280.jpg,elliptical
373305.jpg,elliptical
373309.jpg,elliptical
373368.jpg,elliptical
373380.jpg,elliptical
373384.jpg,irregular
373393.jpg,elliptical
373396.jpg,elliptical
373398.jpg,elliptical
373419.jpg,elliptical
373422.jpg,elliptical
373466.jpg,elliptical
373470.jpg,elliptical
373494.jpg,elliptical
373505.jpg,irregular
373510.jpg,elliptical
373514.jpg,spiral
373515.jpg,elliptical
373535.jpg,elliptical
373536.jpg,elliptical
373541.jpg,elliptical
373547.jpg,elliptical
373554.jpg,elliptical
373565.jpg,elliptical
373571.jpg,spiral
373575.jpg,irregular
373583.jpg,elliptical
373606.jpg,elliptical
373623.jpg,spiral
373627.jpg,irregular
373642.jpg,irregular
373648.jpg,elliptical
373697.jpg,irregular
373708.jpg,spiral
373715.jpg,elliptical
373723.jpg,elliptical
373751.jpg,spiral
373752.jpg,elliptical
373827.jpg,spiral
373831.jpg,elliptical
373838.jpg,elliptical
373852.jpg,elliptical
373895.jpg,spiral
373902.jpg,irregular
373931.jpg,irregular
373964.jpg,elliptical
373989.jpg,elliptical
374017.jpg,irregular
374029.jpg,irregular
374100.jpg,irregular
374188.jpg,irregular
374199.jpg,spiral
374203.jpg,elliptical
374226.jpg,elliptical
374240.jpg,irregular
374253.jpg,elliptical
374262.jpg,spiral
374263.jpg,elliptical
374277.jpg,elliptical
374293.jpg,elliptical
374303.jpg,spiral
374329.jpg,irregular
374332.jpg,elliptical
374377.jpg,spiral
374403.jpg,irregular
374410.jpg,spiral
374414.jpg,spiral
374428.jpg,elliptical
374432.jpg,elliptical
374433.jpg,irregular
374445.jpg,spiral
374458.jpg,elliptical
374459.jpg,elliptical
374480.jpg,elliptical
374497.jpg,elliptical
374509.jpg,elliptical
374523.jpg,elliptical
374552.jpg,elliptical
374659.jpg,spiral
374660.jpg,spiral
374670.jpg,spiral
374686.jpg,irregular
374703.jpg,elliptical
374711.jpg,irregular
374746.jpg,elliptical
374775.jpg,elliptical
374777.jpg,spiral
374794.jpg,elliptical
374825.jpg,elliptical
374848.jpg,elliptical
374849.jpg,elliptical
374890.jpg,elliptical
374907.jpg,irregular
374919.jpg,elliptical
374920.jpg,elliptical
374961.jpg,spiral
374970.jpg,spiral
374986.jpg,spiral
374995.jpg,elliptical
375003.jpg,elliptical
375061.jpg,elliptical
375062.jpg,elliptical
375069.jpg,spiral
375125.jpg,spiral
375126.jpg,spiral
375219.jpg,irregular
375220.jpg,elliptical
375230.jpg,irregular
375267.jpg,spiral
375366.jpg,elliptical
375377.jpg,elliptical
375433.jpg,spiral
375471.jpg,elliptical
375479.jpg,elliptical
375620.jpg,spiral
375656.jpg,elliptical
375708.jpg,irregular
375724.jpg,elliptical
375729.jpg,elliptical
375777.jpg,irregular
375842.jpg,spiral
375859.jpg,elliptical
375862.jpg,elliptical
375882.jpg,elliptical
375911.jpg,elliptical
375932.jpg,elliptical
375940.jpg,spiral
375989.jpg,spiral
376000.jpg,elliptical
376002.jpg,elliptical
376009.jpg,spiral
376018.jpg,elliptical
376038.jpg,spiral
376045.jpg,elliptical
376063.jpg,elliptical
376104.jpg,elliptical
376109.jpg,elliptical
376129.jpg,spiral
376150.jpg,irregular
376179.jpg,elliptical
376205.jpg,spiral
376217.jpg,elliptical
376221.jpg,elliptical
376244.jpg,irregular
376258.jpg,spiral
376297.jpg,elliptical
376396.jpg,elliptical
376463.jpg,elliptical
376477.jpg,elliptical
376523.jpg,irregular
376538.jpg,elliptical
376568.jpg,irregular
376576.jpg,elliptical
376629.jpg,elliptical
376643.jpg,irregular
376646.jpg,elliptical
376669.jpg,irregular
376683.jpg,elliptical
376702.jpg,elliptical
376738.jpg,spiral
376755.jpg,elliptical
376788.jpg,elliptical
376795.jpg,elliptical
376804.jpg,irregular
376846.jpg,elliptical
376871.jpg,elliptical
376886.jpg,elliptical
376901.jpg,elliptical
376937.jpg,irregular
376956.jpg,elliptical
376971.jpg,elliptical
377062.jpg,elliptical
377070.jpg,elliptical
377100.jpg,elliptical
377114.jpg,elliptical
377120.jpg,elliptical
377132.jpg,irregular
377173.jpg,spiral
377206.jpg,spiral
377215.jpg,irregular
377224.jpg,elliptical
377248.jpg,elliptical
377257.jpg,elliptical
377279.jpg,elliptical
377295.jpg,elliptical
377297.jpg,elliptical
377325.jpg,elliptical
377334.jpg,elliptical
377385.jpg,elliptical
377390.jpg,elliptical
377391.jpg,elliptical
377461.jpg,irregular
377483.jpg,elliptical
377488.jpg,elliptical
377559.jpg,spiral
377560.jpg,spiral
377599.jpg,irregular
377604.jpg,spiral
377620.jpg,spiral
377638.jpg,spiral
377642.jpg,spiral
377654.jpg,elliptical
377664.jpg,elliptical
377683.jpg,spiral
377703.jpg,elliptical
377718.jpg,spiral
377767.jpg,elliptical
377786.jpg,elliptical
377821.jpg,elliptical
377825.jpg,elliptical
377846.jpg,irregular
377848.jpg,spiral
377857.jpg,irregular
377896.jpg,elliptical
377919.jpg,elliptical
377935.jpg,elliptical
377987.jpg,elliptical
378003.jpg,elliptical
378005.jpg,irregular
378045.jpg,irregular
378047.jpg,spiral
378069.jpg,irregular
378103.jpg,irregular
378121.jpg,elliptical
378125.jpg,elliptical
378128.jpg,spiral
378160.jpg,elliptical
378166.jpg,elliptical
378172.jpg,spiral
378232.jpg,irregular
378246.jpg,elliptical
378249.jpg,elliptical
378268.jpg,elliptical
378272.jpg,spiral
378304.jpg,elliptical
378311.jpg,irregular
378323.jpg,spiral
378340.jpg,spiral
378379.jpg,spiral
378401.jpg,elliptical
378411.jpg,irregular
378421.jpg,elliptical
378471.jpg,elliptical
378527.jpg,elliptical
378547.jpg,irregular
378556.jpg,irregular
378657.jpg,elliptical
378660.jpg,elliptical
378675.jpg,elliptical
378708.jpg,elliptical
378715.jpg,elliptical
378739.jpg,elliptical
378743.jpg,elliptical
378755.jpg,elliptical
378781.jpg,spiral
378796.jpg,irregular
378802.jpg,irregular
378805.jpg,elliptical
378815.jpg,elliptical
378847.jpg,elliptical
378910.jpg,irregular
378918.jpg,elliptical
378923.jpg,elliptical
378929.jpg,irregular
378988.jpg,elliptical
378995.jpg,irregular
379023.jpg,elliptical
379036.jpg,spiral
379073.jpg,elliptical
379080.jpg,elliptical
379136.jpg,elliptical
379153.jpg,spiral
379173.jpg,irregular
379185.jpg,elliptical
379188.jpg,elliptical
379197.jpg,elliptical
379208.jpg,elliptical
379213.jpg,irregular
379225.jpg,elliptical
379293.jpg,irregular
379316.jpg,elliptical
379349.jpg,elliptical
379367.jpg,elliptical
379419.jpg,irregular
379467.jpg,elliptical
379468.jpg,elliptical
379479.jpg,irregular
379495.jpg,spiral
379496.jpg,elliptical
379499.jpg,elliptical
379509.jpg,elliptical
379520.jpg,spiral
379543.jpg,elliptical
379556.jpg,elliptical
379624.jpg,elliptical
379630.jpg,irregular
379651.jpg,elliptical
379736.jpg,spiral
379745.jpg,elliptical
379754.jpg,elliptical
379778.jpg,elliptical
379781.jpg,spiral
379793.jpg,elliptical
379809.jpg,irregular
379817.jpg,elliptical
379849.jpg,elliptical
379854.jpg,spiral
379893.jpg,spiral
379899.jpg,elliptical
379909.jpg,elliptical
379910.jpg,spiral
379931.jpg,elliptical
379944.jpg,irregular
379989.jpg,elliptical
379991.jpg,irregular
379995.jpg,elliptical
379996.jpg,elliptical
380056.jpg,elliptical
380069.jpg,elliptical
380119.jpg,irregular
380195.jpg,elliptical
380233.jpg,irregular
380256.jpg,elliptical
380339.jpg,elliptical
380342.jpg,elliptical
380345.jpg,elliptical
380351.jpg,elliptical
380359.jpg,elliptical
380364.jpg,irregular
380370.jpg,elliptical
380415.jpg,spiral
380452.jpg,irregular
380480.jpg,irregular
380504.jpg,irregular
380507.jpg,elliptical
380508.jpg,elliptical
380512.jpg,elliptical
380537.jpg,elliptical
380538.jpg,irregular
380552.jpg,elliptical
380573.jpg,spiral
380587.jpg,elliptical
380592.jpg,elliptical
380651.jpg,elliptical
380726.jpg,elliptical
380748.jpg,spiral
380757.jpg,elliptical
380767.jpg,elliptical
380797.jpg,irregular
380814.jpg,irregular
380816.jpg,irregular
380868.jpg,spiral
380872.jpg,elliptical
380877.jpg,elliptical
380966.jpg,elliptical
380970.jpg,elliptical
380977.jpg,irregular
380990.jpg,spiral
380992.jpg,spiral
381008.jpg,spiral
381042.jpg,elliptical
381055.jpg,elliptical
381077.jpg,elliptical
381092.jpg,elliptical
381097.jpg,irregular
381139.jpg,irregular
381234.jpg,spiral
381237.jpg,elliptical
381269.jpg,elliptical
381304.jpg,elliptical
381307.jpg,irregular
381348.jpg,spiral
381361.jpg,elliptical
381374.jpg,spiral
381413.jpg,elliptical
381430.jpg,elliptical
381438.jpg,elliptical
381458.jpg,elliptical
381464.jpg,elliptical
381506.jpg,elliptical
381551.jpg,spiral
381567.jpg,elliptical
381568.jpg,irregular
381571.jpg,elliptical
381578.jpg,irregular
381582.jpg,irregular
381633.jpg,irregular
381664.jpg,elliptical
381706.jpg,irregular
381753.jpg,elliptical
381766.jpg,irregular
381798.jpg,elliptical
381819.jpg,elliptical
381833.jpg,irregular
381897.jpg,spiral
381905.jpg,elliptical
381910.jpg,elliptical
381922.jpg,irregular
381945.jpg,spiral
381967.jpg,irregular
381972.jpg,elliptical
382010.jpg,elliptical
382026.jpg,irregular
382052.jpg,elliptical
382055.jpg,spiral
382063.jpg,irregular
382117.jpg,elliptical
382159.jpg,spiral
382170.jpg,irregular
382173.jpg,irregular
382182.jpg,elliptical
382185.jpg,elliptical
382199.jpg,spiral
382200.jpg,elliptical
382209.jpg,elliptical
382256.jpg,elliptical
382260.jpg,elliptical
382263.jpg,spiral
382285.jpg,elliptical
382287.jpg,elliptical
382292.jpg,elliptical
382300.jpg,elliptical
382302.jpg,spiral
382336.jpg,spiral
382381.jpg,irregular
382426.jpg,spiral
382446.jpg,spiral
382454.jpg,spiral
382502.jpg,elliptical
382553.jpg,spiral
382561.jpg,elliptical
382585.jpg,elliptical
382587.jpg,elliptical
382600.jpg,elliptical
382605.jpg,spiral
382615.jpg,spiral
382616.jpg,elliptical
382648.jpg,elliptical
382674.jpg,elliptical
382705.jpg,elliptical
382745.jpg,elliptical
382816.jpg,elliptical
382828.jpg,spiral
382832.jpg,elliptical
382865.jpg,elliptical
382898.jpg,spiral
382914.jpg,elliptical
382916.jpg,elliptical
382929.jpg,spiral
382944.jpg,spiral
382986.jpg,irregular
383001.jpg,elliptical
383020.jpg,spiral
383022.jpg,elliptical
383063.jpg,irregular
383073.jpg,spiral
383078.jpg,spiral
383087.jpg,elliptical
383124.jpg,irregular
383125.jpg,elliptical
383165.jpg,spiral
383168.jpg,elliptical
383177.jpg,elliptical
383183.jpg,irregular
383195.jpg,elliptical
383213.jpg,elliptical
383216.jpg,elliptical
383228.jpg,elliptical
383239.jpg,elliptical
383289.jpg,irregular
383323.jpg,elliptical
383354.jpg,irregular
383363.jpg,spiral
383364.jpg,elliptical
383395.jpg,spiral
383407.jpg,elliptical
383408.jpg,spiral
383434.jpg,elliptical
383440.jpg,spiral
383448.jpg,elliptical
383466.jpg,irregular
383475.jpg,spiral
383480.jpg,elliptical
383495.jpg,irregular
383519.jpg,spiral
383523.jpg,spiral
383598.jpg,spiral
383632.jpg,spiral
383690.jpg,elliptical
383712.jpg,irregular
383716.jpg,irregular
383726.jpg,elliptical
383730.jpg,elliptical
383787.jpg,spiral
383801.jpg,spiral
383818.jpg,spiral
383854.jpg,elliptical
383855.jpg,irregular
383897.jpg,elliptical
383935.jpg,elliptical
383951.jpg,elliptical
383972.jpg,elliptical
383992.jpg,irregular
384002.jpg,elliptical
384004.jpg,elliptical
384094.jpg,elliptical
384103.jpg,irregular
384108.jpg,irregular
384112.jpg,elliptical
384119.jpg,spiral
384133.jpg,spiral
384134.jpg,elliptical
384144.jpg,spiral
384180.jpg,elliptical
384190.jpg,elliptical
384236.jpg,elliptical
384259.jpg,elliptical
384297.jpg,elliptical
384388.jpg,irregular
384409.jpg,spiral
384416.jpg,spiral
384436.jpg,elliptical
384463.jpg,elliptical
384486.jpg,elliptical
384518.jpg,elliptical
384535.jpg,spiral
384593.jpg,irregular
384599.jpg,spiral
384624.jpg,irregular
384658.jpg,irregular
384663.jpg,irregular
384697.jpg,elliptical
384707.jpg,elliptical
384753.jpg,elliptical
384764.jpg,elliptical
384812.jpg,elliptical
384829.jpg,spiral
384865.jpg,irregular
384909.jpg,spiral
384913.jpg,elliptical
384928.jpg,elliptical
384970.jpg,elliptical
385026.jpg,irregular
385094.jpg,elliptical
385118.jpg,spiral
385196.jpg,spiral
385203.jpg,irregular
385212.jpg,spiral
385232.jpg,spiral
385241.jpg,elliptical
385299.jpg,irregular
385315.jpg,irregular
385332.jpg,irregular
385397.jpg,irregular
385402.jpg,spiral
385403.jpg,elliptical
385414.jpg,elliptical
385452.jpg,elliptical
385453.jpg,spiral
385495.jpg,spiral
385546.jpg,elliptical
385572.jpg,irregular
385591.jpg,irregular
385594.jpg,spiral
385595.jpg,spiral
385628.jpg,irregular
385639.jpg,irregular
385669.jpg,elliptical
385699.jpg,elliptical
385713.jpg,elliptical
385728.jpg,irregular
385729.jpg,irregular
385733.jpg,irregular
385788.jpg,elliptical
385807.jpg,elliptical
385809.jpg,elliptical
385816.jpg,spiral
385834.jpg,spiral
385888.jpg,elliptical
385894.jpg,elliptical
385899.jpg,irregular
385963.jpg,elliptical
385988.jpg,elliptical
385998.jpg,elliptical
386002.jpg,spiral
386006.jpg,irregular
386018.jpg,irregular
386026.jpg,elliptical
386080.jpg,elliptical
386138.jpg,elliptical
386145.jpg,elliptical
386164.jpg,elliptical
386165.jpg,spiral
386175.jpg,elliptical
386257.jpg,elliptical
386265.jpg,irregular
386279.jpg,elliptical
386288.jpg,spiral
386321.jpg,elliptical
386359.jpg,spiral
386411.jpg,elliptical
386427.jpg,irregular
386446.jpg,elliptical
386457.jpg,elliptical
386467.jpg,elliptical
386499.jpg,elliptical
386507.jpg,spiral
386513.jpg,elliptical
386522.jpg,irregular
386569.jpg,irregular
386597.jpg,spiral
386677.jpg,elliptical
386684.jpg,spiral
386716.jpg,spiral
386726.jpg,spiral
386770.jpg,elliptical
386783.jpg,spiral
386789.jpg,elliptical
386857.jpg,elliptical
386865.jpg,elliptical
386868.jpg,elliptical
386884.jpg,spiral
386938.jpg,elliptical
386942.jpg,spiral
386958.jpg,elliptical
386970.jpg,elliptical
387013.jpg,elliptical
387017.jpg,elliptical
387047.jpg,elliptical
387134.jpg,elliptical
387234.jpg,elliptical
387262.jpg,elliptical
387286.jpg,elliptical
387301.jpg,elliptical
387302.jpg,elliptical
387304.jpg,elliptical
387316.jpg,elliptical
387356.jpg,spiral
387381.jpg,spiral
387451.jpg,elliptical
387457.jpg,elliptical
387470.jpg,elliptical
387530.jpg,spiral
387539.jpg,irregular
387549.jpg,irregular
387579.jpg,elliptical
387593.jpg,elliptical
387603.jpg,elliptical
387608.jpg,elliptical
387646.jpg,spiral
387680.jpg,elliptical
387693.jpg,elliptical
387705.jpg,irregular
387735.jpg,elliptical
387795.jpg,elliptical
387812.jpg,elliptical
387827.jpg,elliptical
387850.jpg,spiral
387852.jpg,elliptical
387870.jpg,elliptical
387873.jpg,elliptical
387875.jpg,elliptical
387905.jpg,spiral
387925.jpg,elliptical
387942.jpg,spiral
387953.jpg,elliptical
387960.jpg,spiral
387971.jpg,irregular
388033.jpg,elliptical
388062.jpg,elliptical
388081.jpg,elliptical
388082.jpg,irregular
388094.jpg,spiral
388096.jpg,elliptical
388100.jpg,elliptical
388138.jpg,spiral
388190.jpg,elliptical
388243.jpg,spiral
388258.jpg,elliptical
388279.jpg,spiral
388320.jpg,elliptical
388382.jpg,irregular
388411.jpg,elliptical
388492.jpg,elliptical
388529.jpg,elliptical
388531.jpg,elliptical
388552.jpg,elliptical
388604.jpg,spiral
388605.jpg,irregular
388622.jpg,elliptical
388623.jpg,elliptical
388633.jpg,elliptical
388649.jpg,spiral
388653.jpg,elliptical
388658.jpg,spiral
388660.jpg,elliptical
388667.jpg,elliptical
388670.jpg,spiral
388672.jpg,elliptical
388681.jpg,elliptical
388687.jpg,elliptical
388718.jpg,spiral
388726.jpg,spiral
388754.jpg,elliptical
388761.jpg,elliptical
388833.jpg,elliptical
388846.jpg,elliptical
388848.jpg,spiral
388918.jpg,elliptical
388976.jpg,elliptical
388978.jpg,spiral
388979.jpg,spiral
389062.jpg,elliptical
389073.jpg,elliptical
389077.jpg,spiral
389082.jpg,elliptical
389106.jpg,elliptical
389149.jpg,spiral
389170.jpg,elliptical
389182.jpg,spiral
389201.jpg,elliptical
389202.jpg,elliptical
389241.jpg,elliptical
389248.jpg,elliptical
389250.jpg,irregular
389279.jpg,irregular
389323.jpg,irregular
389365.jpg,spiral
389383.jpg,elliptical
389400.jpg,spiral
389420.jpg,irregular
389459.jpg,elliptical
389463.jpg,elliptical
389508.jpg,irregular
389525.jpg,spiral
389561.jpg,irregular
389571.jpg,irregular
389599.jpg,elliptical
389626.jpg,elliptical
389629.jpg,elliptical
389661.jpg,irregular
389663.jpg,elliptical
389670.jpg,irregular
389693.jpg,spiral
389703.jpg,elliptical
389746.jpg,spiral
389755.jpg,irregular
389756.jpg,irregular
389780.jpg,irregular
389821.jpg,irregular
389885.jpg,irregular
389899.jpg,elliptical
389986.jpg,irregular
389995.jpg,elliptical
390000.jpg,irregular
390006.jpg,elliptical
390021.jpg,elliptical
390027.jpg,elliptical
390042.jpg,spiral
390044.jpg,elliptical
390170.jpg,elliptical
390180.jpg,elliptical
390182.jpg,elliptical
390192.jpg,spiral
390252.jpg,elliptical
390264.jpg,elliptical
390265.jpg,elliptical
390268.jpg,elliptical
390280.jpg,spiral
390281.jpg,elliptical
390301.jpg,elliptical
390307.jpg,elliptical
390334.jpg,spiral
390347.jpg,elliptical
390386.jpg,spiral
390397.jpg,elliptical
390400.jpg,spiral
390403.jpg,elliptical
390409.jpg,elliptical
390414.jpg,spiral
390429.jpg,irregular
390435.jpg,elliptical
390458.jpg,elliptical
390460.jpg,irregular
390479.jpg,elliptical
390487.jpg,elliptical
390514.jpg,irregular
390524.jpg,irregular
390525.jpg,elliptical
390559.jpg,elliptical
390562.jpg,elliptical
390584.jpg,elliptical
390593.jpg,irregular
390598.jpg,elliptical
390603.jpg,irregular
390609.jpg,irregular
390630.jpg,elliptical
390647.jpg,irregular
390657.jpg,elliptical
390696.jpg,irregular
390755.jpg,irregular
390756.jpg,irregular
390760.jpg,elliptical
390762.jpg,spiral
390778.jpg,elliptical
390798.jpg,elliptical
390827.jpg,spiral
390835.jpg,elliptical
390853.jpg,elliptical
390857.jpg,irregular
390894.jpg,spiral
390910.jpg,irregular
390918.jpg,spiral
390988.jpg,elliptical
391003.jpg,spiral
391019.jpg,elliptical
391040.jpg,spiral
391069.jpg,irregular
391078.jpg,elliptical
391094.jpg,spiral
391109.jpg,elliptical
391125.jpg,elliptical
391138.jpg,irregular
391155.jpg,irregular
391165.jpg,elliptical
391193.jpg,irregular
391212.jpg,irregular
391222.jpg,elliptical
391232.jpg,elliptical
391261.jpg,irregular
391334.jpg,irregular
391340.jpg,elliptical
391343.jpg,elliptical
391351.jpg,elliptical
391356.jpg,elliptical
391361.jpg,elliptical
391362.jpg,spiral
391375.jpg,elliptical
391379.jpg,elliptical
391398.jpg,elliptical
391427.jpg,elliptical
391454.jpg,elliptical
391484.jpg,elliptical
391505.jpg,irregular
391508.jpg,elliptical
391549.jpg,irregular
391561.jpg,elliptical
391657.jpg,spiral
391658.jpg,irregular
391670.jpg,irregular
391692.jpg,elliptical
391697.jpg,spiral
391706.jpg,elliptical
391732.jpg,elliptical
391740.jpg,elliptical
391750.jpg,spiral
391782.jpg,elliptical
391843.jpg,irregular
391848.jpg,elliptical
391890.jpg,elliptical
391894.jpg,elliptical
391898.jpg,spiral
391927.jpg,elliptical
391940.jpg,elliptical
391974.jpg,elliptical
392007.jpg,irregular
392019.jpg,irregular
392035.jpg,spiral
392065.jpg,elliptical
392088.jpg,elliptical
392112.jpg,elliptical
392118.jpg,elliptical
392153.jpg,irregular
392165.jpg,elliptical
392174.jpg,elliptical
392196.jpg,elliptical
392216.jpg,elliptical
392221.jpg,elliptical
392241.jpg,irregular
392253.jpg,irregular
392265.jpg,irregular
392284.jpg,spiral
392386.jpg,elliptical
392456.jpg,spiral
392477.jpg,elliptical
392498.jpg,elliptical
392501.jpg,irregular
392502.jpg,elliptical
392522.jpg,elliptical
392527.jpg,elliptical
392544.jpg,spiral
392554.jpg,elliptical
392572.jpg,spiral
392580.jpg,elliptical
392617.jpg,elliptical
392619.jpg,irregular
392621.jpg,elliptical
392631.jpg,irregular
392646.jpg,spiral
392654.jpg,elliptical
392657.jpg,elliptical
392690.jpg,spiral
392692.jpg,irregular
392700.jpg,elliptical
392723.jpg,spiral
392734.jpg,spiral
392769.jpg,irregular
392772.jpg,irregular
392809.jpg,irregular
392818.jpg,irregular
392829.jpg,spiral
392831.jpg,spiral
392834.jpg,elliptical
392859.jpg,elliptical
392875.jpg,elliptical
392881.jpg,elliptical
392887.jpg,irregular
392906.jpg,elliptical
392909.jpg,irregular
392923.jpg,spiral
392938.jpg,elliptical
392939.jpg,elliptical
392948.jpg,irregular
393022.jpg,elliptical
393048.jpg,irregular
393054.jpg,spiral
393086.jpg,elliptical
393089.jpg,elliptical
393128.jpg,spiral
393141.jpg,spiral
393160.jpg,elliptical
393172.jpg,spiral
393177.jpg,elliptical
393186.jpg,elliptical
393197.jpg,spiral
393212.jpg,elliptical
393219.jpg,elliptical
393238.jpg,irregular
393250.jpg,irregular
393261.jpg,irregular
393301.jpg,irregular
393312.jpg,elliptical
393314.jpg,elliptical
393341.jpg,spiral
393361.jpg,elliptical
393393.jpg,elliptical
393400.jpg,elliptical
393405.jpg,elliptical
393444.jpg,spiral
393466.jpg,elliptical
393471.jpg,elliptical
393486.jpg,spiral
393487.jpg,irregular
393496.jpg,elliptical
393528.jpg,spiral
393539.jpg,spiral
393556.jpg,spiral
393584.jpg,elliptical
393588.jpg,elliptical
393593.jpg,irregular
393603.jpg,spiral
393624.jpg,spiral
393625.jpg,elliptical
393648.jpg,elliptical
393667.jpg,irregular
393692.jpg,elliptical
393695.jpg,elliptical
393699.jpg,elliptical
393704.jpg,elliptical
393827.jpg,elliptical
393858.jpg,elliptical
393876.jpg,elliptical
393878.jpg,spiral
393897.jpg,elliptical
393906.jpg,elliptical
393926.jpg,elliptical
393967.jpg,spiral
394005.jpg,irregular
394015.jpg,elliptical
394030.jpg,spiral
394034.jpg,spiral
394035.jpg,irregular
394044.jpg,elliptical
394099.jpg,elliptical
394132.jpg,spiral
394142.jpg,irregular
394156.jpg,irregular
394161.jpg,irregular
394164.jpg,spiral
394176.jpg,elliptical
394203.jpg,irregular
394221.jpg,irregular
394242.jpg,elliptical
394246.jpg,irregular
394253.jpg,elliptical
394319.jpg,spiral
394362.jpg,elliptical
394390.jpg,elliptical
394392.jpg,spiral
394426.jpg,elliptical
394434.jpg,spiral
394436.jpg,irregular
394477.jpg,elliptical
394524.jpg,irregular
394529.jpg,irregular
394558.jpg,elliptical
394579.jpg,irregular
394614.jpg,elliptical
394621.jpg,spiral
394652.jpg,elliptical
394676.jpg,irregular
394684.jpg,elliptical
394685.jpg,elliptical
394708.jpg,elliptical
394724.jpg,elliptical
394746.jpg,elliptical
394764.jpg,elliptical
394799.jpg,irregular
394807.jpg,spiral
394823.jpg,spiral
394838.jpg,irregular
394852.jpg,spiral
394858.jpg,elliptical
394863.jpg,spiral
394882.jpg,irregular
394933.jpg,elliptical
394954.jpg,irregular
394975.jpg,spiral
394990.jpg,elliptical
395012.jpg,irregular
395013.jpg,elliptical
395036.jpg,elliptical
395047.jpg,elliptical
395080.jpg,elliptical
395138.jpg,elliptical
395157.jpg,elliptical
395159.jpg,elliptical
395168.jpg,elliptical
395176.jpg,elliptical
395197.jpg,spiral
395242.jpg,elliptical
395246.jpg,spiral
395258.jpg,elliptical
395271.jpg,spiral
395280.jpg,spiral
395281.jpg,elliptical
395316.jpg,elliptical
395368.jpg,elliptical
395411.jpg,irregular
395417.jpg,spiral
395456.jpg,irregular
395545.jpg,spiral
395552.jpg,elliptical
395553.jpg,irregular
395567.jpg,elliptical
395574.jpg,elliptical
395579.jpg,elliptical
395673.jpg,elliptical
395675.jpg,spiral
395687.jpg,elliptical
395737.jpg,elliptical
395743.jpg,elliptical
395754.jpg,elliptical
395803.jpg,irregular
395847.jpg,spiral
395852.jpg,elliptical
395879.jpg,elliptical
395926.jpg,elliptical
395946.jpg,elliptical
395980.jpg,spiral
395982.jpg,spiral
395985.jpg,elliptical
395998.jpg,spiral
396002.jpg,spiral
396014.jpg,elliptical
396078.jpg,elliptical
396097.jpg,spiral
396109.jpg,spiral
396157.jpg,elliptical
396182.jpg,spiral
396199.jpg,spiral
396206.jpg,elliptical
396209.jpg,elliptical
396238.jpg,irregular
396279.jpg,elliptical
396300.jpg,spiral
396303.jpg,spiral
396315.jpg,elliptical
396330.jpg,spiral
396333.jpg,elliptical
396339.jpg,elliptical
396343.jpg,elliptical
396417.jpg,elliptical
396418.jpg,irregular
396426.jpg,spiral
396433.jpg,irregular
396437.jpg,elliptical
396485.jpg,irregular
396504.jpg,spiral
396506.jpg,spiral
396631.jpg,elliptical
396668.jpg,irregular
396670.jpg,elliptical
396672.jpg,elliptical
396690.jpg,spiral
396703.jpg,elliptical
396719.jpg,elliptical
396723.jpg,elliptical
396730.jpg,elliptical
396742.jpg,irregular
396751.jpg,elliptical
396771.jpg,elliptical
396777.jpg,irregular
396831.jpg,elliptical
396874.jpg,irregular
396883.jpg,spiral
396906.jpg,irregular
396930.jpg,elliptical
396933.jpg,elliptical
396971.jpg,spiral
396981.jpg,spiral
397001.jpg,irregular
397015.jpg,elliptical
397033.jpg,irregular
397040.jpg,elliptical
397046.jpg,elliptical
397086.jpg,elliptical
397104.jpg,elliptical
397144.jpg,spiral
397145.jpg,elliptical
397172.jpg,elliptical
397206.jpg,elliptical
397209.jpg,elliptical
397211.jpg,spiral
397250.jpg,spiral
397255.jpg,elliptical
397270.jpg,irregular
397348.jpg,elliptical
397361.jpg,elliptical
397367.jpg,spiral
397371.jpg,elliptical
397438.jpg,elliptical
397464.jpg,elliptical
397480.jpg,irregular
397484.jpg,elliptical
397488.jpg,elliptical
397492.jpg,elliptical
397518.jpg,irregular
397527.jpg,elliptical
397587.jpg,elliptical
397596.jpg,elliptical
397610.jpg,irregular
397647.jpg,spiral
397652.jpg,irregular
397677.jpg,elliptical
397717.jpg,elliptical
397739.jpg,elliptical
397745.jpg,elliptical
397811.jpg,elliptical
397832.jpg,elliptical
397834.jpg,elliptical
397849.jpg,spiral
397852.jpg,spiral
397871.jpg,elliptical
397876.jpg,spiral
397885.jpg,elliptical
397891.jpg,elliptical
397912.jpg,spiral
397916.jpg,irregular
397943.jpg,spiral
398012.jpg,spiral
398030.jpg,spiral
398041.jpg,elliptical
398042.jpg,irregular
398045.jpg,irregular
398091.jpg,elliptical
398126.jpg,elliptical
398148.jpg,spiral
398149.jpg,elliptical
398159.jpg,irregular
398163.jpg,elliptical
398183.jpg,irregular
398188.jpg,elliptical
398241.jpg,elliptical
398245.jpg,elliptical
398254.jpg,elliptical
398262.jpg,elliptical
398267.jpg,irregular
398277.jpg,elliptical
398307.jpg,spiral
398310.jpg,elliptical
398317.jpg,spiral
398355.jpg,elliptical
398366.jpg,elliptical
398380.jpg,spiral
398397.jpg,elliptical
398398.jpg,spiral
398427.jpg,irregular
398456.jpg,elliptical
398462.jpg,elliptical
398485.jpg,irregular
398512.jpg,irregular
398527.jpg,irregular
398541.jpg,elliptical
398552.jpg,elliptical
398553.jpg,elliptical
398566.jpg,elliptical
398567.jpg,elliptical
398590.jpg,irregular
398622.jpg,irregular
398647.jpg,elliptical
398659.jpg,spiral
398722.jpg,spiral
398725.jpg,elliptical
398740.jpg,elliptical
398772.jpg,irregular
398786.jpg,elliptical
398792.jpg,irregular
398813.jpg,spiral
398823.jpg,elliptical
398846.jpg,elliptical
398865.jpg,elliptical
398883.jpg,elliptical
398887.jpg,elliptical
398893.jpg,spiral
398895.jpg,elliptical
398910.jpg,spiral
398928.jpg,elliptical
398957.jpg,elliptical
398974.jpg,elliptical
399013.jpg,elliptical
399075.jpg,elliptical
399142.jpg,spiral
399148.jpg,elliptical
399166.jpg,elliptical
399198.jpg,irregular
399209.jpg,elliptical
399233.jpg,elliptical
399260.jpg,irregular
399290.jpg,irregular
399297.jpg,irregular
399301.jpg,spiral
399320.jpg,irregular
399321.jpg,elliptical
399348.jpg,elliptical
399406.jpg,elliptical
399407.jpg,elliptical
399431.jpg,spiral
399453.jpg,irregular
399466.jpg,elliptical
399489.jpg,spiral
399490.jpg,elliptical
399510.jpg,spiral
399514.jpg,spiral
399518.jpg,elliptical
399535.jpg,elliptical
399538.jpg,spiral
399539.jpg,elliptical
399551.jpg,elliptical
399623.jpg,irregular
399660.jpg,irregular
399686.jpg,elliptical
399695.jpg,elliptical
399705.jpg,elliptical
399719.jpg,elliptical
399727.jpg,irregular
399737.jpg,elliptical
399762.jpg,elliptical
399784.jpg,elliptical
399860.jpg,elliptical
399864.jpg,elliptical
399912.jpg,elliptical
399925.jpg,irregular
399928.jpg,elliptical
399947.jpg,elliptical
399966.jpg,elliptical
399971.jpg,elliptical
399978.jpg,elliptical
399985.jpg,elliptical
400015.jpg,elliptical
400026.jpg,irregular
400060.jpg,elliptical
400130.jpg,elliptical
400139.jpg,elliptical
400167.jpg,elliptical
400187.jpg,elliptical
400239.jpg,elliptical
400282.jpg,spiral
400291.jpg,irregular
400309.jpg,elliptical
400311.jpg,elliptical
400315.jpg,elliptical
400319.jpg,irregular
400335.jpg,irregular
400352.jpg,spiral
400364.jpg,elliptical
400389.jpg,elliptical
400396.jpg,elliptical
400416.jpg,elliptical
400417.jpg,elliptical
400426.jpg,irregular
400445.jpg,elliptical
400482.jpg,elliptical
400502.jpg,elliptical
400550.jpg,elliptical
400556.jpg,elliptical
400568.jpg,elliptical
400602.jpg,elliptical
400609.jpg,irregular
400625.jpg,irregular
400649.jpg,irregular
400652.jpg,elliptical
400661.jpg,elliptical
400681.jpg,irregular
400721.jpg,elliptical
400737.jpg,elliptical
400739.jpg,elliptical
400754.jpg,elliptical
400786.jpg,irregular
400790.jpg,spiral
400796.jpg,irregular
400809.jpg,irregular
400819.jpg,spiral
400820.jpg,irregular
400836.jpg,elliptical
400844.jpg,elliptical
400859.jpg,spiral
400898.jpg,irregular
400909.jpg,spiral
400919.jpg,elliptical
400934.jpg,spiral
400954.jpg,elliptical
400976.jpg,irregular
400996.jpg,elliptical
401016.jpg,elliptical
401046.jpg,spiral
401061.jpg,irregular
401099.jpg,elliptical
401120.jpg,spiral
401176.jpg,elliptical
401177.jpg,irregular
401194.jpg,elliptical
401197.jpg,irregular
401206.jpg,elliptical
401248.jpg,elliptical
401250.jpg,elliptical
401263.jpg,irregular
401274.jpg,spiral
401280.jpg,elliptical
401286.jpg,elliptical
401297.jpg,elliptical
401355.jpg,irregular
401364.jpg,irregular
401376.jpg,irregular
401378.jpg,spiral
401396.jpg,elliptical
401416.jpg,elliptical
401426.jpg,spiral
401459.jpg,irregular
401472.jpg,spiral
401496.jpg,elliptical
401498.jpg,spiral
401518.jpg,elliptical
401557.jpg,spiral
401584.jpg,elliptical
401596.jpg,elliptical
401630.jpg,spiral
401650.jpg,elliptical
401675.jpg,spiral
401681.jpg,spiral
401699.jpg,spiral
401720.jpg,elliptical
401751.jpg,spiral
401772.jpg,elliptical
401774.jpg,elliptical
401782.jpg,elliptical
401789.jpg,elliptical
401819.jpg,irregular
401821.jpg,spiral
401830.jpg,irregular
401832.jpg,elliptical
401895.jpg,spiral
401907.jpg,spiral
401935.jpg,spiral
401954.jpg,irregular
401989.jpg,irregular
401991.jpg,elliptical
402007.jpg,elliptical
402008.jpg,elliptical
402028.jpg,elliptical
402051.jpg,elliptical
402124.jpg,elliptical
402171.jpg,spiral
402194.jpg,spiral
402220.jpg,elliptical
402232.jpg,irregular
402235.jpg,elliptical
402241.jpg,elliptical
402246.jpg,elliptical
402249.jpg,spiral
402250.jpg,elliptical
402294.jpg,elliptical
402300.jpg,spiral
402347.jpg,elliptical
402408.jpg,irregular
402416.jpg,elliptical
402420.jpg,elliptical
402442.jpg,spiral
402510.jpg,elliptical
402528.jpg,irregular
402552.jpg,spiral
402562.jpg,elliptical
402613.jpg,spiral
402616.jpg,elliptical
402627.jpg,elliptical
402641.jpg,irregular
402653.jpg,elliptical
402659.jpg,elliptical
402745.jpg,elliptical
402777.jpg,elliptical
402783.jpg,irregular
402820.jpg,spiral
402842.jpg,irregular
402857.jpg,elliptical
402859.jpg,elliptical
402868.jpg,elliptical
402887.jpg,elliptical
402957.jpg,irregular
402959.jpg,elliptical
403032.jpg,elliptical
403035.jpg,elliptical
403111.jpg,elliptical
403129.jpg,elliptical
403137.jpg,elliptical
403140.jpg,irregular
403154.jpg,irregular
403178.jpg,irregular
403181.jpg,spiral
403188.jpg,spiral
403204.jpg,elliptical
403228.jpg,elliptical
403243.jpg,elliptical
403303.jpg,elliptical
403352.jpg,irregular
403367.jpg,spiral
403380.jpg,irregular
403381.jpg,spiral
403403.jpg,elliptical
403417.jpg,spiral
403430.jpg,spiral
403438.jpg,elliptical
403461.jpg,spiral
403483.jpg,elliptical
403498.jpg,spiral
403500.jpg,elliptical
403505.jpg,elliptical
403508.jpg,irregular
403531.jpg,elliptical
403545.jpg,elliptical
403568.jpg,spiral
403569.jpg,irregular
403596.jpg,elliptical
403629.jpg,irregular
403647.jpg,irregular
403661.jpg,elliptical
403668.jpg,elliptical
403680.jpg,spiral
403724.jpg,elliptical
403743.jpg,elliptical
403755.jpg,spiral
403772.jpg,irregular
403773.jpg,elliptical
403787.jpg,spiral
403799.jpg,elliptical
403806.jpg,elliptical
403891.jpg,irregular
403925.jpg,elliptical
403930.jpg,irregular
403937.jpg,elliptical
403961.jpg,elliptical
403972.jpg,elliptical
404036.jpg,spiral
404050.jpg,spiral
404056.jpg,spiral
404076.jpg,elliptical
404105.jpg,elliptical
404111.jpg,elliptical
404115.jpg,elliptical
404135.jpg,elliptical
404151.jpg,spiral
404155.jpg,elliptical
404182.jpg,irregular
404192.jpg,spiral
404212.jpg,elliptical
404222.jpg,elliptical
404235.jpg,irregular
404239.jpg,elliptical
404250.jpg,elliptical
404268.jpg,elliptical
404294.jpg,elliptical
404367.jpg,elliptical
404444.jpg,irregular
404461.jpg,irregular
404467.jpg,spiral
404480.jpg,irregular
404484.jpg,elliptical
404488.jpg,spiral
404510.jpg,elliptical
404513.jpg,spiral
404603.jpg,spiral
404609.jpg,spiral
404658.jpg,elliptical
404677.jpg,elliptical
404723.jpg,spiral
404727.jpg,elliptical
404729.jpg,irregular
404758.jpg,elliptical
404771.jpg,irregular
404779.jpg,spiral
404783.jpg,irregular
404827.jpg,spiral
404939.jpg,elliptical
404957.jpg,spiral
404992.jpg,elliptical
405036.jpg,irregular
405043.jpg,elliptical
405052.jpg,spiral
405071.jpg,spiral
405084.jpg,spiral
405089.jpg,spiral
405094.jpg,elliptical
405103.jpg,elliptical
405109.jpg,elliptical
405137.jpg,spiral
405181.jpg,irregular
405191.jpg,irregular
405204.jpg,spiral
405227.jpg,irregular
405228.jpg,elliptical
405229.jpg,elliptical
405246.jpg,elliptical
405291.jpg,irregular
405298.jpg,elliptical
405299.jpg,elliptical
405313.jpg,spiral
405335.jpg,spiral
405336.jpg,spiral
405345.jpg,elliptical
405352.jpg,spiral
405365.jpg,elliptical
405387.jpg,elliptical
405432.jpg,irregular
405443.jpg,elliptical
405455.jpg,spiral
405474.jpg,elliptical
405485.jpg,elliptical
405498.jpg,elliptical
405515.jpg,elliptical
405603.jpg,irregular
405606.jpg,elliptical
405615.jpg,spiral
405641.jpg,elliptical
405663.jpg,spiral
405667.jpg,elliptical
405670.jpg,elliptical
405685.jpg,elliptical
405862.jpg,elliptical
405873.jpg,spiral
405911.jpg,irregular
405912.jpg,elliptical
405970.jpg,spiral
405974.jpg,irregular
405977.jpg,elliptical
405980.jpg,irregular
406009.jpg,irregular
406023.jpg,spiral
406031.jpg,elliptical
406041.jpg,irregular
406056.jpg,elliptical
406064.jpg,spiral
406089.jpg,elliptical
406103.jpg,elliptical
406188.jpg,spiral
406229.jpg,elliptical
406249.jpg,irregular
406345.jpg,spiral
406374.jpg,elliptical
406379.jpg,irregular
406424.jpg,elliptical
406462.jpg,elliptical
406466.jpg,spiral
406537.jpg,elliptical
406568.jpg,irregular
406592.jpg,spiral
406621.jpg,spiral
406636.jpg,elliptical
406776.jpg,spiral
406787.jpg,spiral
406794.jpg,spiral
406813.jpg,elliptical
406826.jpg,elliptical
406847.jpg,spiral
406872.jpg,elliptical
406878.jpg,elliptical
406900.jpg,elliptical
406915.jpg,elliptical
406938.jpg,elliptical
406972.jpg,elliptical
406978.jpg,elliptical
407042.jpg,elliptical
407062.jpg,elliptical
407129.jpg,elliptical
407176.jpg,spiral
407179.jpg,irregular
407212.jpg,elliptical
407229.jpg,spiral
407258.jpg,elliptical
407278.jpg,irregular
407285.jpg,elliptical
407303.jpg,elliptical
407304.jpg,irregular
407310.jpg,elliptical
407324.jpg,spiral
407355.jpg,irregular
407363.jpg,elliptical
407371.jpg,elliptical
407378.jpg,spiral
407379.jpg,elliptical
407394.jpg,elliptical
407403.jpg,spiral
407408.jpg,irregular
407422.jpg,elliptical
407477.jpg,elliptical
407495.jpg,irregular
407501.jpg,elliptical
407509.jpg,elliptical
407586.jpg,elliptical
407589.jpg,elliptical
407594.jpg,elliptical
407650.jpg,spiral
407687.jpg,irregular
407716.jpg,elliptical
407742.jpg,elliptical
407743.jpg,elliptical
407746.jpg,spiral
407756.jpg,elliptical
407783.jpg,elliptical
407794.jpg,elliptical
407796.jpg,irregular
407825.jpg,irregular
407853.jpg,elliptical
407855.jpg,elliptical
407862.jpg,spiral
407867.jpg,elliptical
407926.jpg,irregular
407930.jpg,spiral
407936.jpg,elliptical
407970.jpg,elliptical
407984.jpg,spiral
407996.jpg,spiral
408009.jpg,elliptical
408061.jpg,spiral
408065.jpg,irregular
408118.jpg,spiral
408122.jpg,spiral
408134.jpg,irregular
408153.jpg,elliptical
408206.jpg,elliptical
408214.jpg,irregular
408217.jpg,elliptical
408243.jpg,spiral
408277.jpg,irregular
408280.jpg,elliptical
408282.jpg,elliptical
408283.jpg,elliptical
408287.jpg,elliptical
408291.jpg,elliptical
408293.jpg,elliptical
408308.jpg,elliptical
408317.jpg,spiral
408323.jpg,elliptical
408384.jpg,irregular
408432.jpg,irregular
408445.jpg,elliptical
408457.jpg,spiral
408469.jpg,elliptical
408472.jpg,spiral
408485.jpg,spiral
408495.jpg,elliptical
408498.jpg,spiral
408516.jpg,irregular
408556.jpg,elliptical
408571.jpg,elliptical
408574.jpg,elliptical
408637.jpg,irregular
408643.jpg,elliptical
408647.jpg,elliptical
408658.jpg,spiral
408686.jpg,elliptical
408695.jpg,elliptical
408699.jpg,spiral
408705.jpg,irregular
408755.jpg,elliptical
408759.jpg,elliptical
408760.jpg,elliptical
408793.jpg,spiral
408798.jpg,elliptical
408800.jpg,elliptical
408831.jpg,elliptical
408840.jpg,irregular
408846.jpg,elliptical
408847.jpg,spiral
408858.jpg,elliptical
408859.jpg,elliptical
408871.jpg,irregular
408895.jpg,irregular
408912.jpg,spiral
408928.jpg,elliptical
408929.jpg,elliptical
408936.jpg,irregular
408942.jpg,elliptical
408951.jpg,elliptical
409040.jpg,irregular
409052.jpg,elliptical
409058.jpg,elliptical
409091.jpg,irregular
409111.jpg,spiral
409149.jpg,elliptical
409150.jpg,elliptical
409162.jpg,irregular
409166.jpg,spiral
409180.jpg,irregular
409195.jpg,elliptical
409212.jpg,spiral
409239.jpg,elliptical
409338.jpg,irregular
409377.jpg,elliptical
409384.jpg,elliptical
409437.jpg,irregular
409449.jpg,elliptical
409470.jpg,irregular
409473.jpg,elliptical
409479.jpg,elliptical
409494.jpg,elliptical
409528.jpg,elliptical
409542.jpg,elliptical
409548.jpg,elliptical
409556.jpg,elliptical
409598.jpg,spiral
409620.jpg,elliptical
409673.jpg,elliptical
409682.jpg,elliptical
409684.jpg,spiral
409689.jpg,elliptical
409711.jpg,elliptical
409714.jpg,elliptical
409759.jpg,elliptical
409769.jpg,irregular
409801.jpg,irregular
409848.jpg,spiral
409907.jpg,irregular
409911.jpg,spiral
409930.jpg,elliptical
409965.jpg,elliptical
409966.jpg,spiral
410007.jpg,elliptical
410024.jpg,irregular
410036.jpg,elliptical
410037.jpg,spiral
410178.jpg,spiral
410222.jpg,irregular
410245.jpg,elliptical
410255.jpg,spiral
410316.jpg,irregular
410326.jpg,spiral
410350.jpg,elliptical
410362.jpg,irregular
410406.jpg,elliptical
410414.jpg,irregular
410444.jpg,irregular
410507.jpg,elliptical
410536.jpg,spiral
410539.jpg,spiral
410543.jpg,irregular
410548.jpg,elliptical
410557.jpg,irregular
410566.jpg,elliptical
410567.jpg,elliptical
410569.jpg,spiral
410584.jpg,elliptical
410610.jpg,elliptical
410613.jpg,elliptical
410614.jpg,elliptical
410649.jpg,spiral
410650.jpg,spiral
410664.jpg,irregular
410689.jpg,elliptical
410692.jpg,spiral
410718.jpg,elliptical
410735.jpg,spiral
410737.jpg,elliptical
410747.jpg,elliptical
410754.jpg,irregular
410773.jpg,irregular
410777.jpg,spiral
410792.jpg,elliptical
410794.jpg,elliptical
410795.jpg,spiral
410825.jpg,irregular
410837.jpg,irregular
410919.jpg,spiral
410921.jpg,irregular
411011.jpg,spiral
411015.jpg,elliptical
411044.jpg,spiral
411048.jpg,irregular
411050.jpg,spiral
411075.jpg,elliptical
411078.jpg,elliptical
411090.jpg,irregular
411123.jpg,elliptical
411209.jpg,elliptical
411282.jpg,elliptical
411283.jpg,irregular
411286.jpg,elliptical
411358.jpg,elliptical
411368.jpg,spiral
411381.jpg,elliptical
411384.jpg,elliptical
411398.jpg,elliptical
411414.jpg,elliptical
411458.jpg,elliptical
411513.jpg,elliptical
411544.jpg,spiral
411556.jpg,spiral
411568.jpg,elliptical
411603.jpg,elliptical
411604.jpg,irregular
411646.jpg,elliptical
411692.jpg,spiral
411717.jpg,elliptical
411752.jpg,elliptical
411755.jpg,elliptical
411759.jpg,elliptical
411790.jpg,elliptical
411791.jpg,elliptical
411838.jpg,spiral
411868.jpg,irregular
411926.jpg,irregular
411940.jpg,spiral
411955.jpg,irregular
411960.jpg,elliptical
411974.jpg,elliptical
411980.jpg,irregular
411981.jpg,spiral
411983.jpg,elliptical
412081.jpg,spiral
412102.jpg,spiral
412109.jpg,elliptical
412134.jpg,elliptical
412141.jpg,elliptical
412207.jpg,spiral
412242.jpg,spiral
412263.jpg,elliptical
412273.jpg,spiral
412282.jpg,spiral
412346.jpg,elliptical
412348.jpg,elliptical
412394.jpg,irregular
412407.jpg,irregular
412418.jpg,elliptical
412428.jpg,elliptical
412435.jpg,spiral
412508.jpg,spiral
412509.jpg,elliptical
412511.jpg,elliptical
412525.jpg,elliptical
412535.jpg,spiral
412551.jpg,spiral
412628.jpg,irregular
412630.jpg,spiral
412643.jpg,irregular
412737.jpg,elliptical
412759.jpg,elliptical
412776.jpg,irregular
412781.jpg,elliptical
412827.jpg,elliptical
412912.jpg,elliptical
412926.jpg,elliptical
412995.jpg,elliptical
412999.jpg,elliptical
413007.jpg,irregular
413029.jpg,spiral
413038.jpg,spiral
413144.jpg,spiral
413202.jpg,spiral
413204.jpg,elliptical
413230.jpg,spiral
413246.jpg,spiral
413319.jpg,irregular
413357.jpg,elliptical
413380.jpg,spiral
413405.jpg,elliptical
413420.jpg,spiral
413483.jpg,spiral
413505.jpg,elliptical
413530.jpg,elliptical
413533.jpg,irregular
413545.jpg,elliptical
413565.jpg,elliptical
413582.jpg,elliptical
413599.jpg,spiral
413631.jpg,irregular
413651.jpg,elliptical
413673.jpg,elliptical
413699.jpg,irregular
413783.jpg,elliptical
413797.jpg,spiral
413819.jpg,irregular
413825.jpg,elliptical
413839.jpg,elliptical
413852.jpg,elliptical
413912.jpg,spiral
413921.jpg,irregular
413932.jpg,elliptical
413939.jpg,elliptical
413958.jpg,irregular
413965.jpg,elliptical
413968.jpg,irregular
414011.jpg,irregular
414058.jpg,elliptical
414139.jpg,elliptical
414148.jpg,elliptical
414157.jpg,elliptical
414173.jpg,elliptical
414176.jpg,elliptical
414197.jpg,elliptical
414205.jpg,elliptical
414216.jpg,elliptical
414226.jpg,irregular
414243.jpg,elliptical
414246.jpg,elliptical
414247.jpg,elliptical
414260.jpg,irregular
414263.jpg,elliptical
414265.jpg,elliptical
414266.jpg,spiral
414272.jpg,irregular
414317.jpg,elliptical
414322.jpg,elliptical
414364.jpg,elliptical
414397.jpg,elliptical
414398.jpg,elliptical
414428.jpg,spiral
414450.jpg,spiral
414530.jpg,elliptical
414533.jpg,elliptical
414537.jpg,spiral
414543.jpg,elliptical
414562.jpg,irregular
414591.jpg,irregular
414622.jpg,spiral
414662.jpg,spiral
414707.jpg,elliptical
414716.jpg,irregular
414724.jpg,irregular
414733.jpg,elliptical
414752.jpg,elliptical
414809.jpg,spiral
414826.jpg,irregular
414836.jpg,irregular
414873.jpg,elliptical
414875.jpg,elliptical
414919.jpg,elliptical
414972.jpg,elliptical
414977.jpg,spiral
414993.jpg,elliptical
415007.jpg,elliptical
415092.jpg,elliptical
415094.jpg,irregular
415102.jpg,elliptical
415172.jpg,irregular
415236.jpg,spiral
415240.jpg,elliptical
415242.jpg,elliptical
415262.jpg,spiral
415276.jpg,spiral
415278.jpg,irregular
415300.jpg,elliptical
415327.jpg,elliptical
415333.jpg,elliptical
415342.jpg,elliptical
415375.jpg,elliptical
415434.jpg,elliptical
415484.jpg,elliptical
415492.jpg,elliptical
415495.jpg,elliptical
415510.jpg,elliptical
415529.jpg,spiral
415531.jpg,spiral
415534.jpg,irregular
415558.jpg,elliptical
415605.jpg,elliptical
415630.jpg,spiral
415650.jpg,spiral
415677.jpg,spiral
415689.jpg,spiral
415719.jpg,spiral
415776.jpg,spiral
415796.jpg,spiral
415818.jpg,elliptical
415849.jpg,elliptical
415874.jpg,elliptical
415877.jpg,spiral
415935.jpg,elliptical
415950.jpg,elliptical
415960.jpg,irregular
415968.jpg,elliptical
416006.jpg,elliptical
416007.jpg,irregular
416035.jpg,irregular
416041.jpg,irregular
416046.jpg,elliptical
416059.jpg,elliptical
416077.jpg,elliptical
416123.jpg,elliptical
416131.jpg,irregular
416170.jpg,elliptical
416176.jpg,elliptical
416182.jpg,elliptical
416319.jpg,elliptical
416327.jpg,elliptical
416328.jpg,irregular
416344.jpg,spiral
416352.jpg,irregular
416402.jpg,elliptical
416406.jpg,spiral
416475.jpg,irregular
416488.jpg,irregular
416520.jpg,spiral
416533.jpg,spiral
416552.jpg,elliptical
416565.jpg,elliptical
416573.jpg,spiral
416574.jpg,elliptical
416577.jpg,spiral
416618.jpg,spiral
416634.jpg,spiral
416646.jpg,spiral
416661.jpg,elliptical
416754.jpg,irregular
416765.jpg,irregular
416820.jpg,irregular
416825.jpg,elliptical
416831.jpg,spiral
416873.jpg,elliptical
416886.jpg,elliptical
416888.jpg,elliptical
416946.jpg,elliptical
416980.jpg,elliptical
416992.jpg,spiral
417013.jpg,elliptical
417020.jpg,irregular
417028.jpg,elliptical
417033.jpg,elliptical
417034.jpg,spiral
417039.jpg,elliptical
417063.jpg,elliptical
417103.jpg,elliptical
417105.jpg,elliptical
417168.jpg,elliptical
417171.jpg,elliptical
417208.jpg,elliptical
417242.jpg,irregular
417277.jpg,elliptical
417299.jpg,irregular
417368.jpg,elliptical
417381.jpg,elliptical
417407.jpg,irregular
417424.jpg,elliptical
417476.jpg,elliptical
417498.jpg,irregular
417521.jpg,spiral
417568.jpg,elliptical
417578.jpg,spiral
417601.jpg,elliptical
417650.jpg,elliptical
417655.jpg,elliptical
417671.jpg,spiral
417700.jpg,elliptical
417729.jpg,spiral
417749.jpg,elliptical
417764.jpg,elliptical
417775.jpg,elliptical
417790.jpg,elliptical
417812.jpg,elliptical
417886.jpg,elliptical
417909.jpg,irregular
417922.jpg,irregular
417933.jpg,elliptical
417936.jpg,spiral
417950.jpg,elliptical
417970.jpg,spiral
418002.jpg,spiral
418006.jpg,elliptical
418071.jpg,irregular
418110.jpg,elliptical
418125.jpg,irregular
418128.jpg,spiral
418145.jpg,elliptical
418169.jpg,spiral
418190.jpg,irregular
418205.jpg,elliptical
418212.jpg,elliptical
418223.jpg,irregular
418258.jpg,elliptical
418298.jpg,elliptical
418302.jpg,irregular
418305.jpg,irregular
418307.jpg,spiral
418382.jpg,elliptical
418400.jpg,elliptical
418439.jpg,elliptical
418441.jpg,elliptical
418486.jpg,spiral
418518.jpg,elliptical
418542.jpg,elliptical
418546.jpg,spiral
418591.jpg,irregular
418630.jpg,elliptical
418639.jpg,elliptical
418664.jpg,elliptical
418713.jpg,irregular
418758.jpg,elliptical
418786.jpg,irregular
418824.jpg,spiral
418830.jpg,elliptical
418844.jpg,elliptical
418848.jpg,elliptical
418882.jpg,elliptical
418897.jpg,elliptical
418920.jpg,irregular
418928.jpg,elliptical
418939.jpg,elliptical
418970.jpg,elliptical
418989.jpg,spiral
419001.jpg,elliptical
419006.jpg,elliptical
419034.jpg,irregular
419092.jpg,elliptical
419117.jpg,spiral
419197.jpg,spiral
419213.jpg,elliptical
419228.jpg,elliptical
419231.jpg,elliptical
419238.jpg,elliptical
419258.jpg,elliptical
419276.jpg,elliptical
419290.jpg,elliptical
419313.jpg,spiral
419328.jpg,elliptical
419390.jpg,elliptical
419395.jpg,elliptical
419423.jpg,irregular
419429.jpg,irregular
419468.jpg,elliptical
419499.jpg,elliptical
419504.jpg,elliptical
419514.jpg,elliptical
419528.jpg,elliptical
419545.jpg,irregular
419577.jpg,spiral
419598.jpg,elliptical
419611.jpg,elliptical
419631.jpg,elliptical
419678.jpg,elliptical
419679.jpg,elliptical
419681.jpg,elliptical
419699.jpg,spiral
419731.jpg,elliptical
419762.jpg,elliptical
419778.jpg,irregular
419810.jpg,elliptical
419851.jpg,elliptical
419869.jpg,elliptical
419877.jpg,elliptical
419884.jpg,irregular
419910.jpg,spiral
419919.jpg,elliptical
419923.jpg,elliptical
419931.jpg,spiral
419958.jpg,spiral
420017.jpg,elliptical
420061.jpg,elliptical
420073.jpg,spiral
420086.jpg,elliptical
420088.jpg,elliptical
420136.jpg,irregular
420140.jpg,irregular
420152.jpg,elliptical
420162.jpg,elliptical
420166.jpg,irregular
420201.jpg,elliptical
420215.jpg,elliptical
420220.jpg,elliptical
420223.jpg,spiral
420248.jpg,elliptical
420250.jpg,elliptical
420284.jpg,irregular
420293.jpg,elliptical
420297.jpg,elliptical
420334.jpg,elliptical
420344.jpg,elliptical
420352.jpg,elliptical
420355.jpg,elliptical
420434.jpg,elliptical
420551.jpg,irregular
420615.jpg,spiral
420619.jpg,elliptical
420640.jpg,elliptical
420685.jpg,elliptical
420713.jpg,elliptical
420736.jpg,elliptical
420773.jpg,irregular
420834.jpg,elliptical
420846.jpg,elliptical
420863.jpg,elliptical
420871.jpg,irregular
420892.jpg,elliptical
420901.jpg,elliptical
420990.jpg,elliptical
421046.jpg,elliptical
421063.jpg,irregular
421084.jpg,elliptical
421092.jpg,elliptical
421120.jpg,irregular
421139.jpg,elliptical
421176.jpg,spiral
421189.jpg,elliptical
421223.jpg,irregular
421226.jpg,elliptical
421296.jpg,irregular
421300.jpg,elliptical
421301.jpg,spiral
421342.jpg,elliptical
421350.jpg,elliptical
421355.jpg,elliptical
421413.jpg,elliptical
421414.jpg,irregular
421503.jpg,elliptical
421505.jpg,elliptical
421550.jpg,irregular
421611.jpg,elliptical
421618.jpg,elliptical
421634.jpg,irregular
421642.jpg,elliptical
421678.jpg,irregular
421698.jpg,elliptical
421719.jpg,elliptical
421729.jpg,elliptical
421733.jpg,elliptical
421747.jpg,spiral
421824.jpg,elliptical
421829.jpg,irregular
421855.jpg,elliptical
421856.jpg,elliptical
421867.jpg,irregular
421871.jpg,elliptical
422011.jpg,elliptical
422047.jpg,elliptical
422082.jpg,elliptical
422089.jpg,spiral
422102.jpg,irregular
422109.jpg,elliptical
422113.jpg,elliptical
422115.jpg,elliptical
422160.jpg,elliptical
422201.jpg,spiral
422204.jpg,spiral
422208.jpg,spiral
422212.jpg,elliptical
422221.jpg,elliptical
422227.jpg,spiral
422249.jpg,elliptical
422275.jpg,irregular
422294.jpg,elliptical
422301.jpg,elliptical
422302.jpg,elliptical
422329.jpg,elliptical
422333.jpg,spiral
422375.jpg,spiral
422378.jpg,irregular
422416.jpg,irregular
422463.jpg,spiral
422510.jpg,elliptical
422518.jpg,spiral
422542.jpg,elliptical
422552.jpg,elliptical
422558.jpg,spiral
422563.jpg,elliptical
422618.jpg,elliptical
422620.jpg,elliptical
422669.jpg,elliptical
422673.jpg,irregular
422698.jpg,elliptical
422705.jpg,elliptical
422743.jpg,irregular
422767.jpg,elliptical
422771.jpg,spiral
422785.jpg,elliptical
422787.jpg,elliptical
422888.jpg,elliptical
422893.jpg,spiral
422903.jpg,elliptical
422966.jpg,elliptical
422982.jpg,elliptical
422990.jpg,spiral
423000.jpg,spiral
423004.jpg,elliptical
423024.jpg,elliptical
423050.jpg,elliptical
423053.jpg,irregular
423091.jpg,elliptical
423118.jpg,spiral
423169.jpg,elliptical
423243.jpg,irregular
423261.jpg,elliptical
423298.jpg,spiral
423305.jpg,elliptical
423306.jpg,elliptical
423310.jpg,elliptical
423346.jpg,elliptical
423362.jpg,elliptical
423399.jpg,spiral
423403.jpg,elliptical
423414.jpg,irregular
423426.jpg,irregular
423450.jpg,spiral
423482.jpg,elliptical
423511.jpg,elliptical
423516.jpg,spiral
423524.jpg,irregular
423532.jpg,elliptical
423549.jpg,irregular
423561.jpg,irregular
423594.jpg,irregular
423616.jpg,elliptical
423632.jpg,elliptical
423652.jpg,elliptical
423658.jpg,spiral
423712.jpg,elliptical
423725.jpg,elliptical
423753.jpg,elliptical
423837.jpg,elliptical
423852.jpg,irregular
423861.jpg,irregular
423896.jpg,elliptical
423900.jpg,elliptical
423941.jpg,elliptical
423942.jpg,elliptical
423981.jpg,elliptical
423995.jpg,irregular
424128.jpg,irregular
424137.jpg,irregular
424154.jpg,elliptical
424159.jpg,elliptical
424178.jpg,elliptical
424263.jpg,elliptical
424332.jpg,spiral
424335.jpg,elliptical
424366.jpg,elliptical
424392.jpg,spiral
424406.jpg,irregular
424415.jpg,elliptical
424460.jpg,spiral
424496.jpg,spiral
424540.jpg,elliptical
424563.jpg,elliptical
424581.jpg,elliptical
424604.jpg,irregular
424614.jpg,spiral
424660.jpg,irregular
424687.jpg,spiral
424695.jpg,elliptical
424725.jpg,irregular
424744.jpg,spiral
424750.jpg,spiral
424763.jpg,irregular
424764.jpg,elliptical
424771.jpg,spiral
424833.jpg,spiral
424870.jpg,irregular
424897.jpg,elliptical
424915.jpg,elliptical
424929.jpg,spiral
424932.jpg,elliptical
424938.jpg,elliptical
424943.jpg,spiral
424953.jpg,elliptical
424976.jpg,elliptical
425014.jpg,elliptical
425029.jpg,elliptical
425112.jpg,irregular
425114.jpg,irregular
425190.jpg,spiral
425215.jpg,elliptical
425262.jpg,elliptical
425321.jpg,elliptical
425329.jpg,spiral
425337.jpg,elliptical
425391.jpg,irregular
425405.jpg,spiral
425457.jpg,elliptical
425489.jpg,elliptical
425494.jpg,elliptical
425507.jpg,spiral
425526.jpg,irregular
425549.jpg,elliptical
425572.jpg,elliptical
425580.jpg,spiral
425599.jpg,elliptical
425635.jpg,spiral
425636.jpg,elliptical
425641.jpg,spiral
425645.jpg,elliptical
425647.jpg,elliptical
425665.jpg,irregular
425688.jpg,spiral
425690.jpg,spiral
425691.jpg,elliptical
425708.jpg,elliptical
425723.jpg,elliptical
425752.jpg,elliptical
425761.jpg,elliptical
425768.jpg,spiral
425849.jpg,spiral
425865.jpg,spiral
425875.jpg,irregular
425891.jpg,irregular
425914.jpg,elliptical
425925.jpg,elliptical
425962.jpg,elliptical
425963.jpg,elliptical
425998.jpg,elliptical
426026.jpg,spiral
426028.jpg,spiral
426047.jpg,elliptical
426065.jpg,spiral
426085.jpg,spiral
426086.jpg,elliptical
426206.jpg,elliptical
426228.jpg,elliptical
426240.jpg,elliptical
426275.jpg,spiral
426299.jpg,elliptical
426327.jpg,elliptical
426334.jpg,irregular
426343.jpg,irregular
426353.jpg,elliptical
426388.jpg,elliptical
426392.jpg,spiral
426410.jpg,elliptical
426430.jpg,spiral
426439.jpg,elliptical
426532.jpg,elliptical
426547.jpg,irregular
426593.jpg,irregular
426608.jpg,elliptical
426666.jpg,elliptical
426670.jpg,elliptical
426685.jpg,elliptical
426696.jpg,irregular
426700.jpg,spiral
426741.jpg,elliptical
426748.jpg,elliptical
426761.jpg,irregular
426775.jpg,elliptical
426784.jpg,elliptical
426786.jpg,elliptical
426867.jpg,irregular
426881.jpg,spiral
426895.jpg,elliptical
426900.jpg,elliptical
426963.jpg,irregular
426993.jpg,elliptical
426997.jpg,elliptical
427004.jpg,spiral
427017.jpg,elliptical
427023.jpg,spiral
427092.jpg,elliptical
427195.jpg,elliptical
427240.jpg,elliptical
427251.jpg,irregular
427252.jpg,spiral
427274.jpg,elliptical
427292.jpg,elliptical
427314.jpg,elliptical
427315.jpg,spiral
427350.jpg,elliptical
427355.jpg,elliptical
427357.jpg,irregular
427378.jpg,spiral
427420.jpg,elliptical
427453.jpg,elliptical
427479.jpg,spiral
427497.jpg,elliptical
427500.jpg,elliptical
427503.jpg,irregular
427520.jpg,spiral
427524.jpg,spiral
427549.jpg,spiral
427566.jpg,elliptical
427637.jpg,spiral
427646.jpg,spiral
427696.jpg,irregular
427703.jpg,spiral
427724.jpg,elliptical
427736.jpg,irregular
427741.jpg,elliptical
427748.jpg,elliptical
427758.jpg,spiral
427775.jpg,elliptical
427821.jpg,elliptical
427850.jpg,irregular
427893.jpg,elliptical
427909.jpg,elliptical
427941.jpg,elliptical
427946.jpg,irregular
427974.jpg,elliptical
427994.jpg,elliptical
428005.jpg,elliptical
428024.jpg,elliptical
428034.jpg,spiral
428044.jpg,elliptical
428045.jpg,elliptical
428065.jpg,elliptical
428126.jpg,elliptical
428136.jpg,spiral
428194.jpg,elliptical
428198.jpg,elliptical
428213.jpg,elliptical
428233.jpg,irregular
428235.jpg,elliptical
428273.jpg,elliptical
428283.jpg,elliptical
428319.jpg,elliptical
428333.jpg,elliptical
428346.jpg,irregular
428350.jpg,irregular
428388.jpg,elliptical
428452.jpg,elliptical
428472.jpg,elliptical
428474.jpg,spiral
428475.jpg,irregular
428488.jpg,spiral
428523.jpg,elliptical
428543.jpg,irregular
428567.jpg,elliptical
428570.jpg,elliptical
428574.jpg,irregular
428644.jpg,elliptical
428736.jpg,irregular
428778.jpg,spiral
428829.jpg,spiral
428836.jpg,irregular
428842.jpg,irregular
428844.jpg,elliptical
428906.jpg,elliptical
428911.jpg,spiral
428941.jpg,spiral
428956.jpg,elliptical
428974.jpg,spiral
429051.jpg,elliptical
429064.jpg,irregular
429065.jpg,elliptical
429105.jpg,elliptical
429118.jpg,spiral
429176.jpg,spiral
429193.jpg,elliptical
429204.jpg,irregular
429215.jpg,elliptical
429216.jpg,spiral
429250.jpg,spiral
429269.jpg,irregular
429290.jpg,spiral
429293.jpg,elliptical
429325.jpg,elliptical
429353.jpg,elliptical
429455.jpg,elliptical
429463.jpg,elliptical
429511.jpg,elliptical
429515.jpg,elliptical
429529.jpg,elliptical
429592.jpg,spiral
429600.jpg,elliptical
429604.jpg,spiral
429620.jpg,elliptical
429634.jpg,elliptical
429645.jpg,irregular
429660.jpg,irregular
429668.jpg,elliptical
429674.jpg,elliptical
429680.jpg,elliptical
429686.jpg,elliptical
429711.jpg,irregular
429733.jpg,elliptical
429743.jpg,elliptical
429751.jpg,irregular
429781.jpg,elliptical
429796.jpg,elliptical
429815.jpg,irregular
429816.jpg,elliptical
429839.jpg,elliptical
429850.jpg,irregular
429981.jpg,elliptical
430000.jpg,spiral
430007.jpg,irregular
430025.jpg,irregular
430036.jpg,irregular
430066.jpg,irregular
430073.jpg,spiral
430096.jpg,elliptical
430110.jpg,spiral
430126.jpg,irregular
430133.jpg,irregular
430155.jpg,elliptical
430157.jpg,elliptical
430164.jpg,elliptical
430172.jpg,spiral
430177.jpg,elliptical
430184.jpg,elliptical
430205.jpg,elliptical
430207.jpg,elliptical
430208.jpg,irregular
430220.jpg,irregular
430224.jpg,elliptical
430243.jpg,elliptical
430261.jpg,elliptical
430293.jpg,elliptical
430376.jpg,elliptical
430383.jpg,spiral
430386.jpg,elliptical
430408.jpg,elliptical
430460.jpg,elliptical
430461.jpg,elliptical
430477.jpg,elliptical
430480.jpg,elliptical
430494.jpg,elliptical
430529.jpg,elliptical
430594.jpg,spiral
430597.jpg,elliptical
430640.jpg,irregular
430659.jpg,elliptical
430702.jpg,elliptical
430703.jpg,elliptical
430706.jpg,elliptical
430724.jpg,elliptical
430726.jpg,spiral
430728.jpg,irregular
430732.jpg,elliptical
430743.jpg,elliptical
430767.jpg,spiral
430768.jpg,elliptical
430795.jpg,elliptical
430821.jpg,elliptical
430834.jpg,elliptical
430844.jpg,elliptical
430874.jpg,irregular
430880.jpg,elliptical
430915.jpg,elliptical
430976.jpg,elliptical
431010.jpg,irregular
431016.jpg,elliptical
431017.jpg,spiral
431050.jpg,elliptical
431068.jpg,elliptical
431071.jpg,spiral
431096.jpg,elliptical
431157.jpg,irregular
431169.jpg,irregular
431207.jpg,elliptical
431219.jpg,spiral
431251.jpg,elliptical
431276.jpg,elliptical
431313.jpg,elliptical
431320.jpg,elliptical
431360.jpg,spiral
431382.jpg,elliptical
431388.jpg,elliptical
431391.jpg,elliptical
431415.jpg,elliptical
431475.jpg,irregular
431489.jpg,spiral
431561.jpg,spiral
431570.jpg,elliptical
431579.jpg,elliptical
431603.jpg,elliptical
431605.jpg,irregular
431624.jpg,elliptical
431644.jpg,irregular
431657.jpg,spiral
431689.jpg,elliptical
431692.jpg,elliptical
431697.jpg,spiral
431699.jpg,spiral
431766.jpg,elliptical
431772.jpg,elliptical
431779.jpg,irregular
431849.jpg,elliptical
431858.jpg,spiral
431863.jpg,spiral
431866.jpg,elliptical
431896.jpg,spiral
432016.jpg,spiral
432088.jpg,spiral
432099.jpg,spiral
432101.jpg,elliptical
432107.jpg,spiral
432154.jpg,elliptical
432158.jpg,spiral
432197.jpg,irregular
432220.jpg,spiral
432249.jpg,elliptical
432251.jpg,irregular
432267.jpg,elliptical
432279.jpg,elliptical
432287.jpg,spiral
432293.jpg,spiral
432309.jpg,elliptical
432342.jpg,irregular
432350.jpg,irregular
432360.jpg,elliptical
432408.jpg,elliptical
432451.jpg,elliptical
432481.jpg,elliptical
432506.jpg,elliptical
432528.jpg,elliptical
432563.jpg,spiral
432579.jpg,irregular
432602.jpg,irregular
432608.jpg,elliptical
432626.jpg,spiral
432649.jpg,elliptical
432666.jpg,irregular
432710.jpg,elliptical
432727.jpg,elliptical
432733.jpg,irregular
432737.jpg,irregular
432740.jpg,spiral
432758.jpg,elliptical
432759.jpg,spiral
432773.jpg,irregular
432792.jpg,elliptical
432808.jpg,elliptical
432847.jpg,elliptical
432849.jpg,spiral
432928.jpg,elliptical
432929.jpg,elliptical
432945.jpg,spiral
432957.jpg,spiral
432974.jpg,spiral
432985.jpg,spiral
433003.jpg,irregular
433010.jpg,irregular
433019.jpg,elliptical
433052.jpg,elliptical
433082.jpg,elliptical
433087.jpg,elliptical
433109.jpg,irregular
433126.jpg,elliptical
433140.jpg,elliptical
433143.jpg,spiral
433177.jpg,spiral
433238.jpg,irregular
433247.jpg,elliptical
433256.jpg,elliptical
433277.jpg,irregular
433310.jpg,elliptical
433314.jpg,spiral
433322.jpg,spiral
433364.jpg,elliptical
433478.jpg,irregular
433488.jpg,irregular
433495.jpg,elliptical
433532.jpg,irregular
433569.jpg,irregular
433579.jpg,irregular
433586.jpg,spiral
433644.jpg,irregular
433658.jpg,elliptical
433666.jpg,elliptical
433669.jpg,elliptical
433689.jpg,elliptical
433705.jpg,irregular
433712.jpg,irregular
433731.jpg,irregular
433757.jpg,elliptical
433814.jpg,elliptical
433843.jpg,elliptical
433854.jpg,irregular
433880.jpg,elliptical
433943.jpg,elliptical
434048.jpg,elliptical
434081.jpg,spiral
434098.jpg,elliptical
434110.jpg,spiral
434137.jpg,elliptical
434146.jpg,elliptical
434162.jpg,elliptical
434185.jpg,elliptical
434201.jpg,elliptical
434239.jpg,elliptical
434241.jpg,elliptical
434280.jpg,spiral
434306.jpg,elliptical
434307.jpg,elliptical
434308.jpg,irregular
434321.jpg,elliptical
434328.jpg,spiral
434341.jpg,spiral
434369.jpg,elliptical
434379.jpg,elliptical
434380.jpg,elliptical
434384.jpg,elliptical
434428.jpg,elliptical
434447.jpg,elliptical
434470.jpg,elliptical
434473.jpg,elliptical
434475.jpg,spiral
434510.jpg,elliptical
434516.jpg,elliptical
434538.jpg,elliptical
434587.jpg,spiral
434595.jpg,elliptical
434611.jpg,elliptical
434625.jpg,elliptical
434670.jpg,elliptical
434698.jpg,spiral
434723.jpg,elliptical
434725.jpg,elliptical
434735.jpg,elliptical
434749.jpg,spiral
434756.jpg,irregular
434765.jpg,irregular
434774.jpg,elliptical
434789.jpg,elliptical
434792.jpg,elliptical
434808.jpg,irregular
434819.jpg,elliptical
434820.jpg,elliptical
434833.jpg,spiral
434857.jpg,elliptical
434870.jpg,spiral
434927.jpg,irregular
434933.jpg,elliptical
434935.jpg,irregular
434942.jpg,elliptical
434948.jpg,elliptical
434958.jpg,elliptical
434960.jpg,elliptical
434983.jpg,elliptical
434996.jpg,spiral
435056.jpg,spiral
435061.jpg,elliptical
435062.jpg,irregular
435063.jpg,irregular
435068.jpg,elliptical
435073.jpg,spiral
435099.jpg,spiral
435110.jpg,spiral
435120.jpg,elliptical
435124.jpg,elliptical
435144.jpg,spiral
435155.jpg,elliptical
435210.jpg,irregular
435231.jpg,elliptical
435281.jpg,elliptical
435300.jpg,elliptical
435332.jpg,elliptical
435333.jpg,spiral
435353.jpg,spiral
435367.jpg,spiral
435388.jpg,irregular
435391.jpg,elliptical
435406.jpg,irregular
435411.jpg,elliptical
435425.jpg,elliptical
435428.jpg,spiral
435443.jpg,spiral
435458.jpg,elliptical
435467.jpg,elliptical
435469.jpg,elliptical
435526.jpg,elliptical
435528.jpg,spiral
435618.jpg,elliptical
435739.jpg,elliptical
435845.jpg,irregular
435846.jpg,irregular
435859.jpg,elliptical
435885.jpg,elliptical
435914.jpg,elliptical
435921.jpg,spiral
435933.jpg,spiral
435950.jpg,elliptical
435981.jpg,elliptical
435989.jpg,spiral
436072.jpg,elliptical
436132.jpg,elliptical
436143.jpg,spiral
436150.jpg,elliptical
436160.jpg,spiral
436166.jpg,elliptical
436181.jpg,elliptical
436183.jpg,elliptical
436186.jpg,elliptical
436203.jpg,spiral
436224.jpg,irregular
436248.jpg,elliptical
436292.jpg,elliptical
436329.jpg,elliptical
436345.jpg,elliptical
436358.jpg,elliptical
436461.jpg,irregular
436514.jpg,spiral
436515.jpg,spiral
436523.jpg,irregular
436530.jpg,spiral
436542.jpg,elliptical
436549.jpg,spiral
436563.jpg,irregular
436580.jpg,spiral
436591.jpg,spiral
436613.jpg,spiral
436660.jpg,elliptical
436721.jpg,spiral
436724.jpg,spiral
436766.jpg,elliptical
436769.jpg,elliptical
436786.jpg,elliptical
436804.jpg,irregular
436901.jpg,elliptical
436941.jpg,spiral
436942.jpg,irregular
436992.jpg,elliptical
437003.jpg,elliptical
437016.jpg,elliptical
437040.jpg,elliptical
437047.jpg,elliptical
437060.jpg,spiral
437114.jpg,elliptical
437176.jpg,irregular
437178.jpg,elliptical
437216.jpg,elliptical
437240.jpg,elliptical
437344.jpg,elliptical
437368.jpg,spiral
437418.jpg,irregular
437465.jpg,elliptical
437470.jpg,elliptical
437497.jpg,elliptical
437499.jpg,elliptical
437522.jpg,irregular
437610.jpg,elliptical
437619.jpg,elliptical
437628.jpg,irregular
437656.jpg,elliptical
437681.jpg,irregular
437682.jpg,elliptical
437686.jpg,elliptical
437699.jpg,spiral
437733.jpg,elliptical
437763.jpg,irregular
437785.jpg,elliptical
437803.jpg,elliptical
437841.jpg,elliptical
437861.jpg,elliptical
437888.jpg,irregular
437908.jpg,elliptical
437916.jpg,elliptical
437981.jpg,irregular
438004.jpg,elliptical
438024.jpg,irregular
438032.jpg,elliptical
438037.jpg,spiral
438060.jpg,spiral
438062.jpg,spiral
438084.jpg,irregular
438131.jpg,elliptical
438156.jpg,irregular
438177.jpg,elliptical
438178.jpg,irregular
438184.jpg,spiral
438192.jpg,elliptical
438203.jpg,spiral
438247.jpg,spiral
438258.jpg,irregular
438277.jpg,elliptical
438312.jpg,irregular
438352.jpg,irregular
438374.jpg,elliptical
438389.jpg,elliptical
438406.jpg,elliptical
438455.jpg,elliptical
438461.jpg,elliptical
438464.jpg,irregular
438472.jpg,elliptical
438504.jpg,elliptical
438543.jpg,spiral
438576.jpg,elliptical
438608.jpg,spiral
438621.jpg,irregular
438663.jpg,elliptical
438665.jpg,irregular
438670.jpg,spiral
438680.jpg,elliptical
438681.jpg,elliptical
438691.jpg,elliptical
438715.jpg,spiral
438767.jpg,elliptical
438771.jpg,spiral
438795.jpg,irregular
438823.jpg,spiral
438841.jpg,irregular
438854.jpg,elliptical
438859.jpg,elliptical
438871.jpg,elliptical
438873.jpg,elliptical
438892.jpg,spiral
438913.jpg,irregular
438983.jpg,spiral
439036.jpg,elliptical
439048.jpg,elliptical
439106.jpg,spiral
439141.jpg,irregular
439154.jpg,spiral
439209.jpg,elliptical
439223.jpg,elliptical
439227.jpg,elliptical
439233.jpg,elliptical
439242.jpg,irregular
439254.jpg,elliptical
439298.jpg,irregular
439305.jpg,spiral
439347.jpg,spiral
439370.jpg,elliptical
439441.jpg,elliptical
439443.jpg,elliptical
439446.jpg,irregular
439465.jpg,elliptical
439473.jpg,spiral
439490.jpg,elliptical
439497.jpg,spiral
439564.jpg,elliptical
439585.jpg,spiral
439592.jpg,elliptical
439607.jpg,elliptical
439675.jpg,spiral
439676.jpg,spiral
439715.jpg,irregular
439729.jpg,elliptical
439772.jpg,elliptical
439785.jpg,spiral
439793.jpg,elliptical
439794.jpg,spiral
439845.jpg,irregular
439865.jpg,elliptical
439905.jpg,spiral
439921.jpg,elliptical
439922.jpg,spiral
439958.jpg,elliptical
440005.jpg,elliptical
440015.jpg,elliptical
440045.jpg,elliptical
440087.jpg,spiral
440111.jpg,elliptical
440117.jpg,spiral
440118.jpg,elliptical
440134.jpg,spiral
440170.jpg,spiral
440172.jpg,elliptical
440205.jpg,elliptical
440216.jpg,elliptical
440223.jpg,elliptical
440263.jpg,elliptical
440267.jpg,spiral
440280.jpg,elliptical
440283.jpg,elliptical
440292.jpg,elliptical
440358.jpg,elliptical
440386.jpg,irregular
440405.jpg,spiral
440412.jpg,elliptical
440419.jpg,spiral
440438.jpg,elliptical
440458.jpg,spiral
440477.jpg,elliptical
440492.jpg,elliptical
440528.jpg,elliptical
440579.jpg,spiral
440634.jpg,spiral
440656.jpg,spiral
440669.jpg,elliptical
440694.jpg,irregular
440720.jpg,elliptical
440731.jpg,elliptical
440781.jpg,elliptical
440787.jpg,spiral
440788.jpg,irregular
440856.jpg,elliptical
440879.jpg,elliptical
440881.jpg,elliptical
440914.jpg,elliptical
440936.jpg,elliptical
440955.jpg,elliptical
440983.jpg,elliptical
440998.jpg,elliptical
441009.jpg,spiral
441026.jpg,spiral
441133.jpg,spiral
441152.jpg,spiral
441182.jpg,elliptical
441200.jpg,spiral
441206.jpg,irregular
441221.jpg,elliptical
441223.jpg,elliptical
441229.jpg,irregular
441293.jpg,spiral
441364.jpg,spiral
441371.jpg,irregular
441391.jpg,elliptical
441406.jpg,elliptical
441482.jpg,irregular
441602.jpg,spiral
441603.jpg,elliptical
441611.jpg,irregular
441615.jpg,elliptical
441634.jpg,elliptical
441655.jpg,elliptical
441661.jpg,spiral
441684.jpg,elliptical
441696.jpg,spiral
441716.jpg,elliptical
441727.jpg,elliptical
441767.jpg,spiral
441786.jpg,spiral
441792.jpg,irregular
441802.jpg,spiral
441803.jpg,elliptical
441825.jpg,elliptical
441881.jpg,spiral
441888.jpg,spiral
441896.jpg,spiral
441905.jpg,elliptical
441907.jpg,irregular
441948.jpg,elliptical
441952.jpg,elliptical
441955.jpg,irregular
442006.jpg,elliptical
442014.jpg,elliptical
442019.jpg,elliptical
442036.jpg,elliptical
442093.jpg,spiral
442097.jpg,elliptical
442105.jpg,spiral
442114.jpg,elliptical
442149.jpg,elliptical
442162.jpg,irregular
442200.jpg,spiral
442252.jpg,irregular
442278.jpg,elliptical
442279.jpg,spiral
442337.jpg,elliptical
442341.jpg,spiral
442360.jpg,elliptical
442394.jpg,spiral
442396.jpg,elliptical
442412.jpg,irregular
442424.jpg,elliptical
442442.jpg,spiral
442452.jpg,irregular
442459.jpg,spiral
442460.jpg,elliptical
442496.jpg,irregular
442518.jpg,spiral
442536.jpg,elliptical
442569.jpg,spiral
442582.jpg,elliptical
442607.jpg,elliptical
442613.jpg,spiral
442615.jpg,elliptical
442630.jpg,spiral
442645.jpg,irregular
442689.jpg,elliptical
442694.jpg,irregular
442862.jpg,irregular
442887.jpg,spiral
442916.jpg,elliptical
442919.jpg,elliptical
442956.jpg,irregular
442980.jpg,elliptical
442992.jpg,irregular
442996.jpg,irregular
443003.jpg,elliptical
443004.jpg,spiral
443038.jpg,elliptical
443041.jpg,elliptical
443045.jpg,elliptical
443113.jpg,elliptical
443197.jpg,elliptical
443242.jpg,elliptical
443259.jpg,spiral
443261.jpg,irregular
443269.jpg,elliptical
443291.jpg,spiral
443345.jpg,elliptical
443346.jpg,elliptical
443398.jpg,elliptical
443415.jpg,elliptical
443432.jpg,spiral
443445.jpg,elliptical
443456.jpg,spiral
443459.jpg,elliptical
443470.jpg,irregular
443487.jpg,elliptical
443562.jpg,spiral
443570.jpg,elliptical
443581.jpg,elliptical
443604.jpg,elliptical
443665.jpg,elliptical
443692.jpg,elliptical
443704.jpg,elliptical
443715.jpg,elliptical
443723.jpg,elliptical
443763.jpg,spiral
443767.jpg,spiral
443772.jpg,spiral
443773.jpg,elliptical
443779.jpg,elliptical
443796.jpg,spiral
443800.jpg,spiral
443805.jpg,elliptical
443838.jpg,spiral
443846.jpg,elliptical
443892.jpg,irregular
443898.jpg,spiral
443900.jpg,irregular
443904.jpg,irregular
443975.jpg,elliptical
443988.jpg,spiral
444057.jpg,spiral
444069.jpg,spiral
444071.jpg,elliptical
444143.jpg,elliptical
444152.jpg,elliptical
444163.jpg,elliptical
444185.jpg,elliptical
444211.jpg,elliptical
444212.jpg,elliptical
444242.jpg,spiral
444262.jpg,irregular
444267.jpg,irregular
444296.jpg,elliptical
444308.jpg,elliptical
444312.jpg,elliptical
444341.jpg,elliptical
444362.jpg,irregular
444416.jpg,elliptical
444444.jpg,spiral
444475.jpg,elliptical
444482.jpg,spiral
444528.jpg,irregular
444537.jpg,irregular
444551.jpg,elliptical
444565.jpg,spiral
444607.jpg,spiral
444608.jpg,elliptical
444648.jpg,elliptical
444656.jpg,elliptical
444682.jpg,elliptical
444692.jpg,spiral
444732.jpg,spiral
444737.jpg,elliptical
444742.jpg,irregular
444758.jpg,irregular
444763.jpg,spiral
444766.jpg,elliptical
444786.jpg,irregular
444816.jpg,spiral
444834.jpg,elliptical
444906.jpg,elliptical
444913.jpg,elliptical
444926.jpg,elliptical
444929.jpg,elliptical
444939.jpg,elliptical
444967.jpg,elliptical
445006.jpg,irregular
445010.jpg,elliptical
445032.jpg,spiral
445097.jpg,spiral
445130.jpg,elliptical
445170.jpg,spiral
445208.jpg,elliptical
445215.jpg,elliptical
445218.jpg,elliptical
445255.jpg,elliptical
445354.jpg,elliptical
445371.jpg,spiral
445386.jpg,spiral
445389.jpg,irregular
445415.jpg,spiral
445423.jpg,irregular
445428.jpg,elliptical
445461.jpg,elliptical
445465.jpg,elliptical
445535.jpg,elliptical
445549.jpg,spiral
445560.jpg,elliptical
445574.jpg,spiral
445590.jpg,irregular
445594.jpg,elliptical
445632.jpg,spiral
445680.jpg,elliptical
445701.jpg,spiral
445703.jpg,elliptical
445709.jpg,elliptical
445711.jpg,elliptical
445715.jpg,elliptical
445720.jpg,spiral
445728.jpg,elliptical
445750.jpg,elliptical
445774.jpg,irregular
445792.jpg,elliptical
445817.jpg,elliptical
445824.jpg,irregular
445845.jpg,elliptical
445884.jpg,elliptical
445891.jpg,spiral
445892.jpg,elliptical
445898.jpg,spiral
445902.jpg,spiral
445908.jpg,irregular
445927.jpg,elliptical
445952.jpg,elliptical
445972.jpg,spiral
446000.jpg,elliptical
446017.jpg,elliptical
446037.jpg,elliptical
446059.jpg,elliptical
446093.jpg,elliptical
446105.jpg,elliptical
446124.jpg,elliptical
446135.jpg,elliptical
446158.jpg,elliptical
446183.jpg,spiral
446215.jpg,elliptical
446228.jpg,elliptical
446289.jpg,irregular
446308.jpg,irregular
446337.jpg,spiral
446355.jpg,spiral
446377.jpg,elliptical
446386.jpg,elliptical
446389.jpg,elliptical
446425.jpg,elliptical
446505.jpg,irregular
446509.jpg,elliptical
446512.jpg,elliptical
446514.jpg,elliptical
446522.jpg,irregular
446544.jpg,irregular
446559.jpg,spiral
446580.jpg,irregular
446585.jpg,elliptical
446593.jpg,elliptical
446622.jpg,elliptical
446629.jpg,elliptical
446647.jpg,elliptical
446664.jpg,elliptical
446673.jpg,irregular
446688.jpg,elliptical
446714.jpg,elliptical
446716.jpg,irregular
446743.jpg,spiral
446769.jpg,elliptical
446828.jpg,spiral
446864.jpg,elliptical
446936.jpg,elliptical
446939.jpg,spiral
446944.jpg,elliptical
446957.jpg,irregular
446979.jpg,irregular
446992.jpg,elliptical
446995.jpg,spiral
447000.jpg,elliptical
447044.jpg,elliptical
447121.jpg,elliptical
447195.jpg,irregular
447218.jpg,elliptical
447248.jpg,irregular
447276.jpg,elliptical
447302.jpg,elliptical
447307.jpg,irregular
447313.jpg,elliptical
447328.jpg,elliptical
447331.jpg,elliptical
447343.jpg,elliptical
447352.jpg,elliptical
447377.jpg,elliptical
447446.jpg,elliptical
447514.jpg,elliptical
447556.jpg,irregular
447592.jpg,irregular
447597.jpg,spiral
447600.jpg,elliptical
447613.jpg,elliptical
447671.jpg,spiral
447698.jpg,elliptical
447707.jpg,elliptical
447764.jpg,irregular
447782.jpg,elliptical
447798.jpg,elliptical
447809.jpg,irregular
447827.jpg,spiral
447856.jpg,elliptical
447857.jpg,elliptical
447886.jpg,elliptical
447892.jpg,elliptical
447921.jpg,spiral
447958.jpg,spiral
448009.jpg,elliptical
448023.jpg,elliptical
448106.jpg,spiral
448114.jpg,elliptical
448121.jpg,elliptical
448146.jpg,elliptical
448150.jpg,elliptical
448163.jpg,spiral
448183.jpg,elliptical
448196.jpg,irregular
448198.jpg,elliptical
448200.jpg,elliptical
448212.jpg,elliptical
448284.jpg,elliptical
448296.jpg,elliptical
448299.jpg,elliptical
448347.jpg,elliptical
448396.jpg,elliptical
448412.jpg,spiral
448417.jpg,irregular
448434.jpg,elliptical
448463.jpg,elliptical
448485.jpg,spiral
448496.jpg,elliptical
448497.jpg,elliptical
448506.jpg,elliptical
448515.jpg,irregular
448516.jpg,spiral
448521.jpg,irregular
448523.jpg,elliptical
448531.jpg,elliptical
448541.jpg,elliptical
448571.jpg,elliptical
448574.jpg,elliptical
448600.jpg,elliptical
448623.jpg,elliptical
448681.jpg,elliptical
448708.jpg,irregular
448715.jpg,elliptical
448741.jpg,elliptical
448745.jpg,irregular
448751.jpg,spiral
448759.jpg,elliptical
448765.jpg,spiral
448770.jpg,elliptical
448800.jpg,elliptical
448869.jpg,elliptical
448870.jpg,elliptical
448882.jpg,irregular
448942.jpg,elliptical
448954.jpg,irregular
448967.jpg,irregular
448981.jpg,elliptical
448994.jpg,spiral
449003.jpg,elliptical
449029.jpg,spiral
449042.jpg,spiral
449086.jpg,irregular
449098.jpg,elliptical
449105.jpg,spiral
449201.jpg,elliptical
449207.jpg,elliptical
449219.jpg,elliptical
449221.jpg,spiral
449234.jpg,spiral
449286.jpg,irregular
449293.jpg,elliptical
449321.jpg,spiral
449341.jpg,elliptical
449348.jpg,irregular
449351.jpg,spiral
449363.jpg,irregular
449383.jpg,elliptical
449458.jpg,irregular
449489.jpg,irregular
449513.jpg,elliptical
449570.jpg,elliptical
449639.jpg,spiral
449653.jpg,spiral
449698.jpg,elliptical
449700.jpg,irregular
449715.jpg,spiral
449717.jpg,elliptical
449744.jpg,elliptical
449781.jpg,irregular
449783.jpg,irregular
449819.jpg,elliptical
449826.jpg,elliptical
449833.jpg,elliptical
449864.jpg,irregular
449923.jpg,irregular
449926.jpg,irregular
449936.jpg,spiral
449960.jpg,elliptical
449965.jpg,spiral
449986.jpg,spiral
450006.jpg,elliptical
450012.jpg,spiral
450015.jpg,irregular
450029.jpg,spiral
450073.jpg,elliptical
450079.jpg,spiral
450087.jpg,elliptical
450148.jpg,irregular
450188.jpg,elliptical
450221.jpg,irregular
450236.jpg,irregular
450259.jpg,elliptical
450308.jpg,irregular
450323.jpg,elliptical
450339.jpg,elliptical
450345.jpg,spiral
450351.jpg,elliptical
450353.jpg,elliptical
450370.jpg,elliptical
450419.jpg,spiral
450472.jpg,spiral
450500.jpg,elliptical
450516.jpg,spiral
450537.jpg,elliptical
450625.jpg,spiral
450628.jpg,elliptical
450633.jpg,elliptical
450654.jpg,irregular
450672.jpg,elliptical
450720.jpg,elliptical
450742.jpg,elliptical
450754.jpg,elliptical
450780.jpg,elliptical
450814.jpg,irregular
450862.jpg,elliptical
450872.jpg,irregular
450886.jpg,irregular
450902.jpg,elliptical
450905.jpg,spiral
450916.jpg,spiral
450922.jpg,spiral
450931.jpg,irregular
450977.jpg,spiral
450995.jpg,spiral
451019.jpg,spiral
451020.jpg,elliptical
451048.jpg,spiral
451118.jpg,irregular
451125.jpg,irregular
451135.jpg,spiral
451141.jpg,irregular
451178.jpg,spiral
451190.jpg,elliptical
451225.jpg,irregular
451295.jpg,elliptical
451354.jpg,spiral
451367.jpg,irregular
451405.jpg,spiral
451499.jpg,irregular
451517.jpg,spiral
451534.jpg,spiral
451557.jpg,spiral
451581.jpg,elliptical
451640.jpg,elliptical
451655.jpg,elliptical
451660.jpg,elliptical
451662.jpg,spiral
451676.jpg,irregular
451767.jpg,elliptical
451771.jpg,elliptical
451786.jpg,elliptical
451792.jpg,spiral
451793.jpg,elliptical
451819.jpg,spiral
451855.jpg,elliptical
451859.jpg,spiral
451862.jpg,irregular
451866.jpg,elliptical
451887.jpg,elliptical
451891.jpg,spiral
451897.jpg,elliptical
451909.jpg,elliptical
451930.jpg,elliptical
451971.jpg,elliptical
452022.jpg,spiral
452110.jpg,elliptical
452183.jpg,spiral
452194.jpg,irregular
452219.jpg,irregular
452326.jpg,elliptical
452393.jpg,elliptical
452424.jpg,spiral
452444.jpg,spiral
452445.jpg,elliptical
452488.jpg,elliptical
452505.jpg,elliptical
452523.jpg,spiral
452527.jpg,elliptical
452549.jpg,elliptical
452556.jpg,elliptical
452562.jpg,elliptical
452633.jpg,elliptical
452647.jpg,elliptical
452678.jpg,elliptical
452688.jpg,irregular
452704.jpg,irregular
452724.jpg,spiral
452750.jpg,irregular
452752.jpg,elliptical
452798.jpg,elliptical
452807.jpg,elliptical
452809.jpg,elliptical
452838.jpg,irregular
452853.jpg,spiral
452863.jpg,elliptical
452869.jpg,elliptical
452882.jpg,irregular
452890.jpg,elliptical
452897.jpg,irregular
452899.jpg,elliptical
452913.jpg,elliptical
452939.jpg,spiral
452940.jpg,elliptical
452945.jpg,elliptical
452952.jpg,elliptical
452958.jpg,elliptical
453040.jpg,elliptical
453075.jpg,elliptical
453084.jpg,elliptical
453092.jpg,irregular
453099.jpg,spiral
453127.jpg,elliptical
453145.jpg,elliptical
453146.jpg,elliptical
453176.jpg,spiral
453197.jpg,irregular
453209.jpg,elliptical
453215.jpg,irregular
453224.jpg,spiral
453242.jpg,elliptical
453297.jpg,elliptical
453303.jpg,elliptical
453312.jpg,spiral
453318.jpg,elliptical
453327.jpg,irregular
453341.jpg,elliptical
453366.jpg,elliptical
453389.jpg,elliptical
453390.jpg,elliptical
453401.jpg,elliptical
453431.jpg,elliptical
453460.jpg,elliptical
453471.jpg,spiral
453481.jpg,elliptical
453503.jpg,spiral
453531.jpg,elliptical
453550.jpg,elliptical
453648.jpg,spiral
453787.jpg,elliptical
453832.jpg,elliptical
453852.jpg,irregular
453892.jpg,spiral
454012.jpg,spiral
454019.jpg,irregular
454037.jpg,spiral
454039.jpg,elliptical
454050.jpg,irregular
454057.jpg,spiral
454072.jpg,irregular
454088.jpg,irregular
454098.jpg,spiral
454113.jpg,spiral
454176.jpg,elliptical
454189.jpg,elliptical
454192.jpg,spiral
454236.jpg,spiral
454360.jpg,irregular
454385.jpg,irregular
454401.jpg,elliptical
454418.jpg,elliptical
454454.jpg,irregular
454537.jpg,irregular
454563.jpg,elliptical
454601.jpg,spiral
454606.jpg,elliptical
454627.jpg,irregular
454643.jpg,spiral
454717.jpg,spiral
454721.jpg,elliptical
454733.jpg,elliptical
454754.jpg,elliptical
454764.jpg,elliptical
454769.jpg,elliptical
454791.jpg,elliptical
454841.jpg,spiral
454843.jpg,irregular
454845.jpg,elliptical
454867.jpg,elliptical
454894.jpg,irregular
454914.jpg,irregular
454922.jpg,spiral
454931.jpg,elliptical
454967.jpg,spiral
454982.jpg,irregular
455014.jpg,spiral
455016.jpg,elliptical
455028.jpg,irregular
455042.jpg,elliptical
455046.jpg,elliptical
455064.jpg,elliptical
455082.jpg,elliptical
455086.jpg,elliptical
455097.jpg,spiral
455115.jpg,elliptical
455121.jpg,spiral
455123.jpg,irregular
455155.jpg,elliptical
455167.jpg,spiral
455180.jpg,irregular
455182.jpg,spiral
455194.jpg,spiral
455200.jpg,spiral
455245.jpg,spiral
455307.jpg,elliptical
455308.jpg,spiral
455339.jpg,irregular
455341.jpg,spiral
455354.jpg,irregular
455356.jpg,elliptical
455378.jpg,elliptical
455379.jpg,elliptical
455380.jpg,elliptical
455389.jpg,elliptical
455421.jpg,spiral
455456.jpg,elliptical
455465.jpg,elliptical
455477.jpg,spiral
455492.jpg,elliptical
455534.jpg,elliptical
455542.jpg,elliptical
455559.jpg,elliptical
455565.jpg,elliptical
455581.jpg,elliptical
455683.jpg,irregular
455799.jpg,elliptical
455864.jpg,elliptical
455870.jpg,elliptical
455886.jpg,elliptical
455891.jpg,elliptical
455897.jpg,elliptical
455938.jpg,elliptical
455957.jpg,spiral
455958.jpg,elliptical
455967.jpg,spiral
455975.jpg,spiral
455990.jpg,elliptical
456008.jpg,elliptical
456022.jpg,elliptical
456054.jpg,irregular
456078.jpg,elliptical
456095.jpg,elliptical
456097.jpg,elliptical
456115.jpg,elliptical
456167.jpg,elliptical
456186.jpg,irregular
456190.jpg,spiral
456194.jpg,elliptical
456200.jpg,elliptical
456203.jpg,spiral
456276.jpg,elliptical
456280.jpg,spiral
456292.jpg,elliptical
456297.jpg,elliptical
456307.jpg,elliptical
456320.jpg,elliptical
456360.jpg,spiral
456390.jpg,spiral
456400.jpg,spiral
456452.jpg,spiral
456481.jpg,elliptical
456518.jpg,elliptical
456522.jpg,irregular
456525.jpg,elliptical
456564.jpg,irregular
456586.jpg,spiral
456621.jpg,elliptical
456636.jpg,irregular
456651.jpg,elliptical
456678.jpg,spiral
456681.jpg,spiral
456709.jpg,elliptical
456717.jpg,irregular
456720.jpg,elliptical
456728.jpg,irregular
456780.jpg,elliptical
456791.jpg,elliptical
456797.jpg,spiral
456820.jpg,elliptical
456835.jpg,spiral
456860.jpg,elliptical
456872.jpg,elliptical
456886.jpg,elliptical
456963.jpg,elliptical
456970.jpg,elliptical
457006.jpg,irregular
457024.jpg,spiral
457033.jpg,irregular
457036.jpg,elliptical
457047.jpg,irregular
457064.jpg,elliptical
457075.jpg,elliptical
457082.jpg,irregular
457090.jpg,elliptical
457138.jpg,spiral
457142.jpg,elliptical
457242.jpg,elliptical
457247.jpg,elliptical
457255.jpg,elliptical
457292.jpg,elliptical
457334.jpg,elliptical
457342.jpg,elliptical
457370.jpg,spiral
457375.jpg,elliptical
457380.jpg,irregular
457391.jpg,elliptical
457399.jpg,elliptical
457425.jpg,elliptical
457448.jpg,spiral
457477.jpg,elliptical
457593.jpg,elliptical
457605.jpg,elliptical
457628.jpg,spiral
457634.jpg,elliptical
457702.jpg,elliptical
457714.jpg,irregular
457718.jpg,elliptical
457722.jpg,spiral
457739.jpg,elliptical
457760.jpg,spiral
457786.jpg,irregular
457811.jpg,elliptical
457815.jpg,elliptical
457830.jpg,elliptical
457846.jpg,elliptical
457888.jpg,elliptical
457909.jpg,spiral
457912.jpg,elliptical
457920.jpg,elliptical
457933.jpg,spiral
457947.jpg,elliptical
458000.jpg,elliptical
458002.jpg,elliptical
458031.jpg,spiral
458037.jpg,spiral
458055.jpg,elliptical
458062.jpg,spiral
458077.jpg,spiral
458128.jpg,elliptical
458192.jpg,elliptical
458227.jpg,irregular
458235.jpg,elliptical
458241.jpg,spiral
458272.jpg,elliptical
458294.jpg,elliptical
458303.jpg,spiral
458336.jpg,irregular
458350.jpg,elliptical
458374.jpg,irregular
458395.jpg,elliptical
458444.jpg,elliptical
458449.jpg,spiral
458501.jpg,spiral
458509.jpg,spiral
458513.jpg,elliptical
458537.jpg,irregular
458562.jpg,elliptical
458591.jpg,elliptical
458616.jpg,spiral
458626.jpg,spiral
458647.jpg,irregular
458698.jpg,spiral
458702.jpg,elliptical
458710.jpg,elliptical
458734.jpg,elliptical
458737.jpg,elliptical
458771.jpg,elliptical
458791.jpg,spiral
458815.jpg,elliptical
458845.jpg,elliptical
458870.jpg,elliptical
458916.jpg,irregular
458932.jpg,spiral
458974.jpg,spiral
459009.jpg,elliptical
459013.jpg,spiral
459020.jpg,elliptical
459042.jpg,elliptical
459045.jpg,elliptical
459076.jpg,elliptical
459109.jpg,elliptical
459153.jpg,elliptical
459161.jpg,irregular
459163.jpg,elliptical
459166.jpg,spiral
459168.jpg,elliptical
459202.jpg,irregular
459206.jpg,spiral
459221.jpg,irregular
459234.jpg,irregular
459257.jpg,spiral
459259.jpg,elliptical
459288.jpg,spiral
459292.jpg,elliptical
459338.jpg,elliptical
459346.jpg,irregular
459360.jpg,irregular
459391.jpg,irregular
459428.jpg,irregular
459431.jpg,elliptical
459436.jpg,spiral
459455.jpg,elliptical
459508.jpg,elliptical
459512.jpg,elliptical
459548.jpg,irregular
459564.jpg,elliptical
459568.jpg,elliptical
459569.jpg,irregular
459580.jpg,spiral
459599.jpg,elliptical
459668.jpg,elliptical
459672.jpg,elliptical
459683.jpg,spiral
459738.jpg,spiral
459742.jpg,elliptical
459755.jpg,irregular
459831.jpg,elliptical
459850.jpg,spiral
459861.jpg,elliptical
459905.jpg,elliptical
459931.jpg,elliptical
459988.jpg,elliptical
459994.jpg,elliptical
460008.jpg,elliptical
460082.jpg,spiral
460088.jpg,elliptical
460092.jpg,irregular
460094.jpg,irregular
460096.jpg,irregular
460109.jpg,spiral
460134.jpg,elliptical
460139.jpg,irregular
460166.jpg,spiral
460176.jpg,spiral
460237.jpg,irregular
460251.jpg,irregular
460269.jpg,elliptical
460279.jpg,elliptical
460287.jpg,elliptical
460299.jpg,elliptical
460370.jpg,irregular
460400.jpg,irregular
460415.jpg,spiral
460480.jpg,elliptical
460486.jpg,spiral
460496.jpg,elliptical
460533.jpg,elliptical
460538.jpg,elliptical
460566.jpg,spiral
460580.jpg,irregular
460599.jpg,elliptical
460645.jpg,irregular
460663.jpg,spiral
460676.jpg,irregular
460678.jpg,elliptical
460737.jpg,elliptical
460779.jpg,elliptical
460792.jpg,elliptical
460835.jpg,elliptical
460858.jpg,irregular
460911.jpg,elliptical
460924.jpg,elliptical
460933.jpg,elliptical
460935.jpg,elliptical
460953.jpg,spiral
460963.jpg,elliptical
460995.jpg,irregular
461043.jpg,elliptical
461054.jpg,spiral
461120.jpg,elliptical
461127.jpg,elliptical
461144.jpg,spiral
461145.jpg,spiral
461187.jpg,elliptical
461204.jpg,irregular
461320.jpg,elliptical
461346.jpg,irregular
461347.jpg,elliptical
461357.jpg,spiral
461386.jpg,spiral
461387.jpg,elliptical
461414.jpg,elliptical
461489.jpg,elliptical
461528.jpg,irregular
461535.jpg,spiral
461541.jpg,elliptical
461707.jpg,irregular
461736.jpg,elliptical
461760.jpg,irregular
461784.jpg,elliptical
461785.jpg,elliptical
461786.jpg,elliptical
461807.jpg,elliptical
461813.jpg,irregular
461856.jpg,elliptical
461878.jpg,irregular
461890.jpg,spiral
461949.jpg,irregular
462000.jpg,elliptical
462003.jpg,irregular
462031.jpg,spiral
462035.jpg,elliptical
462050.jpg,elliptical
462066.jpg,elliptical
462088.jpg,elliptical
462092.jpg,irregular
462097.jpg,elliptical
462107.jpg,elliptical
462123.jpg,spiral
462128.jpg,irregular
462146.jpg,elliptical
462147.jpg,elliptical
462165.jpg,elliptical
462190.jpg,elliptical
462192.jpg,elliptical
462217.jpg,elliptical
462227.jpg,elliptical
462250.jpg,spiral
462253.jpg,spiral
462261.jpg,spiral
462306.jpg,irregular
462325.jpg,elliptical
462337.jpg,spiral
462348.jpg,elliptical
462356.jpg,elliptical
462428.jpg,spiral
462457.jpg,elliptical
462463.jpg,spiral
462486.jpg,elliptical
462548.jpg,spiral
462575.jpg,elliptical
462599.jpg,spiral
462611.jpg,elliptical
462629.jpg,irregular
462651.jpg,irregular
462658.jpg,elliptical
462695.jpg,irregular
462728.jpg,elliptical
462762.jpg,elliptical
462769.jpg,spiral
462772.jpg,elliptical
462809.jpg,elliptical
462856.jpg,elliptical
462861.jpg,spiral
462869.jpg,elliptical
462878.jpg,elliptical
462892.jpg,spiral
462911.jpg,spiral
462930.jpg,spiral
462935.jpg,elliptical
462958.jpg,irregular
462992.jpg,elliptical
462998.jpg,irregular
463011.jpg,elliptical
463019.jpg,irregular
463041.jpg,spiral
463069.jpg,spiral
463073.jpg,irregular
463098.jpg,elliptical
463106.jpg,irregular
463135.jpg,spiral
463155.jpg,irregular
463192.jpg,irregular
463208.jpg,irregular
463223.jpg,irregular
463226.jpg,spiral
463249.jpg,spiral
463280.jpg,spiral
463282.jpg,elliptical
463289.jpg,elliptical
463315.jpg,spiral
463320.jpg,elliptical
463400.jpg,elliptical
463416.jpg,elliptical
463429.jpg,irregular
463531.jpg,elliptical
463563.jpg,spiral
463588.jpg,elliptical
463629.jpg,elliptical
463632.jpg,spiral
463635.jpg,irregular
463660.jpg,spiral
463681.jpg,elliptical
463691.jpg,elliptical
463718.jpg,irregular
463719.jpg,irregular
463738.jpg,irregular
463754.jpg,elliptical
463758.jpg,spiral
463760.jpg,elliptical
463768.jpg,elliptical
463854.jpg,elliptical
463926.jpg,elliptical
463935.jpg,spiral
463940.jpg,irregular
463959.jpg,spiral
463991.jpg,elliptical
464003.jpg,irregular
464035.jpg,spiral
464052.jpg,irregular
464055.jpg,irregular
464161.jpg,elliptical
464191.jpg,elliptical
464194.jpg,elliptical
464199.jpg,elliptical
464207.jpg,elliptical
464234.jpg,irregular
464269.jpg,irregular
464283.jpg,elliptical
464309.jpg,elliptical
464315.jpg,irregular
464339.jpg,elliptical
464346.jpg,irregular
464369.jpg,irregular
464408.jpg,elliptical
464411.jpg,elliptical
464413.jpg,elliptical
464430.jpg,spiral
464435.jpg,elliptical
464473.jpg,irregular
464475.jpg,spiral
464484.jpg,elliptical
464489.jpg,elliptical
464526.jpg,elliptical
464590.jpg,elliptical
464604.jpg,elliptical
464607.jpg,elliptical
464615.jpg,irregular
464682.jpg,elliptical
464684.jpg,elliptical
464693.jpg,elliptical
464711.jpg,elliptical
464714.jpg,irregular
464763.jpg,irregular
464770.jpg,elliptical
464771.jpg,elliptical
464779.jpg,elliptical
464798.jpg,irregular
464819.jpg,elliptical
464843.jpg,spiral
464859.jpg,elliptical
464868.jpg,irregular
464873.jpg,elliptical
464874.jpg,elliptical
464921.jpg,elliptical
464941.jpg,elliptical
464992.jpg,elliptical
465009.jpg,elliptical
465030.jpg,irregular
465035.jpg,spiral
465049.jpg,elliptical
465058.jpg,irregular
465094.jpg,spiral
465166.jpg,spiral
465195.jpg,elliptical
465196.jpg,elliptical
465213.jpg,spiral
465317.jpg,irregular
465340.jpg,irregular
465384.jpg,irregular
465387.jpg,elliptical
465390.jpg,elliptical
465394.jpg,elliptical
465444.jpg,irregular
465489.jpg,spiral
465495.jpg,elliptical
465549.jpg,elliptical
465561.jpg,elliptical
465580.jpg,spiral
465581.jpg,elliptical
465588.jpg,elliptical
465593.jpg,elliptical
465624.jpg,spiral
465634.jpg,irregular
465658.jpg,elliptical
465680.jpg,elliptical
465704.jpg,elliptical
465705.jpg,irregular
465735.jpg,spiral
465752.jpg,spiral
465760.jpg,elliptical
465766.jpg,elliptical
465772.jpg,irregular
465818.jpg,elliptical
465830.jpg,irregular
465848.jpg,irregular
465860.jpg,elliptical
465871.jpg,spiral
465878.jpg,irregular
465893.jpg,irregular
465940.jpg,elliptical
465942.jpg,irregular
465943.jpg,elliptical
465952.jpg,elliptical
465980.jpg,elliptical
465995.jpg,elliptical
466019.jpg,irregular
466024.jpg,spiral
466032.jpg,elliptical
466053.jpg,elliptical
466062.jpg,elliptical
466070.jpg,elliptical
466108.jpg,elliptical
466136.jpg,elliptical
466164.jpg,elliptical
466211.jpg,spiral
466224.jpg,elliptical
466232.jpg,elliptical
466237.jpg,irregular
466250.jpg,irregular
466273.jpg,irregular
466305.jpg,elliptical
466306.jpg,spiral
466311.jpg,irregular
466313.jpg,spiral
466316.jpg,elliptical
466344.jpg,irregular
466345.jpg,irregular
466346.jpg,elliptical
466355.jpg,elliptical
466362.jpg,elliptical
466374.jpg,irregular
466395.jpg,elliptical
466408.jpg,spiral
466414.jpg,elliptical
466432.jpg,spiral
466457.jpg,elliptical
466475.jpg,irregular
466490.jpg,irregular
466497.jpg,elliptical
466502.jpg,irregular
466504.jpg,spiral
466525.jpg,elliptical
466528.jpg,irregular
466575.jpg,irregular
466600.jpg,elliptical
466663.jpg,elliptical
466688.jpg,elliptical
466714.jpg,elliptical
466798.jpg,elliptical
466805.jpg,irregular
466816.jpg,elliptical
466867.jpg,elliptical
466932.jpg,irregular
466945.jpg,elliptical
466995.jpg,spiral
467002.jpg,elliptical
467039.jpg,irregular
467050.jpg,irregular
467059.jpg,elliptical
467063.jpg,elliptical
467081.jpg,elliptical
467100.jpg,spiral
467103.jpg,elliptical
467117.jpg,spiral
467123.jpg,elliptical
467124.jpg,elliptical
467154.jpg,irregular
467179.jpg,elliptical
467192.jpg,elliptical
467217.jpg,elliptical
467260.jpg,spiral
467265.jpg,irregular
467273.jpg,spiral
467287.jpg,irregular
467292.jpg,spiral
467408.jpg,elliptical
467411.jpg,elliptical
467430.jpg,spiral
467432.jpg,elliptical
467486.jpg,spiral
467521.jpg,elliptical
467537.jpg,elliptical
467558.jpg,elliptical
467574.jpg,elliptical
467605.jpg,elliptical
467655.jpg,spiral
467674.jpg,irregular
467685.jpg,irregular
467698.jpg,elliptical
467731.jpg,elliptical
467799.jpg,spiral
467809.jpg,elliptical
467873.jpg,elliptical
467898.jpg,elliptical
467916.jpg,irregular
467942.jpg,spiral
467954.jpg,elliptical
468001.jpg,irregular
468015.jpg,spiral
468017.jpg,spiral
468034.jpg,elliptical
468036.jpg,elliptical
468038.jpg,spiral
468056.jpg,elliptical
468063.jpg,elliptical
468094.jpg,spiral
468109.jpg,spiral
468165.jpg,elliptical
468225.jpg,elliptical
468230.jpg,spiral
468232.jpg,elliptical
468250.jpg,irregular
468274.jpg,irregular
468367.jpg,elliptical
468382.jpg,elliptical
468408.jpg,elliptical
468436.jpg,elliptical
468437.jpg,elliptical
468454.jpg,spiral
468506.jpg,elliptical
468517.jpg,irregular
468554.jpg,elliptical
468576.jpg,spiral
468581.jpg,spiral
468582.jpg,elliptical
468608.jpg,irregular
468612.jpg,elliptical
468627.jpg,elliptical
468661.jpg,spiral
468673.jpg,elliptical
468733.jpg,elliptical
468740.jpg,elliptical
468744.jpg,elliptical
468756.jpg,irregular
468782.jpg,elliptical
468793.jpg,elliptical
468823.jpg,elliptical
468904.jpg,elliptical
468943.jpg,elliptical
468947.jpg,elliptical
468952.jpg,spiral
469019.jpg,elliptical
469030.jpg,irregular
469072.jpg,elliptical
469089.jpg,elliptical
469128.jpg,elliptical
469130.jpg,irregular
469132.jpg,elliptical
469190.jpg,elliptical
469264.jpg,elliptical
469303.jpg,elliptical
469323.jpg,elliptical
469329.jpg,elliptical
469345.jpg,elliptical
469349.jpg,elliptical
469383.jpg,elliptical
469392.jpg,elliptical
469413.jpg,elliptical
469424.jpg,elliptical
469451.jpg,spiral
469467.jpg,elliptical
469512.jpg,spiral
469518.jpg,spiral
469541.jpg,elliptical
469559.jpg,elliptical
469581.jpg,spiral
469603.jpg,elliptical
469621.jpg,elliptical
469652.jpg,elliptical
469664.jpg,elliptical
469695.jpg,spiral
469706.jpg,elliptical
469754.jpg,elliptical
469762.jpg,elliptical
469796.jpg,spiral
469805.jpg,elliptical
469812.jpg,spiral
469819.jpg,elliptical
469828.jpg,spiral
469846.jpg,elliptical
469858.jpg,irregular
469889.jpg,elliptical
469930.jpg,elliptical
469933.jpg,spiral
470007.jpg,irregular
470022.jpg,elliptical
470047.jpg,irregular
470060.jpg,irregular
470085.jpg,spiral
470112.jpg,elliptical
470120.jpg,spiral
470122.jpg,elliptical
470131.jpg,elliptical
470147.jpg,elliptical
470156.jpg,elliptical
470161.jpg,irregular
470196.jpg,irregular
470214.jpg,spiral
470273.jpg,elliptical
470283.jpg,irregular
470300.jpg,irregular
470301.jpg,elliptical
470317.jpg,spiral
470390.jpg,irregular
470392.jpg,irregular
470423.jpg,irregular
470424.jpg,spiral
470462.jpg,elliptical
470534.jpg,elliptical
470574.jpg,elliptical
470581.jpg,elliptical
470582.jpg,elliptical
470583.jpg,elliptical
470587.jpg,spiral
470619.jpg,spiral
470626.jpg,elliptical
470630.jpg,elliptical
470632.jpg,spiral
470636.jpg,elliptical
470657.jpg,elliptical
470662.jpg,elliptical
470693.jpg,irregular
470694.jpg,elliptical
470707.jpg,spiral
470720.jpg,elliptical
470827.jpg,elliptical
470841.jpg,irregular
470870.jpg,spiral
470875.jpg,elliptical
470916.jpg,elliptical
470923.jpg,spiral
470925.jpg,elliptical
470930.jpg,spiral
470975.jpg,spiral
470981.jpg,spiral
470984.jpg,elliptical
471009.jpg,spiral
471013.jpg,spiral
471018.jpg,spiral
471019.jpg,elliptical
471048.jpg,elliptical
471110.jpg,irregular
471154.jpg,spiral
471173.jpg,elliptical
471191.jpg,irregular
471234.jpg,elliptical
471260.jpg,elliptical
471264.jpg,elliptical
471266.jpg,elliptical
471342.jpg,spiral
471359.jpg,spiral
471385.jpg,spiral
471437.jpg,elliptical
471477.jpg,irregular
471499.jpg,spiral
471501.jpg,elliptical
471509.jpg,elliptical
471512.jpg,elliptical
471548.jpg,elliptical
471549.jpg,elliptical
471591.jpg,irregular
471628.jpg,elliptical
471656.jpg,spiral
471688.jpg,elliptical
471705.jpg,elliptical
471749.jpg,elliptical
471764.jpg,elliptical
471835.jpg,irregular
471843.jpg,spiral
471846.jpg,spiral
471891.jpg,spiral
472007.jpg,spiral
472013.jpg,irregular
472025.jpg,elliptical
472081.jpg,elliptical
472095.jpg,elliptical
472175.jpg,spiral
472240.jpg,irregular
472279.jpg,elliptical
472310.jpg,elliptical
472342.jpg,spiral
472343.jpg,spiral
472366.jpg,elliptical
472467.jpg,elliptical
472505.jpg,irregular
472633.jpg,spiral
472661.jpg,elliptical
472704.jpg,spiral
472710.jpg,irregular
472716.jpg,irregular
472746.jpg,spiral
472792.jpg,elliptical
472815.jpg,elliptical
472816.jpg,irregular
472817.jpg,spiral
472854.jpg,elliptical
472880.jpg,spiral
472884.jpg,elliptical
472885.jpg,spiral
472910.jpg,elliptical
472914.jpg,irregular
472922.jpg,irregular
472954.jpg,elliptical
472986.jpg,irregular
472990.jpg,elliptical
473030.jpg,elliptical
473032.jpg,spiral
473122.jpg,elliptical
473136.jpg,elliptical
473169.jpg,elliptical
473192.jpg,irregular
473221.jpg,elliptical
473245.jpg,irregular
473320.jpg,elliptical
473335.jpg,spiral
473397.jpg,irregular
473416.jpg,elliptical
473428.jpg,elliptical
473434.jpg,elliptical
473445.jpg,irregular
473513.jpg,elliptical
473514.jpg,elliptical
473604.jpg,elliptical
473608.jpg,irregular
473641.jpg,spiral
473656.jpg,irregular
473676.jpg,spiral
473721.jpg,spiral
473731.jpg,elliptical
473756.jpg,elliptical
473768.jpg,elliptical
473780.jpg,elliptical
473796.jpg,elliptical
473818.jpg,elliptical
473827.jpg,elliptical
473879.jpg,elliptical
473915.jpg,elliptical
473916.jpg,elliptical
473929.jpg,spiral
473936.jpg,elliptical
473943.jpg,elliptical
473982.jpg,irregular
474052.jpg,elliptical
474091.jpg,elliptical
474121.jpg,spiral
474130.jpg,elliptical
474131.jpg,spiral
474138.jpg,irregular
474143.jpg,spiral
474146.jpg,irregular
474157.jpg,elliptical
474161.jpg,spiral
474162.jpg,elliptical
474200.jpg,irregular
474213.jpg,irregular
474223.jpg,elliptical
474228.jpg,elliptical
474255.jpg,elliptical
474256.jpg,irregular
474258.jpg,elliptical
474296.jpg,elliptical
474312.jpg,spiral
474350.jpg,elliptical
474401.jpg,elliptical
474438.jpg,elliptical
474449.jpg,elliptical
474470.jpg,spiral
474472.jpg,elliptical
474474.jpg,elliptical
474475.jpg,elliptical
474495.jpg,elliptical
474537.jpg,spiral
474565.jpg,elliptical
474569.jpg,irregular
474600.jpg,elliptical
474610.jpg,elliptical
474643.jpg,elliptical
474661.jpg,spiral
474672.jpg,elliptical
474702.jpg,elliptical
474744.jpg,elliptical
474755.jpg,spiral
474813.jpg,irregular
474845.jpg,elliptical
474850.jpg,spiral
474859.jpg,elliptical
474868.jpg,irregular
474927.jpg,elliptical
474963.jpg,spiral
474978.jpg,irregular
475010.jpg,elliptical
475033.jpg,irregular
475062.jpg,elliptical
475071.jpg,elliptical
475141.jpg,elliptical
475164.jpg,spiral
475167.jpg,spiral
475184.jpg,irregular
475288.jpg,elliptical
475295.jpg,elliptical
475296.jpg,elliptical
475311.jpg,irregular
475329.jpg,irregular
475364.jpg,elliptical
475429.jpg,irregular
475435.jpg,spiral
475443.jpg,elliptical
475449.jpg,elliptical
475470.jpg,elliptical
475498.jpg,irregular
475583.jpg,elliptical
475601.jpg,elliptical
475618.jpg,elliptical
475635.jpg,irregular
475637.jpg,irregular
475640.jpg,irregular
475650.jpg,spiral
475651.jpg,spiral
475653.jpg,elliptical
475660.jpg,spiral
475699.jpg,elliptical
475745.jpg,elliptical
475749.jpg,elliptical
475795.jpg,spiral
475797.jpg,elliptical
475905.jpg,irregular
475909.jpg,spiral
475921.jpg,elliptical
475922.jpg,irregular
475941.jpg,irregular
475964.jpg,spiral
475982.jpg,irregular
476025.jpg,elliptical
476052.jpg,elliptical
476057.jpg,spiral
476062.jpg,elliptical
476065.jpg,elliptical
476113.jpg,irregular
476128.jpg,irregular
476149.jpg,elliptical
476169.jpg,irregular
476214.jpg,elliptical
476244.jpg,irregular
476310.jpg,spiral
476317.jpg,elliptical
476395.jpg,elliptical
476424.jpg,elliptical
476438.jpg,irregular
476450.jpg,irregular
476452.jpg,elliptical
476460.jpg,irregular
476465.jpg,elliptical
476511.jpg,irregular
476524.jpg,irregular
476549.jpg,elliptical
476552.jpg,elliptical
476563.jpg,spiral
476577.jpg,spiral
476594.jpg,elliptical
476621.jpg,elliptical
476683.jpg,irregular
476721.jpg,elliptical
476735.jpg,elliptical
476740.jpg,elliptical
476742.jpg,spiral
476747.jpg,elliptical
476775.jpg,elliptical
476786.jpg,elliptical
476813.jpg,irregular
476829.jpg,spiral
476848.jpg,irregular
476854.jpg,elliptical
476893.jpg,spiral
476954.jpg,irregular
477003.jpg,spiral
477013.jpg,elliptical
477016.jpg,irregular
477039.jpg,spiral
477057.jpg,elliptical
477077.jpg,irregular
477087.jpg,spiral
477103.jpg,elliptical
477132.jpg,elliptical
477139.jpg,elliptical
477161.jpg,elliptical
477170.jpg,elliptical
477199.jpg,elliptical
477201.jpg,elliptical
477202.jpg,elliptical
477228.jpg,spiral
477234.jpg,elliptical
477250.jpg,irregular
477256.jpg,elliptical
477269.jpg,elliptical
477283.jpg,elliptical
477286.jpg,elliptical
477333.jpg,spiral
477335.jpg,elliptical
477392.jpg,irregular
477404.jpg,elliptical
477410.jpg,elliptical
477417.jpg,irregular
477433.jpg,irregular
477491.jpg,elliptical
477511.jpg,elliptical
477515.jpg,irregular
477523.jpg,spiral
477578.jpg,spiral
477603.jpg,elliptical
477631.jpg,elliptical
477637.jpg,irregular
477638.jpg,elliptical
477653.jpg,irregular
477718.jpg,elliptical
477751.jpg,elliptical
477768.jpg,spiral
477812.jpg,elliptical
477832.jpg,elliptical
477871.jpg,elliptical
477925.jpg,elliptical
477935.jpg,elliptical
477980.jpg,elliptical
477988.jpg,elliptical
478010.jpg,spiral
478011.jpg,spiral
478014.jpg,spiral
478046.jpg,irregular
478141.jpg,spiral
478220.jpg,elliptical
478225.jpg,irregular
478228.jpg,elliptical
478258.jpg,elliptical
478265.jpg,elliptical
478277.jpg,elliptical
478280.jpg,irregular
478287.jpg,elliptical
478315.jpg,irregular
478325.jpg,elliptical
478346.jpg,elliptical
478351.jpg,elliptical
478365.jpg,elliptical
478369.jpg,elliptical
478375.jpg,elliptical
478385.jpg,spiral
478411.jpg,spiral
478433.jpg,elliptical
478492.jpg,spiral
478500.jpg,elliptical
478543.jpg,elliptical
478590.jpg,elliptical
478616.jpg,irregular
478635.jpg,spiral
478642.jpg,irregular
478678.jpg,spiral
478679.jpg,irregular
478681.jpg,elliptical
478722.jpg,irregular
478733.jpg,elliptical
478757.jpg,elliptical
478763.jpg,elliptical
478841.jpg,spiral
478849.jpg,elliptical
478884.jpg,spiral
478953.jpg,spiral
478979.jpg,spiral
478982.jpg,elliptical
479010.jpg,irregular
479051.jpg,elliptical
479084.jpg,elliptical
479087.jpg,elliptical
479166.jpg,irregular
479169.jpg,spiral
479191.jpg,elliptical
479210.jpg,elliptical
479230.jpg,elliptical
479235.jpg,spiral
479253.jpg,elliptical
479255.jpg,elliptical
479263.jpg,irregular
479272.jpg,spiral
479282.jpg,elliptical
479350.jpg,spiral
479369.jpg,irregular
479381.jpg,irregular
479416.jpg,elliptical
479422.jpg,elliptical
479454.jpg,elliptical
479467.jpg,elliptical
479469.jpg,irregular
479488.jpg,elliptical
479489.jpg,spiral
479571.jpg,elliptical
479588.jpg,spiral
479692.jpg,spiral
479703.jpg,spiral
479718.jpg,elliptical
479794.jpg,elliptical
479803.jpg,spiral
479845.jpg,elliptical
479864.jpg,elliptical
479889.jpg,spiral
479916.jpg,irregular
479917.jpg,elliptical
479928.jpg,irregular
479932.jpg,irregular
479960.jpg,elliptical
479962.jpg,irregular
479982.jpg,elliptical
479986.jpg,elliptical
480005.jpg,spiral
480030.jpg,elliptical
480072.jpg,irregular
480074.jpg,irregular
480090.jpg,elliptical
480099.jpg,elliptical
480134.jpg,elliptical
480171.jpg,irregular
480188.jpg,spiral
480196.jpg,spiral
480293.jpg,spiral
480309.jpg,elliptical
480352.jpg,elliptical
480369.jpg,elliptical
480384.jpg,elliptical
480438.jpg,elliptical
480468.jpg,irregular
480478.jpg,elliptical
480512.jpg,elliptical
480543.jpg,elliptical
480588.jpg,elliptical
480604.jpg,elliptical
480605.jpg,irregular
480617.jpg,spiral
480636.jpg,elliptical
480709.jpg,elliptical
480716.jpg,irregular
480726.jpg,irregular
480732.jpg,elliptical
480734.jpg,elliptical
480756.jpg,irregular
480762.jpg,spiral
480813.jpg,irregular
480819.jpg,elliptical
480852.jpg,elliptical
480883.jpg,irregular
480898.jpg,irregular
480930.jpg,elliptical
480949.jpg,elliptical
480951.jpg,elliptical
481007.jpg,spiral
481009.jpg,elliptical
481025.jpg,elliptical
481037.jpg,spiral
481069.jpg,spiral
481088.jpg,spiral
481114.jpg,irregular
481146.jpg,elliptical
481152.jpg,elliptical
481178.jpg,elliptical
481196.jpg,irregular
481215.jpg,elliptical
481219.jpg,elliptical
481282.jpg,elliptical
481287.jpg,irregular
481320.jpg,elliptical
481345.jpg,spiral
481367.jpg,spiral
481383.jpg,elliptical
481414.jpg,elliptical
481420.jpg,elliptical
481427.jpg,elliptical
481443.jpg,elliptical
481479.jpg,elliptical
481484.jpg,elliptical
481536.jpg,irregular
481543.jpg,elliptical
481554.jpg,elliptical
481571.jpg,spiral
481575.jpg,elliptical
481589.jpg,spiral
481590.jpg,spiral
481597.jpg,irregular
481623.jpg,elliptical
481626.jpg,elliptical
481689.jpg,elliptical
481726.jpg,spiral
481728.jpg,irregular
481732.jpg,spiral
481752.jpg,elliptical
481760.jpg,elliptical
481794.jpg,spiral
481847.jpg,irregular
481885.jpg,elliptical
481893.jpg,elliptical
481897.jpg,elliptical
481898.jpg,elliptical
481914.jpg,elliptical
481932.jpg,elliptical
481938.jpg,spiral
481945.jpg,elliptical
481946.jpg,elliptical
481980.jpg,elliptical
481981.jpg,elliptical
481988.jpg,elliptical
481993.jpg,elliptical
482040.jpg,spiral
482063.jpg,elliptical
482113.jpg,elliptical
482134.jpg,elliptical
482135.jpg,irregular
482156.jpg,elliptical
482182.jpg,irregular
482257.jpg,spiral
482270.jpg,elliptical
482288.jpg,irregular
482291.jpg,irregular
482305.jpg,spiral
482312.jpg,elliptical
482325.jpg,elliptical
482328.jpg,elliptical
482344.jpg,elliptical
482345.jpg,elliptical
482360.jpg,elliptical
482370.jpg,spiral
482371.jpg,elliptical
482493.jpg,spiral
482495.jpg,elliptical
482500.jpg,irregular
482507.jpg,elliptical
482540.jpg,elliptical
482558.jpg,spiral
482559.jpg,elliptical
482576.jpg,irregular
482580.jpg,irregular
482598.jpg,irregular
482599.jpg,elliptical
482610.jpg,irregular
482631.jpg,spiral
482637.jpg,irregular
482667.jpg,elliptical
482668.jpg,elliptical
482714.jpg,elliptical
482724.jpg,irregular
482730.jpg,elliptical
482741.jpg,irregular
482803.jpg,spiral
482812.jpg,irregular
482814.jpg,elliptical
482833.jpg,elliptical
482851.jpg,elliptical
482899.jpg,elliptical
482910.jpg,spiral
482952.jpg,elliptical
482977.jpg,irregular
483054.jpg,elliptical
483065.jpg,elliptical
483094.jpg,spiral
483110.jpg,irregular
483131.jpg,irregular
483159.jpg,irregular
483171.jpg,elliptical
483212.jpg,irregular
483242.jpg,spiral
483256.jpg,spiral
483265.jpg,elliptical
483293.jpg,spiral
483400.jpg,spiral
483434.jpg,elliptical
483473.jpg,elliptical
483486.jpg,spiral
483488.jpg,elliptical
483547.jpg,elliptical
483595.jpg,elliptical
483599.jpg,elliptical
483600.jpg,irregular
483609.jpg,elliptical
483612.jpg,spiral
483633.jpg,elliptical
483644.jpg,elliptical
483646.jpg,elliptical
483660.jpg,elliptical
483661.jpg,spiral
483733.jpg,spiral
483735.jpg,elliptical
483757.jpg,spiral
483804.jpg,elliptical
483833.jpg,irregular
483840.jpg,irregular
483863.jpg,irregular
483874.jpg,elliptical
483888.jpg,elliptical
483901.jpg,elliptical
483922.jpg,spiral
483933.jpg,elliptical
483949.jpg,spiral
483967.jpg,elliptical
483985.jpg,elliptical
484002.jpg,elliptical
484018.jpg,irregular
484029.jpg,elliptical
484038.jpg,spiral
484044.jpg,elliptical
484045.jpg,irregular
484070.jpg,irregular
484073.jpg,elliptical
484085.jpg,spiral
484129.jpg,spiral
484142.jpg,irregular
484154.jpg,elliptical
484194.jpg,irregular
484210.jpg,elliptical
484214.jpg,spiral
484263.jpg,irregular
484287.jpg,irregular
484309.jpg,irregular
484315.jpg,elliptical
484328.jpg,elliptical
484359.jpg,elliptical
484363.jpg,elliptical
484364.jpg,irregular
484414.jpg,elliptical
484416.jpg,elliptical
484481.jpg,elliptical
484508.jpg,elliptical
484515.jpg,elliptical
484518.jpg,spiral
484531.jpg,elliptical
484625.jpg,elliptical
484644.jpg,elliptical
484654.jpg,elliptical
484700.jpg,elliptical
484708.jpg,elliptical
484724.jpg,spiral
484743.jpg,elliptical
484754.jpg,irregular
484761.jpg,elliptical
484765.jpg,elliptical
484795.jpg,spiral
484803.jpg,elliptical
484831.jpg,elliptical
484847.jpg,spiral
484855.jpg,elliptical
484878.jpg,elliptical
484899.jpg,elliptical
484904.jpg,elliptical
484931.jpg,spiral
484941.jpg,elliptical
484955.jpg,spiral
484970.jpg,spiral
484979.jpg,elliptical
485029.jpg,elliptical
485069.jpg,irregular
485083.jpg,elliptical
485108.jpg,elliptical
485137.jpg,elliptical
485143.jpg,irregular
485151.jpg,spiral
485154.jpg,elliptical
485173.jpg,irregular
485191.jpg,spiral
485217.jpg,elliptical
485223.jpg,spiral
485230.jpg,elliptical
485259.jpg,elliptical
485268.jpg,elliptical
485321.jpg,spiral
485324.jpg,elliptical
485325.jpg,elliptical
485334.jpg,spiral
485367.jpg,elliptical
485372.jpg,elliptical
485386.jpg,elliptical
485388.jpg,elliptical
485408.jpg,elliptical
485416.jpg,elliptical
485422.jpg,irregular
485427.jpg,elliptical
485445.jpg,elliptical
485460.jpg,elliptical
485489.jpg,elliptical
485532.jpg,elliptical
485540.jpg,spiral
485593.jpg,irregular
485601.jpg,elliptical
485659.jpg,elliptical
485673.jpg,spiral
485705.jpg,elliptical
485710.jpg,irregular
485717.jpg,elliptical
485720.jpg,elliptical
485761.jpg,spiral
485767.jpg,elliptical
485800.jpg,elliptical
485830.jpg,elliptical
485850.jpg,elliptical
485855.jpg,elliptical
485864.jpg,elliptical
485886.jpg,elliptical
485972.jpg,spiral
485981.jpg,elliptical
486021.jpg,elliptical
486045.jpg,elliptical
486049.jpg,irregular
486063.jpg,elliptical
486064.jpg,irregular
486076.jpg,irregular
486109.jpg,spiral
486158.jpg,spiral
486190.jpg,irregular
486192.jpg,elliptical
486242.jpg,elliptical
486263.jpg,elliptical
486312.jpg,irregular
486341.jpg,elliptical
486377.jpg,elliptical
486409.jpg,spiral
486448.jpg,elliptical
486467.jpg,irregular
486499.jpg,spiral
486500.jpg,elliptical
486534.jpg,spiral
486544.jpg,elliptical
486559.jpg,elliptical
486567.jpg,spiral
486577.jpg,irregular
486634.jpg,elliptical
486642.jpg,elliptical
486645.jpg,spiral
486686.jpg,elliptical
486710.jpg,spiral
486725.jpg,spiral
486742.jpg,irregular
486775.jpg,elliptical
486786.jpg,spiral
486800.jpg,elliptical
486847.jpg,spiral
486849.jpg,elliptical
486875.jpg,elliptical
486955.jpg,elliptical
486992.jpg,spiral
486998.jpg,elliptical
487001.jpg,elliptical
487010.jpg,elliptical
487020.jpg,irregular
487022.jpg,irregular
487044.jpg,elliptical
487047.jpg,elliptical
487060.jpg,elliptical
487072.jpg,elliptical
487101.jpg,spiral
487120.jpg,elliptical
487159.jpg,irregular
487191.jpg,irregular
487194.jpg,elliptical
487195.jpg,irregular
487196.jpg,spiral
487211.jpg,elliptical
487253.jpg,elliptical
487267.jpg,spiral
487274.jpg,spiral
487287.jpg,elliptical
487297.jpg,spiral
487315.jpg,spiral
487323.jpg,elliptical
487336.jpg,elliptical
487349.jpg,irregular
487353.jpg,elliptical
487374.jpg,elliptical
487376.jpg,elliptical
487449.jpg,spiral
487464.jpg,irregular
487476.jpg,elliptical
487477.jpg,irregular
487505.jpg,spiral
487512.jpg,spiral
487534.jpg,elliptical
487586.jpg,elliptical
487592.jpg,elliptical
487641.jpg,irregular
487649.jpg,elliptical
487682.jpg,irregular
487688.jpg,elliptical
487759.jpg,spiral
487768.jpg,elliptical
487814.jpg,elliptical
487828.jpg,elliptical
487830.jpg,elliptical
487866.jpg,irregular
487881.jpg,elliptical
487887.jpg,spiral
487892.jpg,elliptical
487912.jpg,elliptical
487935.jpg,elliptical
487945.jpg,elliptical
487962.jpg,elliptical
487976.jpg,spiral
487990.jpg,elliptical
488008.jpg,spiral
488017.jpg,elliptical
488053.jpg,spiral
488068.jpg,elliptical
488098.jpg,elliptical
488168.jpg,spiral
488202.jpg,elliptical
488242.jpg,elliptical
488268.jpg,spiral
488322.jpg,irregular
488338.jpg,spiral
488341.jpg,elliptical
488371.jpg,elliptical
488435.jpg,irregular
488470.jpg,spiral
488478.jpg,elliptical
488486.jpg,irregular
488554.jpg,spiral
488567.jpg,elliptical
488709.jpg,spiral
488713.jpg,elliptical
488735.jpg,irregular
488765.jpg,elliptical
488790.jpg,elliptical
488840.jpg,spiral
488861.jpg,elliptical
488873.jpg,elliptical
488874.jpg,elliptical
488886.jpg,elliptical
488902.jpg,elliptical
488968.jpg,elliptical
488985.jpg,elliptical
488991.jpg,elliptical
488995.jpg,spiral
489038.jpg,irregular
489068.jpg,elliptical
489076.jpg,elliptical
489079.jpg,spiral
489165.jpg,elliptical
489172.jpg,elliptical
489175.jpg,elliptical
489243.jpg,elliptical
489301.jpg,elliptical
489340.jpg,spiral
489362.jpg,elliptical
489384.jpg,elliptical
489396.jpg,elliptical
489411.jpg,elliptical
489484.jpg,elliptical
489526.jpg,elliptical
489556.jpg,elliptical
489605.jpg,elliptical
489626.jpg,irregular
489628.jpg,spiral
489632.jpg,elliptical
489655.jpg,spiral
489673.jpg,elliptical
489686.jpg,elliptical
489738.jpg,elliptical
489739.jpg,elliptical
489804.jpg,irregular
489807.jpg,elliptical
489821.jpg,elliptical
489841.jpg,irregular
489867.jpg,elliptical
489883.jpg,irregular
489886.jpg,irregular
489893.jpg,elliptical
489908.jpg,spiral
489920.jpg,elliptical
489923.jpg,irregular
489969.jpg,elliptical
489975.jpg,irregular
490026.jpg,irregular
490033.jpg,elliptical
490038.jpg,elliptical
490066.jpg,elliptical
490068.jpg,elliptical
490086.jpg,irregular
490103.jpg,irregular
490119.jpg,irregular
490151.jpg,irregular
490159.jpg,elliptical
490171.jpg,elliptical
490176.jpg,elliptical
490197.jpg,spiral
490214.jpg,elliptical
490221.jpg,elliptical
490251.jpg,elliptical
490268.jpg,spiral
490281.jpg,elliptical
490310.jpg,irregular
490323.jpg,elliptical
490325.jpg,elliptical
490335.jpg,spiral
490337.jpg,irregular
490350.jpg,irregular
490357.jpg,elliptical
490385.jpg,irregular
490391.jpg,elliptical
490404.jpg,spiral
490415.jpg,elliptical
490429.jpg,elliptical
490444.jpg,spiral
490481.jpg,spiral
490491.jpg,elliptical
490548.jpg,elliptical
490554.jpg,elliptical
490611.jpg,spiral
490620.jpg,elliptical
490622.jpg,elliptical
490636.jpg,elliptical
490679.jpg,elliptical
490700.jpg,spiral
490706.jpg,elliptical
490734.jpg,spiral
490796.jpg,spiral
490798.jpg,elliptical
490849.jpg,irregular
490857.jpg,elliptical
490888.jpg,elliptical
490907.jpg,elliptical
490924.jpg,elliptical
490939.jpg,elliptical
490954.jpg,irregular
490959.jpg,elliptical
490986.jpg,spiral
490987.jpg,spiral
491002.jpg,spiral
491022.jpg,elliptical
491027.jpg,spiral
491044.jpg,spiral
491052.jpg,elliptical
491153.jpg,irregular
491211.jpg,elliptical
491268.jpg,elliptical
491326.jpg,elliptical
491368.jpg,elliptical
491408.jpg,spiral
491441.jpg,elliptical
491463.jpg,elliptical
491473.jpg,elliptical
491475.jpg,elliptical
491486.jpg,irregular
491490.jpg,elliptical
491495.jpg,irregular
491547.jpg,irregular
491569.jpg,elliptical
491591.jpg,elliptical
491643.jpg,irregular
491658.jpg,elliptical
491667.jpg,elliptical
491706.jpg,irregular
491815.jpg,spiral
491893.jpg,elliptical
491897.jpg,spiral
491904.jpg,elliptical
491905.jpg,spiral
491908.jpg,irregular
491969.jpg,irregular
491974.jpg,elliptical
492006.jpg,elliptical
492035.jpg,elliptical
492041.jpg,elliptical
492113.jpg,spiral
492159.jpg,elliptical
492205.jpg,elliptical
492224.jpg,spiral
492246.jpg,spiral
492250.jpg,elliptical
492266.jpg,elliptical
492275.jpg,irregular
492289.jpg,elliptical
492291.jpg,irregular
492293.jpg,elliptical
492313.jpg,irregular
492314.jpg,irregular
492335.jpg,spiral
492388.jpg,elliptical
492391.jpg,irregular
492399.jpg,spiral
492415.jpg,elliptical
492437.jpg,elliptical
492478.jpg,spiral
492518.jpg,spiral
492567.jpg,irregular
492575.jpg,irregular
492587.jpg,elliptical
492601.jpg,spiral
492611.jpg,elliptical
492615.jpg,elliptical
492640.jpg,elliptical
492711.jpg,elliptical
492719.jpg,elliptical
492734.jpg,elliptical
492763.jpg,elliptical
492783.jpg,spiral
492788.jpg,elliptical
492795.jpg,spiral
492804.jpg,irregular
492809.jpg,irregular
492882.jpg,elliptical
492890.jpg,elliptical
492903.jpg,elliptical
492909.jpg,spiral
492967.jpg,elliptical
492969.jpg,spiral
493019.jpg,irregular
493054.jpg,spiral
493058.jpg,elliptical
493144.jpg,elliptical
493163.jpg,irregular
493168.jpg,elliptical
493179.jpg,spiral
493181.jpg,spiral
493204.jpg,irregular
493213.jpg,elliptical
493234.jpg,elliptical
493269.jpg,irregular
493289.jpg,elliptical
493310.jpg,spiral
493315.jpg,spiral
493416.jpg,elliptical
493417.jpg,elliptical
493465.jpg,elliptical
493488.jpg,irregular
493545.jpg,irregular
493597.jpg,elliptical
493599.jpg,elliptical
493699.jpg,elliptical
493706.jpg,elliptical
493710.jpg,elliptical
493718.jpg,elliptical
493727.jpg,elliptical
493737.jpg,elliptical
493745.jpg,elliptical
493765.jpg,elliptical
493768.jpg,irregular
493772.jpg,elliptical
493803.jpg,elliptical
493926.jpg,irregular
493933.jpg,elliptical
493989.jpg,elliptical
493998.jpg,irregular
494010.jpg,elliptical
494012.jpg,elliptical
494051.jpg,elliptical
494097.jpg,elliptical
494150.jpg,irregular
494159.jpg,elliptical
494182.jpg,spiral
494194.jpg,elliptical
494199.jpg,elliptical
494202.jpg,elliptical
494214.jpg,elliptical
494281.jpg,irregular
494296.jpg,elliptical
494320.jpg,elliptical
494332.jpg,elliptical
494364.jpg,elliptical
494397.jpg,elliptical
494417.jpg,irregular
494502.jpg,irregular
494509.jpg,elliptical
494525.jpg,elliptical
494536.jpg,irregular
494556.jpg,irregular
494570.jpg,elliptical
494605.jpg,elliptical
494637.jpg,elliptical
494685.jpg,elliptical
494721.jpg,spiral
494729.jpg,elliptical
494749.jpg,elliptical
494852.jpg,irregular
494854.jpg,spiral
494880.jpg,elliptical
494921.jpg,spiral
494941.jpg,elliptical
494958.jpg,spiral
495040.jpg,spiral
495059.jpg,spiral
495073.jpg,elliptical
495088.jpg,elliptical
495101.jpg,irregular
495144.jpg,elliptical
495152.jpg,elliptical
495179.jpg,elliptical
495197.jpg,elliptical
495198.jpg,elliptical
495205.jpg,irregular
495228.jpg,elliptical
495258.jpg,elliptical
495275.jpg,elliptical
495331.jpg,elliptical
495381.jpg,spiral
495403.jpg,elliptical
495428.jpg,elliptical
495439.jpg,irregular
495450.jpg,elliptical
495456.jpg,elliptical
495470.jpg,elliptical
495536.jpg,irregular
495578.jpg,spiral
495582.jpg,elliptical
495586.jpg,elliptical
495595.jpg,elliptical
495611.jpg,elliptical
495628.jpg,elliptical
495657.jpg,spiral
495692.jpg,elliptical
495694.jpg,elliptical
495703.jpg,elliptical
495706.jpg,elliptical
495711.jpg,irregular
495756.jpg,elliptical
495761.jpg,irregular
495765.jpg,elliptical
495777.jpg,elliptical
495780.jpg,spiral
495823.jpg,elliptical
495832.jpg,irregular
495836.jpg,irregular
495861.jpg,elliptical
495950.jpg,elliptical
496080.jpg,irregular
496083.jpg,elliptical
496090.jpg,elliptical
496137.jpg,spiral
496155.jpg,spiral
496224.jpg,spiral
496237.jpg,spiral
496262.jpg,irregular
496313.jpg,elliptical
496327.jpg,irregular
496331.jpg,elliptical
496388.jpg,spiral
496401.jpg,spiral
496417.jpg,spiral
496434.jpg,spiral
496461.jpg,spiral
496467.jpg,elliptical
496503.jpg,irregular
496509.jpg,spiral
496545.jpg,elliptical
496599.jpg,irregular
496604.jpg,spiral
496620.jpg,elliptical
496630.jpg,irregular
496662.jpg,spiral
496669.jpg,elliptical
496687.jpg,elliptical
496722.jpg,elliptical
496763.jpg,elliptical
496777.jpg,elliptical
496786.jpg,elliptical
496788.jpg,elliptical
496816.jpg,elliptical
496846.jpg,elliptical
496893.jpg,spiral
496938.jpg,spiral
496951.jpg,elliptical
497023.jpg,spiral
497069.jpg,elliptical
497071.jpg,irregular
497096.jpg,elliptical
497120.jpg,spiral
497142.jpg,irregular
497170.jpg,irregular
497181.jpg,elliptical
497199.jpg,spiral
497226.jpg,elliptical
497238.jpg,spiral
497241.jpg,spiral
497278.jpg,irregular
497298.jpg,irregular
497317.jpg,elliptical
497374.jpg,elliptical
497386.jpg,elliptical
497391.jpg,irregular
497396.jpg,elliptical
497399.jpg,elliptical
497409.jpg,elliptical
497428.jpg,elliptical
497429.jpg,spiral
497433.jpg,elliptical
497458.jpg,elliptical
497465.jpg,elliptical
497512.jpg,elliptical
497523.jpg,elliptical
497531.jpg,elliptical
497546.jpg,elliptical
497560.jpg,spiral
497573.jpg,irregular
497588.jpg,elliptical
497597.jpg,elliptical
497607.jpg,elliptical
497624.jpg,elliptical
497634.jpg,elliptical
497640.jpg,irregular
497664.jpg,spiral
497675.jpg,elliptical
497682.jpg,elliptical
497720.jpg,elliptical
497731.jpg,spiral
497818.jpg,elliptical
497836.jpg,irregular
497858.jpg,irregular
497863.jpg,elliptical
497988.jpg,elliptical
498015.jpg,irregular
498066.jpg,spiral
498068.jpg,spiral
498076.jpg,elliptical
498093.jpg,elliptical
498103.jpg,irregular
498123.jpg,elliptical
498140.jpg,spiral
498141.jpg,spiral
498159.jpg,irregular
498249.jpg,elliptical
498306.jpg,elliptical
498342.jpg,elliptical
498352.jpg,irregular
498389.jpg,elliptical
498412.jpg,elliptical
498449.jpg,elliptical
498455.jpg,spiral
498499.jpg,spiral
498578.jpg,elliptical
498585.jpg,elliptical
498589.jpg,irregular
498627.jpg,elliptical
498700.jpg,irregular
498729.jpg,elliptical
498731.jpg,irregular
498737.jpg,irregular
498754.jpg,elliptical
498756.jpg,elliptical
498761.jpg,elliptical
498772.jpg,irregular
498792.jpg,spiral
498818.jpg,spiral
498852.jpg,spiral
498871.jpg,elliptical
498885.jpg,elliptical
498911.jpg,elliptical
498936.jpg,spiral
498972.jpg,irregular
498976.jpg,elliptical
498977.jpg,elliptical
498993.jpg,spiral
499010.jpg,elliptical
499023.jpg,irregular
499025.jpg,spiral
499032.jpg,spiral
499040.jpg,irregular
499042.jpg,elliptical
499058.jpg,elliptical
499061.jpg,spiral
499145.jpg,elliptical
499147.jpg,spiral
499163.jpg,elliptical
499172.jpg,irregular
499181.jpg,elliptical
499198.jpg,elliptical
499208.jpg,elliptical
499233.jpg,elliptical
499262.jpg,elliptical
499263.jpg,spiral
499288.jpg,elliptical
499301.jpg,elliptical
499318.jpg,elliptical
499394.jpg,elliptical
499414.jpg,elliptical
499443.jpg,elliptical
499446.jpg,spiral
499450.jpg,irregular
499471.jpg,elliptical
499487.jpg,irregular
499499.jpg,elliptical
499522.jpg,irregular
499538.jpg,irregular
499567.jpg,elliptical
499579.jpg,elliptical
499594.jpg,elliptical
499620.jpg,irregular
499639.jpg,elliptical
499699.jpg,spiral
499701.jpg,spiral
499724.jpg,elliptical
499740.jpg,elliptical
499762.jpg,elliptical
499773.jpg,spiral
499799.jpg,irregular
499806.jpg,irregular
499833.jpg,elliptical
499836.jpg,elliptical
499854.jpg,spiral
499857.jpg,irregular
499861.jpg,elliptical
499871.jpg,irregular
499883.jpg,elliptical
499926.jpg,spiral
499970.jpg,spiral
500006.jpg,spiral
500009.jpg,elliptical
500029.jpg,elliptical
500036.jpg,elliptical
500101.jpg,elliptical
500117.jpg,elliptical
500192.jpg,spiral
500210.jpg,elliptical
500230.jpg,elliptical
500249.jpg,elliptical
500274.jpg,spiral
500275.jpg,elliptical
500311.jpg,elliptical
500322.jpg,elliptical
500344.jpg,irregular
500362.jpg,irregular
500378.jpg,spiral
500382.jpg,elliptical
500383.jpg,elliptical
500432.jpg,irregular
500438.jpg,irregular
500440.jpg,spiral
500487.jpg,spiral
500489.jpg,elliptical
500514.jpg,spiral
500567.jpg,irregular
500573.jpg,elliptical
500604.jpg,spiral
500613.jpg,elliptical
500684.jpg,irregular
500708.jpg,elliptical
500723.jpg,irregular
500735.jpg,elliptical
500744.jpg,irregular
500757.jpg,elliptical
500768.jpg,irregular
500789.jpg,elliptical
500796.jpg,elliptical
500807.jpg,elliptical
500921.jpg,elliptical
500929.jpg,elliptical
500954.jpg,spiral
501005.jpg,spiral
501006.jpg,elliptical
501019.jpg,spiral
501028.jpg,elliptical
501038.jpg,irregular
501042.jpg,elliptical
501059.jpg,irregular
501072.jpg,elliptical
501124.jpg,irregular
501129.jpg,elliptical
501148.jpg,elliptical
501162.jpg,elliptical
501177.jpg,elliptical
501201.jpg,elliptical
501258.jpg,elliptical
501275.jpg,spiral
501284.jpg,spiral
501305.jpg,elliptical
501336.jpg,elliptical
501339.jpg,irregular
501348.jpg,elliptical
501380.jpg,irregular
501391.jpg,irregular
501405.jpg,irregular
501406.jpg,elliptical
501428.jpg,elliptical
501449.jpg,irregular
501454.jpg,spiral
501474.jpg,elliptical
501485.jpg,elliptical
501489.jpg,elliptical
501493.jpg,elliptical
501536.jpg,spiral
501541.jpg,spiral
501549.jpg,elliptical
501552.jpg,elliptical
501605.jpg,irregular
501614.jpg,elliptical
501658.jpg,elliptical
501677.jpg,irregular
501684.jpg,elliptical
501716.jpg,spiral
501739.jpg,elliptical
501765.jpg,elliptical
501768.jpg,irregular
501840.jpg,elliptical
501878.jpg,irregular
501951.jpg,spiral
501990.jpg,elliptical
502002.jpg,elliptical
502019.jpg,spiral
502020.jpg,elliptical
502032.jpg,elliptical
502053.jpg,spiral
502077.jpg,elliptical
502138.jpg,elliptical
502175.jpg,elliptical
502229.jpg,elliptical
502237.jpg,irregular
502278.jpg,elliptical
502307.jpg,elliptical
502312.jpg,irregular
502317.jpg,elliptical
502320.jpg,elliptical
502321.jpg,spiral
502327.jpg,elliptical
502333.jpg,spiral
502348.jpg,spiral
502352.jpg,spiral
502367.jpg,irregular
502404.jpg,elliptical
502411.jpg,irregular
502429.jpg,elliptical
502472.jpg,spiral
502512.jpg,elliptical
502514.jpg,irregular
502545.jpg,elliptical
502553.jpg,elliptical
502605.jpg,elliptical
502615.jpg,elliptical
502649.jpg,elliptical
502696.jpg,elliptical
502721.jpg,elliptical
502774.jpg,elliptical
502781.jpg,irregular
502791.jpg,irregular
502832.jpg,elliptical
502845.jpg,spiral
502852.jpg,irregular
502862.jpg,elliptical
502887.jpg,spiral
502922.jpg,spiral
502962.jpg,elliptical
502983.jpg,irregular
502989.jpg,elliptical
502997.jpg,spiral
503012.jpg,elliptical
503013.jpg,elliptical
503018.jpg,elliptical
503024.jpg,elliptical
503033.jpg,elliptical
503037.jpg,elliptical
503042.jpg,spiral
503054.jpg,spiral
503059.jpg,elliptical
503072.jpg,spiral
503092.jpg,elliptical
503093.jpg,elliptical
503103.jpg,elliptical
503144.jpg,elliptical
503178.jpg,elliptical
503202.jpg,elliptical
503240.jpg,elliptical
503254.jpg,elliptical
503300.jpg,elliptical
503312.jpg,elliptical
503321.jpg,spiral
503329.jpg,elliptical
503339.jpg,elliptical
503392.jpg,spiral
503400.jpg,elliptical
503407.jpg,elliptical
503412.jpg,spiral
503420.jpg,elliptical
503442.jpg,elliptical
503474.jpg,elliptical
503475.jpg,elliptical
503499.jpg,spiral
503504.jpg,elliptical
503509.jpg,irregular
503586.jpg,irregular
503620.jpg,spiral
503651.jpg,elliptical
503665.jpg,elliptical
503669.jpg,elliptical
503673.jpg,spiral
503690.jpg,irregular
503699.jpg,elliptical
503704.jpg,elliptical
503748.jpg,elliptical
503769.jpg,spiral
503797.jpg,elliptical
503798.jpg,elliptical
503806.jpg,irregular
503813.jpg,elliptical
503853.jpg,elliptical
503861.jpg,spiral
503886.jpg,elliptical
503890.jpg,spiral
503907.jpg,elliptical
503918.jpg,elliptical
503936.jpg,spiral
503973.jpg,elliptical
503985.jpg,spiral
503998.jpg,irregular
504100.jpg,elliptical
504109.jpg,irregular
504187.jpg,irregular
504203.jpg,elliptical
504265.jpg,spiral
504331.jpg,elliptical
504344.jpg,spiral
504368.jpg,spiral
504376.jpg,elliptical
504407.jpg,elliptical
504420.jpg,elliptical
504478.jpg,spiral
504481.jpg,elliptical
504484.jpg,irregular
504510.jpg,elliptical
504526.jpg,spiral
504534.jpg,irregular
504543.jpg,elliptical
504616.jpg,irregular
504663.jpg,spiral
504676.jpg,elliptical
504697.jpg,elliptical
504702.jpg,elliptical
504706.jpg,elliptical
504707.jpg,elliptical
504717.jpg,irregular
504757.jpg,irregular
504762.jpg,elliptical
504808.jpg,spiral
504823.jpg,elliptical
504891.jpg,spiral
504913.jpg,irregular
504922.jpg,irregular
504928.jpg,irregular
504939.jpg,elliptical
504941.jpg,elliptical
504967.jpg,elliptical
504986.jpg,irregular
504988.jpg,elliptical
504996.jpg,elliptical
505001.jpg,spiral
505014.jpg,elliptical
505023.jpg,elliptical
505024.jpg,spiral
505042.jpg,spiral
505083.jpg,elliptical
505092.jpg,spiral
505125.jpg,elliptical
505172.jpg,irregular
505185.jpg,elliptical
505214.jpg,elliptical
505230.jpg,elliptical
505234.jpg,elliptical
505235.jpg,elliptical
505236.jpg,elliptical
505237.jpg,elliptical
505252.jpg,irregular
505302.jpg,elliptical
505396.jpg,irregular
505423.jpg,irregular
505455.jpg,elliptical
505480.jpg,elliptical
505588.jpg,elliptical
505626.jpg,elliptical
505646.jpg,irregular
505698.jpg,spiral
505701.jpg,elliptical
505714.jpg,elliptical
505715.jpg,elliptical
505735.jpg,elliptical
505750.jpg,irregular
505829.jpg,irregular
505830.jpg,elliptical
505840.jpg,irregular
505934.jpg,irregular
505950.jpg,elliptical
505953.jpg,irregular
505977.jpg,elliptical
505990.jpg,elliptical
506011.jpg,elliptical
506059.jpg,elliptical
506064.jpg,elliptical
506077.jpg,spiral
506081.jpg,elliptical
506084.jpg,elliptical
506085.jpg,elliptical
506148.jpg,elliptical
506158.jpg,spiral
506161.jpg,irregular
506190.jpg,elliptical
506202.jpg,elliptical
506212.jpg,irregular
506244.jpg,irregular
506250.jpg,irregular
506264.jpg,elliptical
506283.jpg,elliptical
506309.jpg,spiral
506313.jpg,elliptical
506321.jpg,elliptical
506329.jpg,spiral
506371.jpg,elliptical
506397.jpg,elliptical
506409.jpg,spiral
506424.jpg,elliptical
506513.jpg,spiral
506579.jpg,irregular
506589.jpg,elliptical
506661.jpg,irregular
506676.jpg,elliptical
506696.jpg,irregular
506712.jpg,elliptical
506809.jpg,elliptical
506814.jpg,spiral
506880.jpg,elliptical
506892.jpg,spiral
506896.jpg,elliptical
506916.jpg,elliptical
506931.jpg,elliptical
506932.jpg,elliptical
506970.jpg,spiral
507015.jpg,elliptical
507039.jpg,irregular
507102.jpg,elliptical
507108.jpg,elliptical
507121.jpg,irregular
507167.jpg,elliptical
507231.jpg,spiral
507248.jpg,irregular
507263.jpg,irregular
507277.jpg,spiral
507287.jpg,elliptical
507483.jpg,elliptical
507508.jpg,irregular
507509.jpg,elliptical
507514.jpg,elliptical
507526.jpg,elliptical
507543.jpg,elliptical
507582.jpg,spiral
507584.jpg,elliptical
507614.jpg,spiral
507631.jpg,elliptical
507643.jpg,elliptical
507674.jpg,elliptical
507678.jpg,elliptical
507703.jpg,elliptical
507730.jpg,elliptical
507827.jpg,spiral
507866.jpg,elliptical
507871.jpg,elliptical
507893.jpg,elliptical
507937.jpg,irregular
507964.jpg,elliptical
507973.jpg,spiral
508035.jpg,elliptical
508098.jpg,elliptical
508110.jpg,irregular
508121.jpg,elliptical
508142.jpg,spiral
508180.jpg,elliptical
508189.jpg,irregular
508225.jpg,spiral
508279.jpg,elliptical
508296.jpg,spiral
508310.jpg,elliptical
508317.jpg,spiral
508331.jpg,irregular
508336.jpg,spiral
508357.jpg,elliptical
508365.jpg,elliptical
508394.jpg,elliptical
508413.jpg,elliptical
508424.jpg,irregular
508442.jpg,elliptical
508473.jpg,elliptical
508479.jpg,elliptical
508480.jpg,elliptical
508502.jpg,elliptical
508503.jpg,spiral
508520.jpg,spiral
508523.jpg,elliptical
508557.jpg,elliptical
508567.jpg,elliptical
508682.jpg,irregular
508706.jpg,elliptical
508707.jpg,irregular
508711.jpg,irregular
508735.jpg,elliptical
508770.jpg,elliptical
508784.jpg,elliptical
508787.jpg,spiral
508833.jpg,spiral
508846.jpg,elliptical
508858.jpg,irregular
508863.jpg,elliptical
508877.jpg,elliptical
508879.jpg,elliptical
508945.jpg,elliptical
508948.jpg,elliptical
508967.jpg,irregular
509012.jpg,spiral
509059.jpg,irregular
509078.jpg,elliptical
509128.jpg,elliptical
509144.jpg,elliptical
509168.jpg,elliptical
509175.jpg,elliptical
509246.jpg,elliptical
509251.jpg,elliptical
509254.jpg,irregular
509260.jpg,elliptical
509264.jpg,spiral
509286.jpg,elliptical
509303.jpg,spiral
509329.jpg,elliptical
509360.jpg,spiral
509402.jpg,irregular
509428.jpg,irregular
509449.jpg,elliptical
509500.jpg,elliptical
509555.jpg,spiral
509574.jpg,elliptical
509611.jpg,elliptical
509616.jpg,spiral
509625.jpg,elliptical
509632.jpg,elliptical
509705.jpg,elliptical
509724.jpg,spiral
509759.jpg,elliptical
509777.jpg,elliptical
509787.jpg,spiral
509834.jpg,spiral
509862.jpg,elliptical
509922.jpg,irregular
510009.jpg,elliptical
510011.jpg,elliptical
510050.jpg,elliptical
510079.jpg,elliptical
510085.jpg,elliptical
510112.jpg,elliptical
510135.jpg,irregular
510175.jpg,spiral
510196.jpg,elliptical
510253.jpg,irregular
510270.jpg,elliptical
510280.jpg,spiral
510285.jpg,elliptical
510327.jpg,spiral
510337.jpg,elliptical
510398.jpg,elliptical
510411.jpg,elliptical
510416.jpg,elliptical
510430.jpg,spiral
510455.jpg,elliptical
510475.jpg,irregular
510480.jpg,spiral
510486.jpg,elliptical
510506.jpg,elliptical
510507.jpg,spiral
510560.jpg,spiral
510610.jpg,elliptical
510636.jpg,irregular
510717.jpg,elliptical
510722.jpg,elliptical
510726.jpg,spiral
510727.jpg,elliptical
510728.jpg,elliptical
510764.jpg,elliptical
510791.jpg,irregular
510792.jpg,elliptical
510805.jpg,irregular
510807.jpg,irregular
510830.jpg,irregular
510932.jpg,spiral
510939.jpg,elliptical
510951.jpg,spiral
510980.jpg,elliptical
510999.jpg,irregular
511003.jpg,spiral
511036.jpg,elliptical
511046.jpg,spiral
511049.jpg,irregular
511059.jpg,irregular
511076.jpg,irregular
511081.jpg,spiral
511095.jpg,elliptical
511117.jpg,spiral
511148.jpg,elliptical
511158.jpg,irregular
511161.jpg,irregular
511192.jpg,spiral
511208.jpg,elliptical
511244.jpg,elliptical
511343.jpg,elliptical
511348.jpg,elliptical
511361.jpg,spiral
511374.jpg,spiral
511378.jpg,elliptical
511434.jpg,spiral
511450.jpg,elliptical
511459.jpg,elliptical
511472.jpg,irregular
511532.jpg,elliptical
511539.jpg,irregular
511573.jpg,elliptical
511605.jpg,spiral
511612.jpg,elliptical
511620.jpg,elliptical
511624.jpg,elliptical
511625.jpg,elliptical
511653.jpg,elliptical
511676.jpg,elliptical
511707.jpg,irregular
511720.jpg,elliptical
511725.jpg,elliptical
511729.jpg,elliptical
511799.jpg,spiral
511800.jpg,spiral
511810.jpg,spiral
511830.jpg,elliptical
511837.jpg,elliptical
511884.jpg,elliptical
511918.jpg,irregular
511937.jpg,elliptical
511947.jpg,elliptical
512038.jpg,irregular
512051.jpg,spiral
512072.jpg,elliptical
512081.jpg,spiral
512091.jpg,elliptical
512094.jpg,irregular
512134.jpg,elliptical
512136.jpg,elliptical
512146.jpg,elliptical
512157.jpg,spiral
512162.jpg,irregular
512168.jpg,elliptical
512188.jpg,irregular
512201.jpg,spiral
512265.jpg,elliptical
512290.jpg,irregular
512307.jpg,elliptical
512312.jpg,elliptical
512369.jpg,irregular
512377.jpg,irregular
512397.jpg,elliptical
512418.jpg,elliptical
512454.jpg,elliptical
512456.jpg,irregular
512481.jpg,elliptical
512498.jpg,spiral
512503.jpg,elliptical
512512.jpg,elliptical
512571.jpg,spiral
512717.jpg,irregular
512753.jpg,spiral
512757.jpg,irregular
512830.jpg,spiral
512836.jpg,irregular
512860.jpg,elliptical
512864.jpg,elliptical
512879.jpg,elliptical
512893.jpg,irregular
512924.jpg,elliptical
512945.jpg,irregular
512996.jpg,elliptical
513052.jpg,irregular
513114.jpg,irregular
513118.jpg,elliptical
513120.jpg,irregular
513127.jpg,irregular
513142.jpg,irregular
513198.jpg,elliptical
513238.jpg,spiral
513242.jpg,elliptical
513243.jpg,elliptical
513245.jpg,elliptical
513256.jpg,elliptical
513266.jpg,elliptical
513302.jpg,spiral
513360.jpg,elliptical
513378.jpg,irregular
513411.jpg,elliptical
513420.jpg,elliptical
513431.jpg,elliptical
513466.jpg,elliptical
513513.jpg,elliptical
513520.jpg,spiral
513543.jpg,irregular
513546.jpg,spiral
513554.jpg,spiral
513556.jpg,irregular
513625.jpg,elliptical
513641.jpg,irregular
513689.jpg,elliptical
513694.jpg,elliptical
513748.jpg,elliptical
513758.jpg,elliptical
513780.jpg,irregular
513818.jpg,elliptical
513830.jpg,elliptical
513849.jpg,elliptical
513879.jpg,elliptical
513904.jpg,elliptical
513933.jpg,spiral
513998.jpg,irregular
514012.jpg,elliptical
514035.jpg,spiral
514047.jpg,elliptical
514060.jpg,spiral
514108.jpg,spiral
514109.jpg,spiral
514110.jpg,spiral
514112.jpg,irregular
514136.jpg,spiral
514160.jpg,elliptical
514182.jpg,elliptical
514188.jpg,elliptical
514228.jpg,irregular
514241.jpg,elliptical
514252.jpg,elliptical
514258.jpg,spiral
514288.jpg,irregular
514298.jpg,elliptical
514299.jpg,elliptical
514325.jpg,elliptical
514355.jpg,irregular
514365.jpg,elliptical
514369.jpg,elliptical
514392.jpg,spiral
514405.jpg,elliptical
514406.jpg,irregular
514407.jpg,elliptical
514413.jpg,elliptical
514424.jpg,elliptical
514443.jpg,elliptical
514455.jpg,spiral
514479.jpg,spiral
514511.jpg,irregular
514523.jpg,spiral
514526.jpg,elliptical
514612.jpg,spiral
514624.jpg,spiral
514628.jpg,irregular
514659.jpg,irregular
514669.jpg,elliptical
514696.jpg,irregular
514701.jpg,irregular
514762.jpg,spiral
514764.jpg,elliptical
514775.jpg,spiral
514776.jpg,spiral
514781.jpg,elliptical
514803.jpg,elliptical
514810.jpg,elliptical
514846.jpg,elliptical
514847.jpg,spiral
514899.jpg,elliptical
514920.jpg,spiral
514930.jpg,elliptical
514957.jpg,elliptical
515036.jpg,spiral
515060.jpg,irregular
515098.jpg,elliptical
515102.jpg,elliptical
515105.jpg,spiral
515107.jpg,irregular
515124.jpg,irregular
515131.jpg,elliptical
515154.jpg,elliptical
515168.jpg,spiral
515198.jpg,elliptical
515240.jpg,elliptical
515249.jpg,elliptical
515260.jpg,spiral
515261.jpg,spiral
515284.jpg,elliptical
515300.jpg,spiral
515354.jpg,irregular
515370.jpg,elliptical
515386.jpg,elliptical
515388.jpg,elliptical
515401.jpg,elliptical
515441.jpg,elliptical
515500.jpg,elliptical
515510.jpg,elliptical
515519.jpg,spiral
515534.jpg,elliptical
515553.jpg,spiral
515556.jpg,irregular
515594.jpg,spiral
515608.jpg,spiral
515623.jpg,spiral
515631.jpg,elliptical
515684.jpg,elliptical
515691.jpg,elliptical
515728.jpg,elliptical
515771.jpg,irregular
515795.jpg,elliptical
515817.jpg,irregular
515818.jpg,elliptical
515822.jpg,spiral
515840.jpg,spiral
515864.jpg,spiral
515911.jpg,spiral
515924.jpg,spiral
515929.jpg,spiral
515971.jpg,elliptical
515978.jpg,elliptical
516016.jpg,spiral
516030.jpg,irregular
516064.jpg,spiral
516070.jpg,spiral
516159.jpg,elliptical
516174.jpg,elliptical
516184.jpg,spiral
516188.jpg,elliptical
516226.jpg,elliptical
516248.jpg,irregular
516271.jpg,elliptical
516276.jpg,elliptical
516322.jpg,spiral
516360.jpg,spiral
516382.jpg,elliptical
516387.jpg,irregular
516397.jpg,elliptical
516411.jpg,elliptical
516417.jpg,spiral
516425.jpg,irregular
516453.jpg,spiral
516465.jpg,elliptical
516472.jpg,elliptical
516497.jpg,irregular
516498.jpg,irregular
516508.jpg,elliptical
516518.jpg,elliptical
516530.jpg,elliptical
516574.jpg,elliptical
516579.jpg,irregular
516632.jpg,elliptical
516648.jpg,elliptical
516654.jpg,elliptical
516678.jpg,elliptical
516693.jpg,spiral
516719.jpg,elliptical
516747.jpg,spiral
516751.jpg,irregular
516759.jpg,elliptical
516785.jpg,spiral
516792.jpg,elliptical
516815.jpg,elliptical
516839.jpg,elliptical
516851.jpg,elliptical
516857.jpg,elliptical
516900.jpg,spiral
516949.jpg,elliptical
516988.jpg,elliptical
517012.jpg,elliptical
517026.jpg,elliptical
517059.jpg,spiral
517069.jpg,irregular
517075.jpg,spiral
517084.jpg,spiral
517088.jpg,irregular
517130.jpg,spiral
517158.jpg,irregular
517162.jpg,irregular
517216.jpg,elliptical
517233.jpg,irregular
517250.jpg,irregular
517264.jpg,elliptical
517270.jpg,spiral
517283.jpg,elliptical
517317.jpg,elliptical
517340.jpg,spiral
517395.jpg,elliptical
517410.jpg,irregular
517442.jpg,elliptical
517455.jpg,spiral
517461.jpg,spiral
517493.jpg,elliptical
517522.jpg,elliptical
517528.jpg,spiral
517549.jpg,elliptical
517550.jpg,elliptical
517558.jpg,irregular
517579.jpg,spiral
517603.jpg,elliptical
517641.jpg,irregular
517692.jpg,elliptical
517743.jpg,elliptical
517771.jpg,elliptical
517794.jpg,elliptical
517810.jpg,irregular
517839.jpg,elliptical
517841.jpg,elliptical
517872.jpg,irregular
517903.jpg,irregular
518008.jpg,elliptical
518039.jpg,irregular
518070.jpg,elliptical
518097.jpg,spiral
518111.jpg,irregular
518122.jpg,elliptical
518132.jpg,elliptical
518151.jpg,irregular
518178.jpg,elliptical
518186.jpg,elliptical
518210.jpg,spiral
518239.jpg,irregular
518252.jpg,spiral
518269.jpg,spiral
518297.jpg,irregular
518305.jpg,spiral
518310.jpg,elliptical
518367.jpg,irregular
518413.jpg,elliptical
518448.jpg,elliptical
518455.jpg,irregular
518483.jpg,spiral
518489.jpg,spiral
518507.jpg,elliptical
518511.jpg,elliptical
518527.jpg,elliptical
518531.jpg,spiral
518569.jpg,elliptical
518579.jpg,elliptical
518614.jpg,irregular
518630.jpg,irregular
518654.jpg,elliptical
518673.jpg,elliptical
518678.jpg,elliptical
518704.jpg,elliptical
518740.jpg,irregular
518752.jpg,spiral
518775.jpg,elliptical
518798.jpg,elliptical
518835.jpg,elliptical
518858.jpg,elliptical
518938.jpg,elliptical
518977.jpg,irregular
518978.jpg,elliptical
518999.jpg,elliptical
519001.jpg,elliptical
519048.jpg,elliptical
519051.jpg,spiral
519077.jpg,irregular
519081.jpg,elliptical
519083.jpg,elliptical
519093.jpg,spiral
519108.jpg,irregular
519148.jpg,spiral
519156.jpg,spiral
519185.jpg,elliptical
519187.jpg,irregular
519205.jpg,spiral
519208.jpg,spiral
519214.jpg,irregular
519243.jpg,elliptical
519256.jpg,irregular
519271.jpg,irregular
519286.jpg,elliptical
519300.jpg,elliptical
519342.jpg,spiral
519380.jpg,elliptical
519391.jpg,elliptical
519392.jpg,elliptical
519472.jpg,irregular
519512.jpg,elliptical
519524.jpg,irregular
519535.jpg,irregular
519566.jpg,irregular
519575.jpg,elliptical
519584.jpg,elliptical
519597.jpg,irregular
519603.jpg,elliptical
519616.jpg,spiral
519723.jpg,elliptical
519733.jpg,spiral
519749.jpg,elliptical
519759.jpg,elliptical
519785.jpg,irregular
519799.jpg,elliptical
519810.jpg,elliptical
519816.jpg,elliptical
519819.jpg,elliptical
519820.jpg,spiral
519828.jpg,elliptical
519844.jpg,irregular
519849.jpg,elliptical
519850.jpg,elliptical
519853.jpg,irregular
519865.jpg,irregular
519886.jpg,elliptical
519900.jpg,spiral
519967.jpg,elliptical
519968.jpg,elliptical
519995.jpg,elliptical
520017.jpg,elliptical
520035.jpg,elliptical
520051.jpg,elliptical
520092.jpg,spiral
520112.jpg,elliptical
520128.jpg,spiral
520132.jpg,elliptical
520156.jpg,spiral
520162.jpg,spiral
520163.jpg,elliptical
520199.jpg,irregular
520218.jpg,irregular
520234.jpg,irregular
520246.jpg,irregular
520283.jpg,elliptical
520346.jpg,spiral
520394.jpg,elliptical
520410.jpg,elliptical
520428.jpg,irregular
520459.jpg,spiral
520530.jpg,elliptical
520603.jpg,elliptical
520612.jpg,elliptical
520678.jpg,elliptical
520681.jpg,elliptical
520683.jpg,spiral
520757.jpg,elliptical
520761.jpg,irregular
520764.jpg,elliptical
520787.jpg,elliptical
520800.jpg,irregular
520805.jpg,elliptical
520817.jpg,elliptical
520826.jpg,elliptical
520848.jpg,spiral
520866.jpg,spiral
520889.jpg,spiral
520911.jpg,irregular
520917.jpg,elliptical
520920.jpg,elliptical
520944.jpg,elliptical
521002.jpg,irregular
521006.jpg,elliptical
521039.jpg,irregular
521065.jpg,elliptical
521096.jpg,elliptical
521125.jpg,elliptical
521132.jpg,elliptical
521190.jpg,elliptical
521200.jpg,spiral
521206.jpg,irregular
521223.jpg,elliptical
521246.jpg,irregular
521309.jpg,elliptical
521311.jpg,spiral
521357.jpg,irregular
521361.jpg,elliptical
521367.jpg,elliptical
521405.jpg,irregular
521414.jpg,elliptical
521469.jpg,elliptical
521470.jpg,elliptical
521471.jpg,elliptical
521492.jpg,elliptical
521513.jpg,elliptical
521560.jpg,spiral
521640.jpg,elliptical
521668.jpg,elliptical
521670.jpg,spiral
521676.jpg,elliptical
521712.jpg,spiral
521756.jpg,irregular
521775.jpg,elliptical
521804.jpg,spiral
521817.jpg,elliptical
521849.jpg,irregular
521852.jpg,elliptical
521880.jpg,spiral
521884.jpg,irregular
521887.jpg,elliptical
521904.jpg,elliptical
521910.jpg,elliptical
521921.jpg,elliptical
521931.jpg,spiral
521950.jpg,elliptical
521963.jpg,elliptical
521977.jpg,elliptical
521983.jpg,spiral
522006.jpg,irregular
522020.jpg,spiral
522026.jpg,irregular
522041.jpg,spiral
522047.jpg,elliptical
522086.jpg,spiral
522097.jpg,elliptical
522152.jpg,elliptical
522163.jpg,elliptical
522176.jpg,elliptical
522196.jpg,irregular
522216.jpg,elliptical
522217.jpg,irregular
522220.jpg,irregular
522229.jpg,irregular
522247.jpg,elliptical
522268.jpg,elliptical
522318.jpg,spiral
522349.jpg,spiral
522377.jpg,irregular
522387.jpg,elliptical
522396.jpg,irregular
522407.jpg,elliptical
522438.jpg,elliptical
522441.jpg,elliptical
522463.jpg,elliptical
522469.jpg,spiral
522477.jpg,elliptical
522501.jpg,elliptical
522532.jpg,elliptical
522550.jpg,elliptical
522598.jpg,elliptical
522602.jpg,elliptical
522603.jpg,elliptical
522655.jpg,elliptical
522662.jpg,elliptical
522683.jpg,elliptical
522686.jpg,elliptical
522694.jpg,spiral
522696.jpg,elliptical
522709.jpg,elliptical
522734.jpg,elliptical
522750.jpg,spiral
522752.jpg,irregular
522763.jpg,elliptical
522770.jpg,elliptical
522780.jpg,irregular
522798.jpg,spiral
522802.jpg,spiral
522835.jpg,elliptical
522862.jpg,spiral
522873.jpg,spiral
522882.jpg,elliptical
522888.jpg,elliptical
522922.jpg,irregular
522931.jpg,irregular
522937.jpg,elliptical
522952.jpg,elliptical
522959.jpg,spiral
522961.jpg,elliptical
522967.jpg,irregular
522991.jpg,elliptical
523037.jpg,spiral
523178.jpg,elliptical
523199.jpg,elliptical
523245.jpg,irregular
523284.jpg,elliptical
523368.jpg,irregular
523475.jpg,elliptical
523496.jpg,elliptical
523499.jpg,irregular
523507.jpg,elliptical
523529.jpg,elliptical
523554.jpg,spiral
523557.jpg,elliptical
523566.jpg,elliptical
523579.jpg,elliptical
523619.jpg,elliptical
523638.jpg,elliptical
523656.jpg,elliptical
523658.jpg,irregular
523699.jpg,elliptical
523716.jpg,irregular
523720.jpg,irregular
523721.jpg,elliptical
523728.jpg,elliptical
523759.jpg,elliptical
523786.jpg,elliptical
523820.jpg,irregular
523832.jpg,elliptical
523870.jpg,elliptical
523876.jpg,spiral
523878.jpg,irregular
523913.jpg,elliptical
523918.jpg,elliptical
523936.jpg,elliptical
523990.jpg,irregular
523997.jpg,irregular
524008.jpg,spiral
524020.jpg,spiral
524025.jpg,elliptical
524093.jpg,elliptical
524106.jpg,elliptical
524120.jpg,spiral
524123.jpg,elliptical
524164.jpg,spiral
524165.jpg,elliptical
524170.jpg,irregular
524194.jpg,spiral
524236.jpg,elliptical
524244.jpg,elliptical
524249.jpg,spiral
524258.jpg,elliptical
524267.jpg,elliptical
524279.jpg,irregular
524324.jpg,elliptical
524335.jpg,spiral
524343.jpg,irregular
524347.jpg,spiral
524354.jpg,irregular
524361.jpg,elliptical
524365.jpg,elliptical
524366.jpg,elliptical
524393.jpg,spiral
524419.jpg,elliptical
524495.jpg,irregular
524497.jpg,elliptical
524527.jpg,irregular
524560.jpg,irregular
524576.jpg,elliptical
524590.jpg,elliptical
524609.jpg,elliptical
524611.jpg,elliptical
524645.jpg,elliptical
524655.jpg,irregular
524673.jpg,elliptical
524681.jpg,spiral
524693.jpg,elliptical
524743.jpg,elliptical
524749.jpg,elliptical
524767.jpg,elliptical
524776.jpg,irregular
524831.jpg,irregular
524838.jpg,irregular
524874.jpg,elliptical
524886.jpg,spiral
524893.jpg,irregular
524896.jpg,spiral
524942.jpg,irregular
524982.jpg,irregular
524990.jpg,irregular
524995.jpg,elliptical
525011.jpg,elliptical
525021.jpg,elliptical
525037.jpg,elliptical
525044.jpg,elliptical
525064.jpg,elliptical
525066.jpg,irregular
525093.jpg,spiral
525109.jpg,elliptical
525156.jpg,elliptical
525167.jpg,irregular
525171.jpg,spiral
525177.jpg,elliptical
525203.jpg,elliptical
525275.jpg,spiral
525280.jpg,spiral
525282.jpg,elliptical
525304.jpg,elliptical
525318.jpg,elliptical
525362.jpg,elliptical
525376.jpg,elliptical
525386.jpg,spiral
525413.jpg,elliptical
525415.jpg,elliptical
525422.jpg,elliptical
525497.jpg,spiral
525512.jpg,elliptical
525541.jpg,elliptical
525563.jpg,elliptical
525581.jpg,spiral
525584.jpg,elliptical
525588.jpg,spiral
525591.jpg,spiral
525700.jpg,elliptical
525702.jpg,elliptical
525707.jpg,elliptical
525709.jpg,elliptical
525800.jpg,elliptical
525802.jpg,elliptical
525822.jpg,elliptical
525864.jpg,elliptical
525869.jpg,irregular
525875.jpg,elliptical
525910.jpg,spiral
525919.jpg,irregular
525947.jpg,spiral
525983.jpg,spiral
525988.jpg,elliptical
526002.jpg,elliptical
526006.jpg,elliptical
526018.jpg,spiral
526053.jpg,irregular
526090.jpg,irregular
526131.jpg,irregular
526135.jpg,irregular
526137.jpg,elliptical
526214.jpg,elliptical
526234.jpg,elliptical
526283.jpg,elliptical
526309.jpg,elliptical
526314.jpg,irregular
526330.jpg,elliptical
526332.jpg,irregular
526370.jpg,spiral
526399.jpg,elliptical
526431.jpg,irregular
526433.jpg,elliptical
526441.jpg,irregular
526446.jpg,elliptical
526457.jpg,elliptical
526458.jpg,elliptical
526464.jpg,elliptical
526514.jpg,spiral
526518.jpg,elliptical
526550.jpg,elliptical
526551.jpg,irregular
526557.jpg,elliptical
526569.jpg,elliptical
526602.jpg,spiral
526617.jpg,elliptical
526633.jpg,irregular
526636.jpg,irregular
526641.jpg,elliptical
526660.jpg,spiral
526697.jpg,irregular
526729.jpg,spiral
526743.jpg,irregular
526746.jpg,spiral
526779.jpg,elliptical
526785.jpg,elliptical
526793.jpg,spiral
526815.jpg,elliptical
526817.jpg,elliptical
526824.jpg,elliptical
526883.jpg,elliptical
526894.jpg,elliptical
526913.jpg,elliptical
526924.jpg,spiral
526957.jpg,elliptical
526964.jpg,elliptical
527024.jpg,elliptical
527073.jpg,elliptical
527085.jpg,irregular
527091.jpg,spiral
527097.jpg,elliptical
527115.jpg,spiral
527251.jpg,elliptical
527265.jpg,elliptical
527266.jpg,irregular
527311.jpg,elliptical
527328.jpg,spiral
527334.jpg,irregular
527363.jpg,irregular
527372.jpg,irregular
527389.jpg,irregular
527397.jpg,elliptical
527415.jpg,irregular
527463.jpg,elliptical
527476.jpg,elliptical
527497.jpg,elliptical
527517.jpg,elliptical
527543.jpg,irregular
527574.jpg,spiral
527578.jpg,elliptical
527615.jpg,elliptical
527622.jpg,elliptical
527633.jpg,elliptical
527634.jpg,elliptical
527654.jpg,spiral
527706.jpg,spiral
527711.jpg,elliptical
527723.jpg,irregular
527725.jpg,irregular
527729.jpg,elliptical
527770.jpg,irregular
527800.jpg,irregular
527814.jpg,elliptical
527818.jpg,irregular
527842.jpg,elliptical
527888.jpg,irregular
527890.jpg,elliptical
527915.jpg,elliptical
527918.jpg,irregular
527932.jpg,irregular
527972.jpg,elliptical
528029.jpg,elliptical
528038.jpg,spiral
528046.jpg,elliptical
528048.jpg,elliptical
528107.jpg,elliptical
528149.jpg,elliptical
528174.jpg,elliptical
528175.jpg,spiral
528189.jpg,elliptical
528209.jpg,irregular
528212.jpg,elliptical
528221.jpg,irregular
528262.jpg,irregular
528294.jpg,irregular
528296.jpg,spiral
528376.jpg,elliptical
528385.jpg,elliptical
528438.jpg,elliptical
528455.jpg,elliptical
528467.jpg,spiral
528472.jpg,spiral
528474.jpg,spiral
528495.jpg,elliptical
528550.jpg,irregular
528616.jpg,elliptical
528649.jpg,elliptical
528650.jpg,spiral
528666.jpg,elliptical
528674.jpg,spiral
528683.jpg,elliptical
528706.jpg,spiral
528720.jpg,spiral
528721.jpg,irregular
528753.jpg,elliptical
528823.jpg,irregular
528846.jpg,elliptical
528853.jpg,elliptical
528858.jpg,irregular
528860.jpg,spiral
528878.jpg,spiral
528882.jpg,elliptical
528933.jpg,elliptical
528955.jpg,elliptical
528978.jpg,spiral
528988.jpg,irregular
529010.jpg,elliptical
529020.jpg,elliptical
529063.jpg,irregular
529086.jpg,spiral
529087.jpg,elliptical
529093.jpg,elliptical
529135.jpg,spiral
529157.jpg,elliptical
529174.jpg,elliptical
529184.jpg,elliptical
529211.jpg,elliptical
529215.jpg,irregular
529282.jpg,spiral
529289.jpg,spiral
529300.jpg,irregular
529312.jpg,spiral
529319.jpg,spiral
529338.jpg,elliptical
529340.jpg,elliptical
529344.jpg,irregular
529361.jpg,elliptical
529369.jpg,spiral
529397.jpg,elliptical
529415.jpg,elliptical
529452.jpg,elliptical
529459.jpg,elliptical
529486.jpg,spiral
529549.jpg,elliptical
529576.jpg,irregular
529577.jpg,spiral
529587.jpg,spiral
529612.jpg,elliptical
529638.jpg,irregular
529651.jpg,elliptical
529652.jpg,spiral
529670.jpg,elliptical
529674.jpg,elliptical
529691.jpg,elliptical
529727.jpg,elliptical
529731.jpg,spiral
529740.jpg,spiral
529768.jpg,elliptical
529775.jpg,spiral
529808.jpg,elliptical
529899.jpg,spiral
529936.jpg,irregular
529963.jpg,elliptical
529987.jpg,elliptical
530029.jpg,elliptical
530033.jpg,elliptical
530084.jpg,irregular
530113.jpg,spiral
530162.jpg,elliptical
530165.jpg,elliptical
530169.jpg,elliptical
530194.jpg,elliptical
530216.jpg,elliptical
530233.jpg,spiral
530256.jpg,spiral
530263.jpg,elliptical
530280.jpg,elliptical
530291.jpg,irregular
530309.jpg,irregular
530369.jpg,irregular
530397.jpg,elliptical
530419.jpg,spiral
530441.jpg,irregular
530477.jpg,elliptical
530527.jpg,elliptical
530528.jpg,spiral
530577.jpg,elliptical
530589.jpg,elliptical
530597.jpg,spiral
530601.jpg,elliptical
530658.jpg,irregular
530692.jpg,elliptical
530701.jpg,elliptical
530750.jpg,elliptical
530778.jpg,irregular
530799.jpg,irregular
530833.jpg,elliptical
530834.jpg,elliptical
530842.jpg,spiral
530859.jpg,elliptical
530899.jpg,spiral
530946.jpg,spiral
530949.jpg,irregular
530978.jpg,irregular
531053.jpg,elliptical
531095.jpg,irregular
531125.jpg,elliptical
531141.jpg,irregular
531151.jpg,elliptical
531155.jpg,irregular
531165.jpg,elliptical
531195.jpg,elliptical
531249.jpg,elliptical
531300.jpg,elliptical
531325.jpg,elliptical
531345.jpg,spiral
531359.jpg,elliptical
531363.jpg,irregular
531391.jpg,elliptical
531410.jpg,spiral
531422.jpg,irregular
531426.jpg,elliptical
531435.jpg,irregular
531452.jpg,elliptical
531462.jpg,elliptical
531501.jpg,elliptical
531508.jpg,elliptical
531514.jpg,elliptical
531516.jpg,irregular
531517.jpg,elliptical
531568.jpg,elliptical
531575.jpg,elliptical
531606.jpg,irregular
531613.jpg,spiral
531618.jpg,irregular
531632.jpg,elliptical
531670.jpg,elliptical
531679.jpg,elliptical
531688.jpg,elliptical
531695.jpg,elliptical
531747.jpg,elliptical
531765.jpg,elliptical
531817.jpg,elliptical
531825.jpg,irregular
531861.jpg,elliptical
531900.jpg,elliptical
531918.jpg,spiral
531944.jpg,elliptical
531946.jpg,elliptical
531984.jpg,elliptical
532059.jpg,elliptical
532127.jpg,irregular
532141.jpg,irregular
532152.jpg,irregular
532174.jpg,irregular
532180.jpg,elliptical
532240.jpg,elliptical
532248.jpg,elliptical
532263.jpg,elliptical
532268.jpg,elliptical
532296.jpg,elliptical
532298.jpg,irregular
532301.jpg,irregular
532331.jpg,elliptical
532370.jpg,spiral
532373.jpg,elliptical
532417.jpg,spiral
532459.jpg,irregular
532511.jpg,elliptical
532525.jpg,spiral
532570.jpg,spiral
532591.jpg,irregular
532608.jpg,elliptical
532657.jpg,elliptical
532680.jpg,elliptical
532744.jpg,elliptical
532760.jpg,elliptical
532763.jpg,irregular
532791.jpg,elliptical
532828.jpg,elliptical
532838.jpg,elliptical
532847.jpg,elliptical
532851.jpg,elliptical
532880.jpg,spiral
532918.jpg,elliptical
532920.jpg,spiral
532936.jpg,spiral
532940.jpg,irregular
532944.jpg,spiral
532946.jpg,irregular
532966.jpg,elliptical
532974.jpg,elliptical
532994.jpg,elliptical
533005.jpg,elliptical
533011.jpg,irregular
533018.jpg,elliptical
533032.jpg,elliptical
533035.jpg,elliptical
533077.jpg,elliptical
533109.jpg,elliptical
533123.jpg,elliptical
533148.jpg,elliptical
533150.jpg,spiral
533177.jpg,spiral
533199.jpg,elliptical
533303.jpg,elliptical
533323.jpg,elliptical
533324.jpg,elliptical
533333.jpg,elliptical
533357.jpg,irregular
533378.jpg,elliptical
533400.jpg,irregular
533419.jpg,elliptical
533425.jpg,elliptical
533495.jpg,elliptical
533529.jpg,elliptical
533531.jpg,elliptical
533549.jpg,spiral
533559.jpg,elliptical
533574.jpg,irregular
533597.jpg,spiral
533632.jpg,irregular
533655.jpg,irregular
533697.jpg,spiral
533756.jpg,elliptical
533767.jpg,elliptical
533790.jpg,irregular
533809.jpg,irregular
533826.jpg,elliptical
533877.jpg,elliptical
533885.jpg,spiral
533924.jpg,elliptical
533938.jpg,spiral
533969.jpg,elliptical
534004.jpg,irregular
534043.jpg,elliptical
534072.jpg,irregular
534074.jpg,spiral
534078.jpg,spiral
534086.jpg,elliptical
534089.jpg,elliptical
534095.jpg,irregular
534096.jpg,irregular
534107.jpg,elliptical
534138.jpg,irregular
534164.jpg,spiral
534208.jpg,irregular
534227.jpg,elliptical
534243.jpg,spiral
534249.jpg,elliptical
534266.jpg,elliptical
534291.jpg,irregular
534309.jpg,spiral
534321.jpg,elliptical
534331.jpg,elliptical
534356.jpg,spiral
534371.jpg,elliptical
534479.jpg,elliptical
534513.jpg,elliptical
534558.jpg,irregular
534587.jpg,spiral
534618.jpg,elliptical
534655.jpg,elliptical
534676.jpg,elliptical
534738.jpg,irregular
534754.jpg,irregular
534763.jpg,irregular
534773.jpg,elliptical
534795.jpg,elliptical
534803.jpg,elliptical
534806.jpg,spiral
534814.jpg,irregular
534819.jpg,elliptical
534827.jpg,elliptical
534873.jpg,irregular
534903.jpg,elliptical
534922.jpg,irregular
534937.jpg,spiral
534981.jpg,elliptical
535020.jpg,elliptical
535057.jpg,irregular
535062.jpg,elliptical
535075.jpg,elliptical
535080.jpg,elliptical
535103.jpg,spiral
535127.jpg,irregular
535135.jpg,elliptical
535144.jpg,irregular
535167.jpg,spiral
535234.jpg,irregular
535251.jpg,elliptical
535319.jpg,spiral
535322.jpg,spiral
535323.jpg,elliptical
535327.jpg,irregular
535339.jpg,elliptical
535406.jpg,elliptical
535444.jpg,irregular
535446.jpg,elliptical
535450.jpg,elliptical
535466.jpg,elliptical
535483.jpg,spiral
535499.jpg,spiral
535569.jpg,elliptical
535580.jpg,elliptical
535587.jpg,elliptical
535678.jpg,irregular
535701.jpg,elliptical
535720.jpg,elliptical
535735.jpg,elliptical
535810.jpg,irregular
535886.jpg,irregular
535888.jpg,elliptical
535902.jpg,spiral
535913.jpg,irregular
535918.jpg,elliptical
536004.jpg,elliptical
536050.jpg,spiral
536055.jpg,elliptical
536067.jpg,elliptical
536094.jpg,elliptical
536105.jpg,elliptical
536124.jpg,elliptical
536141.jpg,elliptical
536171.jpg,elliptical
536186.jpg,spiral
536198.jpg,elliptical
536222.jpg,elliptical
536308.jpg,elliptical
536350.jpg,elliptical
536382.jpg,spiral
536413.jpg,elliptical
536429.jpg,irregular
536438.jpg,spiral
536510.jpg,elliptical
536538.jpg,elliptical
536545.jpg,elliptical
536585.jpg,elliptical
536591.jpg,elliptical
536621.jpg,spiral
536636.jpg,elliptical
536641.jpg,spiral
536652.jpg,irregular
536721.jpg,elliptical
536731.jpg,irregular
536779.jpg,irregular
536807.jpg,irregular
536810.jpg,spiral
536821.jpg,spiral
536832.jpg,elliptical
536845.jpg,spiral
536858.jpg,spiral
536862.jpg,elliptical
536899.jpg,irregular
536970.jpg,elliptical
536978.jpg,spiral
537023.jpg,irregular
537077.jpg,elliptical
537092.jpg,irregular
537099.jpg,elliptical
537131.jpg,elliptical
537165.jpg,spiral
537181.jpg,elliptical
537211.jpg,spiral
537226.jpg,spiral
537250.jpg,spiral
537284.jpg,spiral
537309.jpg,elliptical
537349.jpg,irregular
537357.jpg,elliptical
537363.jpg,spiral
537398.jpg,spiral
537418.jpg,spiral
537422.jpg,spiral
537435.jpg,elliptical
537469.jpg,elliptical
537470.jpg,irregular
537490.jpg,elliptical
537497.jpg,elliptical
537508.jpg,irregular
537570.jpg,spiral
537586.jpg,irregular
537664.jpg,elliptical
537748.jpg,elliptical
537751.jpg,irregular
537766.jpg,elliptical
537797.jpg,elliptical
537811.jpg,elliptical
537843.jpg,spiral
537892.jpg,irregular
537912.jpg,elliptical
537975.jpg,elliptical
537980.jpg,elliptical
537996.jpg,irregular
538004.jpg,elliptical
538012.jpg,spiral
538028.jpg,elliptical
538059.jpg,spiral
538072.jpg,elliptical
538100.jpg,irregular
538106.jpg,spiral
538129.jpg,spiral
538221.jpg,spiral
538228.jpg,elliptical
538233.jpg,spiral
538246.jpg,elliptical
538251.jpg,irregular
538306.jpg,irregular
538317.jpg,irregular
538318.jpg,irregular
538377.jpg,elliptical
538379.jpg,elliptical
538386.jpg,irregular
538396.jpg,irregular
538433.jpg,elliptical
538440.jpg,elliptical
538456.jpg,elliptical
538465.jpg,spiral
538490.jpg,elliptical
538539.jpg,elliptical
538561.jpg,elliptical
538578.jpg,irregular
538614.jpg,elliptical
538681.jpg,spiral
538694.jpg,elliptical
538717.jpg,elliptical
538781.jpg,elliptical
538887.jpg,spiral
538889.jpg,irregular
538946.jpg,spiral
538980.jpg,irregular
538981.jpg,spiral
538991.jpg,irregular
539088.jpg,elliptical
539093.jpg,elliptical
539113.jpg,elliptical
539158.jpg,elliptical
539178.jpg,elliptical
539225.jpg,spiral
539274.jpg,elliptical
539339.jpg,elliptical
539357.jpg,elliptical
539370.jpg,spiral
539375.jpg,elliptical
539423.jpg,irregular
539491.jpg,elliptical
539498.jpg,elliptical
539544.jpg,elliptical
539574.jpg,elliptical
539584.jpg,elliptical
539589.jpg,elliptical
539651.jpg,spiral
539668.jpg,spiral
539676.jpg,elliptical
539679.jpg,elliptical
539738.jpg,spiral
539743.jpg,spiral
539790.jpg,elliptical
539835.jpg,spiral
539847.jpg,spiral
539855.jpg,irregular
539912.jpg,elliptical
539954.jpg,elliptical
539957.jpg,elliptical
539970.jpg,spiral
539978.jpg,spiral
539989.jpg,spiral
540009.jpg,irregular
540034.jpg,elliptical
540047.jpg,elliptical
540062.jpg,elliptical
540113.jpg,elliptical
540158.jpg,spiral
540170.jpg,spiral
540188.jpg,elliptical
540193.jpg,irregular
540207.jpg,irregular
540234.jpg,elliptical
540239.jpg,elliptical
540265.jpg,elliptical
540331.jpg,spiral
540341.jpg,spiral
540356.jpg,elliptical
540370.jpg,irregular
540389.jpg,spiral
540446.jpg,elliptical
540451.jpg,irregular
540466.jpg,elliptical
540469.jpg,elliptical
540473.jpg,spiral
540480.jpg,irregular
540545.jpg,elliptical
540588.jpg,elliptical
540589.jpg,spiral
540612.jpg,irregular
540615.jpg,irregular
540623.jpg,elliptical
540629.jpg,spiral
540661.jpg,spiral
540708.jpg,elliptical
540711.jpg,elliptical
540719.jpg,spiral
540724.jpg,elliptical
540730.jpg,irregular
540766.jpg,elliptical
540773.jpg,elliptical
540822.jpg,irregular
540825.jpg,elliptical
540880.jpg,elliptical
540897.jpg,irregular
540932.jpg,elliptical
540940.jpg,elliptical
540947.jpg,elliptical
540957.jpg,elliptical
540965.jpg,irregular
541004.jpg,elliptical
541024.jpg,elliptical
541106.jpg,elliptical
541108.jpg,elliptical
541125.jpg,spiral
541127.jpg,elliptical
541145.jpg,irregular
541155.jpg,elliptical
541158.jpg,elliptical
541177.jpg,irregular
541183.jpg,elliptical
541199.jpg,elliptical
541234.jpg,spiral
541281.jpg,elliptical
541294.jpg,irregular
541300.jpg,spiral
541329.jpg,spiral
541344.jpg,elliptical
541446.jpg,elliptical
541451.jpg,elliptical
541454.jpg,spiral
541477.jpg,elliptical
541520.jpg,elliptical
541525.jpg,irregular
541550.jpg,elliptical
541552.jpg,irregular
541585.jpg,elliptical
541592.jpg,elliptical
541596.jpg,elliptical
541612.jpg,elliptical
541639.jpg,spiral
541642.jpg,elliptical
541651.jpg,elliptical
541656.jpg,spiral
541667.jpg,elliptical
541668.jpg,irregular
541671.jpg,spiral
541676.jpg,elliptical
541707.jpg,elliptical
541721.jpg,elliptical
541746.jpg,spiral
541761.jpg,irregular
541765.jpg,spiral
541769.jpg,spiral
541778.jpg,elliptical
541784.jpg,elliptical
541838.jpg,irregular
541848.jpg,elliptical
541875.jpg,irregular
541908.jpg,elliptical
541916.jpg,elliptical
541917.jpg,spiral
541942.jpg,spiral
541975.jpg,spiral
541977.jpg,elliptical
541992.jpg,irregular
542033.jpg,elliptical
542046.jpg,elliptical
542071.jpg,elliptical
542082.jpg,spiral
542100.jpg,elliptical
542104.jpg,irregular
542153.jpg,irregular
542162.jpg,spiral
542186.jpg,elliptical
542195.jpg,elliptical
542205.jpg,elliptical
542225.jpg,spiral
542240.jpg,spiral
542319.jpg,elliptical
542339.jpg,elliptical
542355.jpg,elliptical
542378.jpg,elliptical
542383.jpg,elliptical
542388.jpg,elliptical
542390.jpg,elliptical
542409.jpg,irregular
542442.jpg,elliptical
542488.jpg,irregular
542537.jpg,elliptical
542574.jpg,elliptical
542581.jpg,elliptical
542611.jpg,irregular
542621.jpg,elliptical
542644.jpg,elliptical
542675.jpg,elliptical
542697.jpg,elliptical
542748.jpg,spiral
542779.jpg,elliptical
542781.jpg,elliptical
542796.jpg,irregular
542810.jpg,elliptical
542841.jpg,irregular
542906.jpg,elliptical
542912.jpg,elliptical
543070.jpg,elliptical
543074.jpg,spiral
543080.jpg,elliptical
543114.jpg,irregular
543154.jpg,irregular
543160.jpg,spiral
543161.jpg,elliptical
543184.jpg,elliptical
543190.jpg,elliptical
543195.jpg,irregular
543225.jpg,elliptical
543268.jpg,elliptical
543288.jpg,irregular
543336.jpg,elliptical
543341.jpg,irregular
543346.jpg,elliptical
543393.jpg,irregular
543408.jpg,spiral
543411.jpg,irregular
543414.jpg,irregular
543437.jpg,elliptical
543451.jpg,elliptical
543499.jpg,irregular
543542.jpg,spiral
543564.jpg,irregular
543565.jpg,irregular
543640.jpg,elliptical
543677.jpg,irregular
543680.jpg,elliptical
543686.jpg,irregular
543696.jpg,elliptical
543711.jpg,elliptical
543745.jpg,elliptical
543752.jpg,elliptical
543804.jpg,spiral
543815.jpg,irregular
543830.jpg,elliptical
543837.jpg,irregular
543840.jpg,spiral
543878.jpg,irregular
543879.jpg,elliptical
543902.jpg,irregular
543915.jpg,elliptical
543921.jpg,elliptical
543944.jpg,elliptical
543952.jpg,spiral
543954.jpg,spiral
543955.jpg,spiral
544015.jpg,irregular
544017.jpg,elliptical
544019.jpg,irregular
544024.jpg,elliptical
544048.jpg,elliptical
544054.jpg,elliptical
544055.jpg,elliptical
544070.jpg,spiral
544091.jpg,irregular
544103.jpg,elliptical
544142.jpg,irregular
544155.jpg,elliptical
544176.jpg,elliptical
544180.jpg,spiral
544210.jpg,elliptical
544211.jpg,irregular
544283.jpg,elliptical
544352.jpg,spiral
544371.jpg,elliptical
544378.jpg,elliptical
544379.jpg,spiral
544382.jpg,elliptical
544393.jpg,spiral
544399.jpg,irregular
544407.jpg,elliptical
544441.jpg,spiral
544460.jpg,elliptical
544461.jpg,irregular
544567.jpg,elliptical
544627.jpg,elliptical
544635.jpg,elliptical
544651.jpg,irregular
544657.jpg,elliptical
544666.jpg,spiral
544705.jpg,spiral
544766.jpg,elliptical
544772.jpg,spiral
544831.jpg,elliptical
544843.jpg,elliptical
544854.jpg,irregular
544877.jpg,elliptical
544933.jpg,elliptical
544959.jpg,spiral
545005.jpg,elliptical
545018.jpg,irregular
545024.jpg,elliptical
545055.jpg,elliptical
545083.jpg,elliptical
545120.jpg,elliptical
545152.jpg,elliptical
545169.jpg,irregular
545191.jpg,elliptical
545232.jpg,elliptical
545240.jpg,irregular
545265.jpg,elliptical
545266.jpg,elliptical
545271.jpg,elliptical
545272.jpg,elliptical
545315.jpg,elliptical
545317.jpg,elliptical
545333.jpg,spiral
545385.jpg,elliptical
545388.jpg,irregular
545434.jpg,irregular
545457.jpg,elliptical
545498.jpg,elliptical
545502.jpg,spiral
545506.jpg,spiral
545550.jpg,irregular
545561.jpg,spiral
545597.jpg,elliptical
545611.jpg,elliptical
545639.jpg,irregular
545652.jpg,elliptical
545666.jpg,irregular
545684.jpg,spiral
545727.jpg,elliptical
545777.jpg,elliptical
545834.jpg,elliptical
545843.jpg,elliptical
545860.jpg,elliptical
545912.jpg,spiral
545942.jpg,irregular
545944.jpg,elliptical
545949.jpg,spiral
546020.jpg,irregular
546048.jpg,elliptical
546060.jpg,irregular
546076.jpg,irregular
546086.jpg,elliptical
546118.jpg,irregular
546123.jpg,irregular
546137.jpg,irregular
546153.jpg,elliptical
546167.jpg,spiral
546212.jpg,spiral
546243.jpg,elliptical
546265.jpg,spiral
546278.jpg,elliptical
546291.jpg,elliptical
546304.jpg,spiral
546305.jpg,elliptical
546315.jpg,irregular
546436.jpg,elliptical
546449.jpg,spiral
546460.jpg,elliptical
546488.jpg,elliptical
546523.jpg,irregular
546529.jpg,spiral
546575.jpg,irregular
546586.jpg,elliptical
546602.jpg,elliptical
546649.jpg,irregular
546682.jpg,elliptical
546684.jpg,elliptical
546703.jpg,irregular
546714.jpg,elliptical
546736.jpg,elliptical
546773.jpg,elliptical
546787.jpg,elliptical
546844.jpg,irregular
546845.jpg,spiral
546860.jpg,elliptical
546881.jpg,spiral
546929.jpg,elliptical
546950.jpg,elliptical
547061.jpg,spiral
547064.jpg,elliptical
547083.jpg,spiral
547127.jpg,elliptical
547130.jpg,elliptical
547148.jpg,elliptical
547178.jpg,elliptical
547202.jpg,elliptical
547224.jpg,elliptical
547266.jpg,spiral
547285.jpg,elliptical
547292.jpg,elliptical
547306.jpg,irregular
547315.jpg,irregular
547326.jpg,elliptical
547331.jpg,irregular
547384.jpg,elliptical
547422.jpg,elliptical
547467.jpg,elliptical
547469.jpg,irregular
547504.jpg,elliptical
547545.jpg,elliptical
547579.jpg,elliptical
547584.jpg,elliptical
547599.jpg,spiral
547634.jpg,irregular
547669.jpg,elliptical
547793.jpg,irregular
547808.jpg,elliptical
547852.jpg,elliptical
547897.jpg,elliptical
547915.jpg,elliptical
547922.jpg,elliptical
547943.jpg,elliptical
547958.jpg,elliptical
547973.jpg,elliptical
547996.jpg,spiral
547997.jpg,elliptical
548001.jpg,elliptical
548007.jpg,elliptical
548009.jpg,spiral
548013.jpg,elliptical
548052.jpg,irregular
548066.jpg,irregular
548124.jpg,spiral
548136.jpg,elliptical
548157.jpg,irregular
548163.jpg,spiral
548177.jpg,elliptical
548212.jpg,spiral
548217.jpg,elliptical
548254.jpg,irregular
548275.jpg,elliptical
548331.jpg,spiral
548379.jpg,elliptical
548387.jpg,elliptical
548419.jpg,elliptical
548423.jpg,irregular
548470.jpg,elliptical
548506.jpg,elliptical
548527.jpg,elliptical
548535.jpg,elliptical
548551.jpg,irregular
548577.jpg,elliptical
548580.jpg,spiral
548585.jpg,elliptical
548603.jpg,irregular
548605.jpg,spiral
548641.jpg,elliptical
548643.jpg,elliptical
548660.jpg,elliptical
548666.jpg,elliptical
548670.jpg,elliptical
548709.jpg,elliptical
548733.jpg,elliptical
548746.jpg,elliptical
548747.jpg,spiral
548752.jpg,irregular
548812.jpg,spiral
548816.jpg,irregular
548826.jpg,elliptical
548836.jpg,elliptical
548888.jpg,elliptical
548895.jpg,elliptical
548969.jpg,elliptical
548995.jpg,elliptical
549013.jpg,elliptical
549106.jpg,spiral
549111.jpg,elliptical
549120.jpg,elliptical
549127.jpg,spiral
549139.jpg,elliptical
549143.jpg,irregular
549159.jpg,elliptical
549198.jpg,spiral
549224.jpg,irregular
549241.jpg,elliptical
549244.jpg,irregular
549270.jpg,elliptical
549309.jpg,elliptical
549336.jpg,elliptical
549354.jpg,irregular
549371.jpg,elliptical
549376.jpg,irregular
549452.jpg,irregular
549491.jpg,irregular
549492.jpg,irregular
549528.jpg,irregular
549537.jpg,elliptical
549544.jpg,elliptical
549555.jpg,elliptical
549566.jpg,elliptical
549574.jpg,elliptical
549577.jpg,elliptical
549579.jpg,elliptical
549580.jpg,spiral
549596.jpg,elliptical
549598.jpg,elliptical
549635.jpg,elliptical
549663.jpg,elliptical
549686.jpg,elliptical
549705.jpg,spiral
549720.jpg,elliptical
549739.jpg,elliptical
549760.jpg,elliptical
549849.jpg,irregular
549934.jpg,spiral
549963.jpg,elliptical
549990.jpg,elliptical
550029.jpg,elliptical
550059.jpg,elliptical
550105.jpg,spiral
550106.jpg,elliptical
550146.jpg,irregular
550152.jpg,elliptical
550155.jpg,irregular
550161.jpg,elliptical
550179.jpg,spiral
550183.jpg,elliptical
550185.jpg,irregular
550199.jpg,elliptical
550239.jpg,elliptical
550251.jpg,irregular
550272.jpg,elliptical
550336.jpg,spiral
550391.jpg,spiral
550404.jpg,irregular
550439.jpg,irregular
550469.jpg,elliptical
550476.jpg,spiral
550479.jpg,irregular
550519.jpg,elliptical
550565.jpg,spiral
550572.jpg,spiral
550580.jpg,spiral
550631.jpg,spiral
550632.jpg,spiral
550663.jpg,elliptical
550669.jpg,irregular
550742.jpg,irregular
550764.jpg,spiral
550777.jpg,spiral
550778.jpg,elliptical
550816.jpg,elliptical
550853.jpg,elliptical
550854.jpg,elliptical
550882.jpg,spiral
550907.jpg,elliptical
550922.jpg,elliptical
550926.jpg,irregular
550931.jpg,spiral
550933.jpg,elliptical
550934.jpg,elliptical
550939.jpg,irregular
550984.jpg,spiral
551014.jpg,elliptical
551015.jpg,elliptical
551037.jpg,irregular
551045.jpg,elliptical
551049.jpg,elliptical
551110.jpg,elliptical
551113.jpg,spiral
551133.jpg,irregular
551137.jpg,elliptical
551152.jpg,elliptical
551192.jpg,spiral
551215.jpg,elliptical
551240.jpg,elliptical
551244.jpg,irregular
551257.jpg,elliptical
551315.jpg,spiral
551332.jpg,elliptical
551360.jpg,elliptical
551375.jpg,irregular
551378.jpg,elliptical
551426.jpg,irregular
551432.jpg,spiral
551462.jpg,elliptical
551488.jpg,irregular
551505.jpg,elliptical
551553.jpg,elliptical
551574.jpg,elliptical
551589.jpg,irregular
551592.jpg,elliptical
551608.jpg,irregular
551631.jpg,elliptical
551657.jpg,elliptical
551685.jpg,elliptical
551752.jpg,irregular
551771.jpg,elliptical
551806.jpg,spiral
551821.jpg,spiral
551851.jpg,elliptical
551896.jpg,spiral
551904.jpg,elliptical
551929.jpg,spiral
551937.jpg,elliptical
551942.jpg,spiral
551969.jpg,irregular
551974.jpg,elliptical
551985.jpg,irregular
552010.jpg,elliptical
552017.jpg,elliptical
552022.jpg,elliptical
552051.jpg,irregular
552076.jpg,irregular
552100.jpg,elliptical
552105.jpg,elliptical
552106.jpg,irregular
552124.jpg,elliptical
552144.jpg,irregular
552193.jpg,elliptical
552241.jpg,elliptical
552252.jpg,elliptical
552291.jpg,spiral
552307.jpg,elliptical
552328.jpg,spiral
552329.jpg,elliptical
552346.jpg,spiral
552348.jpg,irregular
552356.jpg,elliptical
552365.jpg,spiral
552401.jpg,elliptical
552424.jpg,elliptical
552429.jpg,spiral
552450.jpg,spiral
552454.jpg,irregular
552489.jpg,elliptical
552493.jpg,spiral
552501.jpg,elliptical
552518.jpg,spiral
552555.jpg,elliptical
552571.jpg,elliptical
552595.jpg,elliptical
552624.jpg,spiral
552626.jpg,spiral
552659.jpg,elliptical
552677.jpg,irregular
552724.jpg,elliptical
552763.jpg,spiral
552767.jpg,irregular
552816.jpg,irregular
552843.jpg,elliptical
552863.jpg,elliptical
552870.jpg,elliptical
552873.jpg,elliptical
552883.jpg,elliptical
552892.jpg,irregular
552954.jpg,spiral
552980.jpg,elliptical
552990.jpg,elliptical
553054.jpg,elliptical
553099.jpg,elliptical
553198.jpg,elliptical
553245.jpg,irregular
553254.jpg,elliptical
553294.jpg,elliptical
553328.jpg,irregular
553329.jpg,elliptical
553334.jpg,spiral
553402.jpg,irregular
553409.jpg,elliptical
553413.jpg,elliptical
553467.jpg,elliptical
553509.jpg,elliptical
553530.jpg,elliptical
553565.jpg,elliptical
553608.jpg,elliptical
553611.jpg,elliptical
553645.jpg,irregular
553668.jpg,elliptical
553684.jpg,spiral
553712.jpg,spiral
553727.jpg,irregular
553742.jpg,elliptical
553746.jpg,irregular
553765.jpg,irregular
553815.jpg,elliptical
553822.jpg,elliptical
553843.jpg,elliptical
553852.jpg,irregular
553857.jpg,spiral
553869.jpg,elliptical
553909.jpg,elliptical
553910.jpg,spiral
553917.jpg,irregular
553929.jpg,spiral
553990.jpg,spiral
554031.jpg,irregular
554036.jpg,irregular
554081.jpg,spiral
554099.jpg,spiral
554126.jpg,irregular
554139.jpg,spiral
554162.jpg,elliptical
554183.jpg,irregular
554184.jpg,irregular
554216.jpg,elliptical
554219.jpg,spiral
554227.jpg,spiral
554241.jpg,elliptical
554268.jpg,spiral
554278.jpg,elliptical
554295.jpg,spiral
554343.jpg,elliptical
554355.jpg,elliptical
554391.jpg,spiral
554395.jpg,elliptical
554405.jpg,elliptical
554431.jpg,elliptical
554448.jpg,elliptical
554463.jpg,elliptical
554491.jpg,spiral
554492.jpg,elliptical
554507.jpg,spiral
554511.jpg,spiral
554528.jpg,elliptical
554534.jpg,spiral
554571.jpg,elliptical
554573.jpg,elliptical
554585.jpg,spiral
554692.jpg,irregular
554704.jpg,irregular
554713.jpg,elliptical
554746.jpg,spiral
554757.jpg,irregular
554776.jpg,elliptical
554792.jpg,elliptical
554820.jpg,elliptical
554833.jpg,elliptical
554842.jpg,spiral
554854.jpg,spiral
554881.jpg,spiral
554883.jpg,elliptical
554890.jpg,elliptical
554891.jpg,elliptical
554892.jpg,elliptical
554898.jpg,spiral
554907.jpg,irregular
554912.jpg,elliptical
554948.jpg,irregular
554997.jpg,elliptical
555014.jpg,spiral
555030.jpg,spiral
555049.jpg,elliptical
555052.jpg,elliptical
555055.jpg,elliptical
555118.jpg,irregular
555145.jpg,elliptical
555155.jpg,elliptical
555163.jpg,spiral
555165.jpg,elliptical
555171.jpg,irregular
555194.jpg,elliptical
555230.jpg,elliptical
555288.jpg,irregular
555334.jpg,elliptical
555340.jpg,spiral
555358.jpg,elliptical
555440.jpg,irregular
555459.jpg,elliptical
555472.jpg,elliptical
555501.jpg,elliptical
555529.jpg,irregular
555542.jpg,elliptical
555561.jpg,elliptical
555573.jpg,irregular
555583.jpg,irregular
555602.jpg,spiral
555616.jpg,elliptical
555650.jpg,elliptical
555700.jpg,elliptical
555739.jpg,elliptical
555779.jpg,elliptical
555832.jpg,elliptical
555844.jpg,irregular
555885.jpg,spiral
555897.jpg,elliptical
555927.jpg,elliptical
555955.jpg,elliptical
556012.jpg,elliptical
556045.jpg,elliptical
556052.jpg,elliptical
556068.jpg,elliptical
556103.jpg,spiral
556121.jpg,spiral
556127.jpg,elliptical
556135.jpg,spiral
556154.jpg,spiral
556156.jpg,irregular
556203.jpg,elliptical
556218.jpg,spiral
556221.jpg,elliptical
556238.jpg,irregular
556251.jpg,elliptical
556287.jpg,elliptical
556315.jpg,elliptical
556336.jpg,spiral
556342.jpg,elliptical
556405.jpg,spiral
556440.jpg,elliptical
556471.jpg,elliptical
556482.jpg,elliptical
556494.jpg,elliptical
556520.jpg,irregular
556534.jpg,elliptical
556535.jpg,irregular
556555.jpg,elliptical
556563.jpg,elliptical
556569.jpg,irregular
556576.jpg,elliptical
556624.jpg,elliptical
556628.jpg,elliptical
556682.jpg,elliptical
556773.jpg,elliptical
556839.jpg,spiral
556873.jpg,elliptical
556874.jpg,irregular
556888.jpg,spiral
556902.jpg,spiral
556937.jpg,elliptical
556956.jpg,elliptical
556958.jpg,elliptical
556964.jpg,elliptical
557001.jpg,elliptical
557011.jpg,irregular
557013.jpg,elliptical
557037.jpg,irregular
557058.jpg,elliptical
557066.jpg,elliptical
557116.jpg,spiral
557119.jpg,elliptical
557155.jpg,spiral
557164.jpg,elliptical
557167.jpg,elliptical
557173.jpg,elliptical
557185.jpg,elliptical
557200.jpg,elliptical
557213.jpg,spiral
557226.jpg,elliptical
557252.jpg,elliptical
557256.jpg,irregular
557257.jpg,spiral
557259.jpg,elliptical
557322.jpg,elliptical
557327.jpg,elliptical
557373.jpg,irregular
557381.jpg,elliptical
557388.jpg,elliptical
557395.jpg,elliptical
557402.jpg,irregular
557415.jpg,elliptical
557435.jpg,spiral
557446.jpg,elliptical
557465.jpg,elliptical
557486.jpg,spiral
557499.jpg,spiral
557514.jpg,elliptical
557541.jpg,elliptical
557543.jpg,elliptical
557550.jpg,elliptical
557575.jpg,elliptical
557580.jpg,elliptical
557600.jpg,spiral
557627.jpg,irregular
557634.jpg,elliptical
557743.jpg,spiral
557781.jpg,elliptical
557783.jpg,elliptical
557784.jpg,irregular
557812.jpg,elliptical
557833.jpg,spiral
557858.jpg,elliptical
557863.jpg,elliptical
557890.jpg,elliptical
557896.jpg,spiral
557920.jpg,spiral
557924.jpg,elliptical
557927.jpg,irregular
557954.jpg,elliptical
557960.jpg,spiral
557990.jpg,irregular
558004.jpg,irregular
558016.jpg,elliptical
558018.jpg,elliptical
558042.jpg,irregular
558053.jpg,elliptical
558082.jpg,irregular
558085.jpg,spiral
558118.jpg,elliptical
558134.jpg,elliptical
558144.jpg,elliptical
558153.jpg,elliptical
558167.jpg,elliptical
558195.jpg,spiral
558204.jpg,elliptical
558228.jpg,elliptical
558268.jpg,elliptical
558272.jpg,irregular
558298.jpg,spiral
558307.jpg,elliptical
558327.jpg,irregular
558334.jpg,spiral
558382.jpg,elliptical
558402.jpg,irregular
558459.jpg,elliptical
558492.jpg,elliptical
558546.jpg,elliptical
558593.jpg,spiral
558646.jpg,irregular
558647.jpg,elliptical
558660.jpg,elliptical
558673.jpg,spiral
558674.jpg,elliptical
558702.jpg,spiral
558709.jpg,elliptical
558716.jpg,elliptical
558770.jpg,spiral
558775.jpg,elliptical
558791.jpg,irregular
558799.jpg,elliptical
558823.jpg,irregular
558830.jpg,irregular
558848.jpg,irregular
558885.jpg,spiral
558892.jpg,spiral
558937.jpg,elliptical
558945.jpg,elliptical
558961.jpg,elliptical
558969.jpg,elliptical
558976.jpg,elliptical
558978.jpg,elliptical
558985.jpg,spiral
558987.jpg,elliptical
559003.jpg,elliptical
559016.jpg,elliptical
559018.jpg,elliptical
559047.jpg,elliptical
559066.jpg,spiral
559068.jpg,elliptical
559115.jpg,spiral
559128.jpg,elliptical
559132.jpg,elliptical
559135.jpg,elliptical
559211.jpg,spiral
559215.jpg,elliptical
559264.jpg,irregular
559265.jpg,elliptical
559266.jpg,irregular
559306.jpg,elliptical
559315.jpg,elliptical
559319.jpg,irregular
559320.jpg,elliptical
559392.jpg,elliptical
559393.jpg,elliptical
559466.jpg,irregular
559503.jpg,irregular
559558.jpg,elliptical
559568.jpg,elliptical
559583.jpg,spiral
559636.jpg,spiral
559650.jpg,elliptical
559654.jpg,elliptical
559679.jpg,elliptical
559707.jpg,irregular
559725.jpg,elliptical
559737.jpg,elliptical
559766.jpg,elliptical
559776.jpg,elliptical
559783.jpg,elliptical
559796.jpg,spiral
559799.jpg,spiral
559810.jpg,irregular
559818.jpg,elliptical
559843.jpg,elliptical
559854.jpg,spiral
559866.jpg,irregular
559877.jpg,irregular
559894.jpg,elliptical
559896.jpg,elliptical
559932.jpg,elliptical
559937.jpg,irregular
559962.jpg,spiral
559963.jpg,irregular
559997.jpg,elliptical
560014.jpg,elliptical
560026.jpg,irregular
560038.jpg,spiral
560053.jpg,elliptical
560058.jpg,irregular
560059.jpg,elliptical
560092.jpg,spiral
560105.jpg,irregular
560120.jpg,spiral
560124.jpg,elliptical
560202.jpg,elliptical
560204.jpg,irregular
560244.jpg,spiral
560258.jpg,elliptical
560275.jpg,irregular
560300.jpg,irregular
560369.jpg,elliptical
560385.jpg,elliptical
560422.jpg,irregular
560553.jpg,irregular
560633.jpg,irregular
560662.jpg,elliptical
560675.jpg,irregular
560701.jpg,elliptical
560721.jpg,elliptical
560729.jpg,irregular
560730.jpg,irregular
560738.jpg,elliptical
560779.jpg,spiral
560787.jpg,elliptical
560793.jpg,elliptical
560814.jpg,elliptical
560817.jpg,elliptical
560853.jpg,irregular
560868.jpg,elliptical
560875.jpg,elliptical
560882.jpg,irregular
560938.jpg,elliptical
560964.jpg,spiral
560969.jpg,elliptical
560988.jpg,elliptical
561020.jpg,irregular
561043.jpg,elliptical
561054.jpg,irregular
561055.jpg,elliptical
561099.jpg,elliptical
561161.jpg,irregular
561184.jpg,spiral
561197.jpg,elliptical
561225.jpg,irregular
561273.jpg,elliptical
561311.jpg,elliptical
561335.jpg,elliptical
561343.jpg,irregular
561424.jpg,irregular
561429.jpg,irregular
561469.jpg,irregular
561491.jpg,irregular
561522.jpg,spiral
561547.jpg,elliptical
561596.jpg,elliptical
561617.jpg,spiral
561637.jpg,spiral
561678.jpg,elliptical
561685.jpg,irregular
561696.jpg,irregular
561727.jpg,elliptical
561732.jpg,elliptical
561745.jpg,spiral
561766.jpg,elliptical
561774.jpg,spiral
561779.jpg,elliptical
561842.jpg,spiral
561910.jpg,irregular
561928.jpg,spiral
561998.jpg,irregular
562018.jpg,elliptical
562024.jpg,spiral
562082.jpg,spiral
562085.jpg,elliptical
562131.jpg,elliptical
562140.jpg,elliptical
562151.jpg,elliptical
562161.jpg,elliptical
562171.jpg,irregular
562173.jpg,elliptical
562174.jpg,elliptical
562178.jpg,elliptical
562183.jpg,irregular
562229.jpg,spiral
562238.jpg,elliptical
562239.jpg,elliptical
562247.jpg,elliptical
562252.jpg,elliptical
562256.jpg,elliptical
562284.jpg,irregular
562301.jpg,elliptical
562321.jpg,elliptical
562340.jpg,elliptical
562352.jpg,irregular
562362.jpg,irregular
562377.jpg,elliptical
562387.jpg,elliptical
562430.jpg,elliptical
562432.jpg,elliptical
562460.jpg,elliptical
562518.jpg,elliptical
562585.jpg,irregular
562715.jpg,spiral
562787.jpg,spiral
562816.jpg,irregular
562828.jpg,irregular
562852.jpg,irregular
562897.jpg,elliptical
562901.jpg,spiral
562905.jpg,elliptical
562911.jpg,spiral
562968.jpg,elliptical
563041.jpg,elliptical
563070.jpg,irregular
563096.jpg,spiral
563098.jpg,elliptical
563110.jpg,elliptical
563140.jpg,elliptical
563177.jpg,elliptical
563186.jpg,spiral
563191.jpg,irregular
563200.jpg,elliptical
563243.jpg,irregular
563295.jpg,elliptical
563331.jpg,elliptical
563338.jpg,elliptical
563358.jpg,elliptical
563379.jpg,irregular
563407.jpg,elliptical
563430.jpg,irregular
563439.jpg,elliptical
563446.jpg,elliptical
563491.jpg,spiral
563499.jpg,spiral
563505.jpg,irregular
563534.jpg,irregular
563539.jpg,spiral
563552.jpg,elliptical
563573.jpg,elliptical
563591.jpg,elliptical
563642.jpg,elliptical
563691.jpg,elliptical
563692.jpg,elliptical
563713.jpg,irregular
563759.jpg,elliptical
563763.jpg,spiral
563766.jpg,spiral
563771.jpg,elliptical
563782.jpg,elliptical
563808.jpg,irregular
563848.jpg,elliptical
563849.jpg,elliptical
563853.jpg,spiral
563858.jpg,elliptical
563879.jpg,elliptical
563900.jpg,elliptical
563982.jpg,spiral
563992.jpg,elliptical
563993.jpg,elliptical
564046.jpg,elliptical
564071.jpg,elliptical
564090.jpg,elliptical
564098.jpg,elliptical
564114.jpg,elliptical
564120.jpg,elliptical
564122.jpg,elliptical
564158.jpg,irregular
564168.jpg,spiral
564212.jpg,irregular
564232.jpg,irregular
564240.jpg,elliptical
564254.jpg,elliptical
564304.jpg,irregular
564313.jpg,irregular
564328.jpg,elliptical
564333.jpg,elliptical
564348.jpg,elliptical
564375.jpg,elliptical
564379.jpg,elliptical
564381.jpg,elliptical
564395.jpg,irregular
564459.jpg,elliptical
564489.jpg,elliptical
564492.jpg,spiral
564499.jpg,elliptical
564501.jpg,spiral
564522.jpg,spiral
564530.jpg,spiral
564539.jpg,elliptical
564576.jpg,elliptical
564601.jpg,irregular
564626.jpg,spiral
564634.jpg,irregular
564638.jpg,elliptical
564639.jpg,elliptical
564645.jpg,irregular
564671.jpg,irregular
564688.jpg,irregular
564697.jpg,elliptical
564709.jpg,spiral
564721.jpg,elliptical
564730.jpg,elliptical
564741.jpg,elliptical
564745.jpg,spiral
564746.jpg,irregular
564748.jpg,spiral
564775.jpg,elliptical
564780.jpg,elliptical
564831.jpg,irregular
564838.jpg,irregular
564854.jpg,spiral
564869.jpg,irregular
564895.jpg,irregular
564896.jpg,spiral
564982.jpg,elliptical
564996.jpg,elliptical
565012.jpg,irregular
565035.jpg,spiral
565038.jpg,elliptical
565054.jpg,elliptical
565059.jpg,elliptical
565068.jpg,elliptical
565069.jpg,elliptical
565071.jpg,spiral
565099.jpg,irregular
565282.jpg,elliptical
565286.jpg,irregular
565290.jpg,elliptical
565292.jpg,elliptical
565298.jpg,irregular
565328.jpg,spiral
565335.jpg,elliptical
565372.jpg,elliptical
565385.jpg,elliptical
565431.jpg,elliptical
565478.jpg,spiral
565486.jpg,irregular
565489.jpg,elliptical
565504.jpg,elliptical
565555.jpg,elliptical
565573.jpg,spiral
565575.jpg,elliptical
565596.jpg,irregular
565616.jpg,spiral
565625.jpg,elliptical
565676.jpg,elliptical
565682.jpg,elliptical
565726.jpg,elliptical
565739.jpg,spiral
565764.jpg,irregular
565766.jpg,elliptical
565799.jpg,irregular
565815.jpg,spiral
565900.jpg,spiral
565907.jpg,elliptical
565913.jpg,spiral
565916.jpg,spiral
565988.jpg,elliptical
565990.jpg,irregular
566018.jpg,elliptical
566039.jpg,spiral
566044.jpg,elliptical
566051.jpg,elliptical
566109.jpg,elliptical
566138.jpg,elliptical
566140.jpg,irregular
566146.jpg,spiral
566159.jpg,irregular
566163.jpg,spiral
566202.jpg,irregular
566206.jpg,irregular
566219.jpg,irregular
566224.jpg,elliptical
566237.jpg,elliptical
566263.jpg,elliptical
566267.jpg,irregular
566284.jpg,spiral
566310.jpg,elliptical
566361.jpg,irregular
566380.jpg,spiral
566388.jpg,elliptical
566442.jpg,elliptical
566462.jpg,elliptical
566464.jpg,spiral
566511.jpg,elliptical
566512.jpg,elliptical
566513.jpg,elliptical
566536.jpg,irregular
566588.jpg,elliptical
566641.jpg,irregular
566645.jpg,elliptical
566653.jpg,elliptical
566655.jpg,spiral
566656.jpg,elliptical
566733.jpg,elliptical
566761.jpg,elliptical
566806.jpg,elliptical
566809.jpg,irregular
566821.jpg,elliptical
566834.jpg,elliptical
566887.jpg,elliptical
566914.jpg,elliptical
566936.jpg,elliptical
566950.jpg,elliptical
566954.jpg,irregular
566964.jpg,irregular
566992.jpg,elliptical
567055.jpg,irregular
567123.jpg,irregular
567142.jpg,irregular
567172.jpg,elliptical
567180.jpg,elliptical
567186.jpg,elliptical
567209.jpg,elliptical
567213.jpg,elliptical
567229.jpg,elliptical
567294.jpg,elliptical
567328.jpg,elliptical
567369.jpg,irregular
567375.jpg,spiral
567413.jpg,irregular
567416.jpg,irregular
567425.jpg,irregular
567434.jpg,irregular
567450.jpg,irregular
567521.jpg,elliptical
567530.jpg,elliptical
567533.jpg,elliptical
567536.jpg,elliptical
567547.jpg,elliptical
567553.jpg,irregular
567560.jpg,elliptical
567562.jpg,spiral
567592.jpg,elliptical
567608.jpg,elliptical
567635.jpg,elliptical
567657.jpg,elliptical
567729.jpg,elliptical
567752.jpg,spiral
567755.jpg,elliptical
567777.jpg,spiral
567779.jpg,elliptical
567797.jpg,elliptical
567809.jpg,elliptical
567840.jpg,spiral
567854.jpg,elliptical
567855.jpg,elliptical
567857.jpg,elliptical
567859.jpg,elliptical
567866.jpg,spiral
567874.jpg,elliptical
567892.jpg,elliptical
567915.jpg,irregular
567937.jpg,elliptical
567983.jpg,irregular
567994.jpg,elliptical
568040.jpg,spiral
568055.jpg,spiral
568061.jpg,irregular
568064.jpg,elliptical
568065.jpg,irregular
568079.jpg,elliptical
568083.jpg,irregular
568084.jpg,irregular
568118.jpg,elliptical
568138.jpg,spiral
568145.jpg,elliptical
568171.jpg,elliptical
568175.jpg,irregular
568206.jpg,spiral
568207.jpg,elliptical
568224.jpg,elliptical
568256.jpg,irregular
568258.jpg,irregular
568278.jpg,elliptical
568302.jpg,spiral
568318.jpg,elliptical
568342.jpg,spiral
568355.jpg,elliptical
568373.jpg,irregular
568383.jpg,spiral
568427.jpg,elliptical
568428.jpg,elliptical
568435.jpg,irregular
568440.jpg,elliptical
568498.jpg,elliptical
568514.jpg,elliptical
568532.jpg,spiral
568552.jpg,elliptical
568558.jpg,elliptical
568566.jpg,irregular
568569.jpg,elliptical
568592.jpg,elliptical
568604.jpg,elliptical
568607.jpg,elliptical
568644.jpg,irregular
568645.jpg,spiral
568700.jpg,spiral
568777.jpg,elliptical
568794.jpg,elliptical
568801.jpg,spiral
568813.jpg,irregular
568814.jpg,spiral
568843.jpg,elliptical
568882.jpg,elliptical
568904.jpg,elliptical
568975.jpg,elliptical
569010.jpg,elliptical
569039.jpg,elliptical
569087.jpg,spiral
569088.jpg,irregular
569107.jpg,elliptical
569129.jpg,elliptical
569161.jpg,elliptical
569165.jpg,spiral
569179.jpg,elliptical
569182.jpg,irregular
569191.jpg,elliptical
569235.jpg,irregular
569297.jpg,spiral
569324.jpg,irregular
569326.jpg,spiral
569331.jpg,spiral
569346.jpg,spiral
569363.jpg,irregular
569371.jpg,spiral
569387.jpg,elliptical
569431.jpg,elliptical
569469.jpg,elliptical
569488.jpg,irregular
569508.jpg,elliptical
569525.jpg,irregular
569526.jpg,elliptical
569583.jpg,irregular
569585.jpg,elliptical
569629.jpg,elliptical
569680.jpg,spiral
569693.jpg,spiral
569715.jpg,elliptical
569729.jpg,elliptical
569742.jpg,spiral
569768.jpg,irregular
569792.jpg,irregular
569795.jpg,irregular
569798.jpg,elliptical
569819.jpg,elliptical
569831.jpg,spiral
569834.jpg,elliptical
569954.jpg,elliptical
569972.jpg,elliptical
570003.jpg,elliptical
570023.jpg,elliptical
570048.jpg,spiral
570065.jpg,irregular
570069.jpg,elliptical
570070.jpg,spiral
570085.jpg,elliptical
570109.jpg,irregular
570144.jpg,irregular
570153.jpg,spiral
570170.jpg,elliptical
570173.jpg,elliptical
570202.jpg,elliptical
570234.jpg,elliptical
570256.jpg,elliptical
570309.jpg,elliptical
570330.jpg,elliptical
570332.jpg,elliptical
570379.jpg,elliptical
570456.jpg,elliptical
570578.jpg,spiral
570588.jpg,irregular
570609.jpg,elliptical
570615.jpg,elliptical
570671.jpg,irregular
570685.jpg,spiral
570686.jpg,elliptical
570705.jpg,spiral
570707.jpg,spiral
570783.jpg,elliptical
570786.jpg,elliptical
570790.jpg,elliptical
570795.jpg,elliptical
570814.jpg,elliptical
570847.jpg,elliptical
570868.jpg,irregular
570897.jpg,spiral
570935.jpg,irregular
570947.jpg,elliptical
570978.jpg,irregular
570979.jpg,elliptical
570997.jpg,elliptical
571007.jpg,elliptical
571020.jpg,irregular
571049.jpg,elliptical
571078.jpg,irregular
571109.jpg,irregular
571113.jpg,irregular
571125.jpg,elliptical
571152.jpg,elliptical
571169.jpg,elliptical
571171.jpg,spiral
571201.jpg,elliptical
571210.jpg,elliptical
571213.jpg,elliptical
571271.jpg,elliptical
571299.jpg,irregular
571303.jpg,spiral
571354.jpg,elliptical
571356.jpg,irregular
571359.jpg,irregular
571368.jpg,elliptical
571401.jpg,elliptical
571411.jpg,elliptical
571422.jpg,spiral
571424.jpg,spiral
571425.jpg,elliptical
571448.jpg,elliptical
571473.jpg,elliptical
571477.jpg,elliptical
571514.jpg,irregular
571566.jpg,elliptical
571570.jpg,elliptical
571585.jpg,elliptical
571594.jpg,elliptical
571608.jpg,elliptical
571623.jpg,elliptical
571642.jpg,elliptical
571673.jpg,elliptical
571694.jpg,elliptical
571737.jpg,elliptical
571763.jpg,elliptical
571778.jpg,elliptical
571809.jpg,elliptical
571841.jpg,elliptical
571848.jpg,elliptical
571861.jpg,spiral
571881.jpg,irregular
571903.jpg,elliptical
571976.jpg,elliptical
572013.jpg,elliptical
572029.jpg,spiral
572036.jpg,elliptical
572046.jpg,irregular
572049.jpg,elliptical
572073.jpg,elliptical
572074.jpg,irregular
572076.jpg,spiral
572077.jpg,spiral
572112.jpg,irregular
572116.jpg,irregular
572131.jpg,spiral
572155.jpg,spiral
572158.jpg,elliptical
572175.jpg,irregular
572199.jpg,irregular
572203.jpg,elliptical
572207.jpg,elliptical
572213.jpg,elliptical
572260.jpg,elliptical
572278.jpg,elliptical
572318.jpg,elliptical
572337.jpg,elliptical
572355.jpg,spiral
572356.jpg,elliptical
572409.jpg,spiral
572477.jpg,elliptical
572510.jpg,spiral
572553.jpg,spiral
572569.jpg,spiral
572593.jpg,spiral
572603.jpg,elliptical
572604.jpg,irregular
572617.jpg,elliptical
572683.jpg,elliptical
572694.jpg,elliptical
572699.jpg,elliptical
572708.jpg,irregular
572710.jpg,elliptical
572720.jpg,irregular
572725.jpg,spiral
572757.jpg,irregular
572798.jpg,spiral
572840.jpg,elliptical
572931.jpg,elliptical
572982.jpg,spiral
572991.jpg,elliptical
572997.jpg,spiral
573041.jpg,spiral
573069.jpg,irregular
573071.jpg,elliptical
573099.jpg,irregular
573109.jpg,elliptical
573132.jpg,spiral
573155.jpg,elliptical
573176.jpg,elliptical
573180.jpg,irregular
573250.jpg,spiral
573315.jpg,irregular
573335.jpg,spiral
573388.jpg,irregular
573390.jpg,elliptical
573397.jpg,elliptical
573407.jpg,spiral
573417.jpg,elliptical
573430.jpg,elliptical
573438.jpg,elliptical
573462.jpg,spiral
573468.jpg,elliptical
573474.jpg,elliptical
573484.jpg,spiral
573543.jpg,elliptical
573548.jpg,elliptical
573550.jpg,irregular
573555.jpg,elliptical
573583.jpg,elliptical
573588.jpg,irregular
573625.jpg,elliptical
573651.jpg,spiral
573689.jpg,irregular
573691.jpg,spiral
573699.jpg,spiral
573707.jpg,elliptical
573721.jpg,elliptical
573736.jpg,spiral
573774.jpg,elliptical
573808.jpg,irregular
573824.jpg,elliptical
573843.jpg,elliptical
573863.jpg,spiral
573885.jpg,elliptical
573888.jpg,spiral
573906.jpg,irregular
573927.jpg,elliptical
573935.jpg,irregular
573937.jpg,irregular
573949.jpg,irregular
573983.jpg,elliptical
574005.jpg,irregular
574015.jpg,elliptical
574027.jpg,spiral
574057.jpg,spiral
574091.jpg,irregular
574137.jpg,spiral
574138.jpg,elliptical
574168.jpg,spiral
574196.jpg,spiral
574211.jpg,elliptical
574216.jpg,elliptical
574218.jpg,elliptical
574244.jpg,elliptical
574245.jpg,irregular
574252.jpg,irregular
574257.jpg,elliptical
574280.jpg,spiral
574305.jpg,spiral
574324.jpg,elliptical
574333.jpg,elliptical
574336.jpg,elliptical
574356.jpg,elliptical
574376.jpg,elliptical
574408.jpg,elliptical
574436.jpg,spiral
574439.jpg,irregular
574442.jpg,elliptical
574461.jpg,spiral
574479.jpg,elliptical
574494.jpg,elliptical
574539.jpg,elliptical
574540.jpg,elliptical
574587.jpg,elliptical
574601.jpg,elliptical
574635.jpg,elliptical
574676.jpg,elliptical
574679.jpg,irregular
574697.jpg,elliptical
574705.jpg,elliptical
574733.jpg,elliptical
574743.jpg,spiral
574770.jpg,elliptical
574781.jpg,irregular
574787.jpg,elliptical
574799.jpg,elliptical
574803.jpg,irregular
574836.jpg,elliptical
574851.jpg,elliptical
574933.jpg,elliptical
574937.jpg,elliptical
574939.jpg,elliptical
575005.jpg,irregular
575007.jpg,elliptical
575147.jpg,elliptical
575153.jpg,spiral
575161.jpg,elliptical
575211.jpg,elliptical
575227.jpg,spiral
575237.jpg,irregular
575242.jpg,elliptical
575248.jpg,elliptical
575278.jpg,irregular
575293.jpg,irregular
575329.jpg,elliptical
575386.jpg,elliptical
575393.jpg,spiral
575400.jpg,elliptical
575461.jpg,elliptical
575512.jpg,spiral
575517.jpg,spiral
575520.jpg,elliptical
575528.jpg,elliptical
575553.jpg,irregular
575590.jpg,elliptical
575614.jpg,elliptical
575630.jpg,irregular
575632.jpg,elliptical
575667.jpg,elliptical
575735.jpg,spiral
575888.jpg,elliptical
575892.jpg,elliptical
575897.jpg,elliptical
575898.jpg,elliptical
575923.jpg,elliptical
575935.jpg,spiral
575948.jpg,elliptical
575951.jpg,elliptical
575960.jpg,elliptical
575980.jpg,elliptical
575986.jpg,irregular
575988.jpg,elliptical
576011.jpg,elliptical
576028.jpg,elliptical
576042.jpg,spiral
576045.jpg,spiral
576046.jpg,irregular
576063.jpg,elliptical
576109.jpg,spiral
576130.jpg,elliptical
576149.jpg,elliptical
576168.jpg,elliptical
576176.jpg,elliptical
576207.jpg,elliptical
576219.jpg,elliptical
576234.jpg,elliptical
576246.jpg,elliptical
576253.jpg,elliptical
576280.jpg,elliptical
576315.jpg,elliptical
576317.jpg,elliptical
576330.jpg,elliptical
576347.jpg,spiral
576368.jpg,elliptical
576401.jpg,spiral
576420.jpg,irregular
576436.jpg,spiral
576496.jpg,spiral
576500.jpg,elliptical
576503.jpg,spiral
576507.jpg,irregular
576557.jpg,elliptical
576558.jpg,elliptical
576596.jpg,elliptical
576620.jpg,elliptical
576630.jpg,elliptical
576632.jpg,elliptical
576633.jpg,elliptical
576638.jpg,elliptical
576642.jpg,elliptical
576643.jpg,elliptical
576672.jpg,elliptical
576679.jpg,spiral
576680.jpg,elliptical
576703.jpg,irregular
576728.jpg,elliptical
576834.jpg,elliptical
576843.jpg,irregular
576864.jpg,elliptical
576895.jpg,elliptical
576910.jpg,spiral
576913.jpg,elliptical
576975.jpg,elliptical
577036.jpg,irregular
577046.jpg,elliptical
577052.jpg,irregular
577109.jpg,elliptical
577142.jpg,elliptical
577147.jpg,irregular
577150.jpg,elliptical
577162.jpg,elliptical
577185.jpg,elliptical
577198.jpg,elliptical
577208.jpg,elliptical
577237.jpg,spiral
577252.jpg,irregular
577349.jpg,irregular
577389.jpg,irregular
577399.jpg,elliptical
577402.jpg,elliptical
577427.jpg,elliptical
577448.jpg,spiral
577452.jpg,spiral
577478.jpg,elliptical
577488.jpg,elliptical
577496.jpg,irregular
577555.jpg,elliptical
577655.jpg,elliptical
577678.jpg,irregular
577691.jpg,irregular
577708.jpg,elliptical
577793.jpg,spiral
577797.jpg,spiral
577813.jpg,elliptical
577816.jpg,elliptical
577829.jpg,elliptical
577864.jpg,spiral
577995.jpg,elliptical
578017.jpg,spiral
578039.jpg,elliptical
578046.jpg,elliptical
578054.jpg,elliptical
578103.jpg,irregular
578113.jpg,spiral
578122.jpg,spiral
578143.jpg,elliptical
578171.jpg,spiral
578216.jpg,spiral
578225.jpg,irregular
578241.jpg,elliptical
578256.jpg,spiral
578257.jpg,spiral
578294.jpg,spiral
578365.jpg,spiral
578366.jpg,elliptical
578370.jpg,elliptical
578372.jpg,irregular
578387.jpg,irregular
578395.jpg,irregular
578406.jpg,elliptical
578418.jpg,elliptical
578439.jpg,elliptical
578450.jpg,spiral
578517.jpg,irregular
578556.jpg,irregular
578565.jpg,irregular
578574.jpg,spiral
578601.jpg,elliptical
578614.jpg,elliptical
578636.jpg,elliptical
578638.jpg,spiral
578640.jpg,irregular
578654.jpg,elliptical
578665.jpg,irregular
578684.jpg,elliptical
578719.jpg,elliptical
578728.jpg,spiral
578729.jpg,elliptical
578756.jpg,elliptical
578757.jpg,elliptical
578770.jpg,spiral
578807.jpg,elliptical
578823.jpg,elliptical
578857.jpg,irregular
578896.jpg,elliptical
578941.jpg,spiral
578945.jpg,irregular
578947.jpg,spiral
578957.jpg,elliptical
579057.jpg,elliptical
579084.jpg,elliptical
579091.jpg,spiral
579119.jpg,irregular
579133.jpg,spiral
579140.jpg,irregular
579172.jpg,elliptical
579232.jpg,elliptical
579309.jpg,elliptical
579317.jpg,elliptical
579337.jpg,elliptical
579345.jpg,elliptical
579346.jpg,elliptical
579360.jpg,elliptical
579397.jpg,elliptical
579452.jpg,spiral
579468.jpg,irregular
579477.jpg,elliptical
579485.jpg,irregular
579497.jpg,spiral
579508.jpg,elliptical
579511.jpg,elliptical
579524.jpg,irregular
579566.jpg,elliptical
579577.jpg,elliptical
579578.jpg,elliptical
579597.jpg,irregular
579607.jpg,spiral
579641.jpg,elliptical
579696.jpg,irregular
579700.jpg,irregular
579738.jpg,elliptical
579740.jpg,irregular
579742.jpg,elliptical
579750.jpg,irregular
579785.jpg,irregular
579786.jpg,elliptical
579809.jpg,irregular
579831.jpg,elliptical
579835.jpg,irregular
579846.jpg,elliptical
579889.jpg,elliptical
579918.jpg,elliptical
579936.jpg,irregular
579943.jpg,elliptical
579951.jpg,elliptical
579970.jpg,spiral
579986.jpg,elliptical
580001.jpg,elliptical
580007.jpg,elliptical
580008.jpg,elliptical
580013.jpg,elliptical
580053.jpg,spiral
580058.jpg,spiral
580061.jpg,spiral
580106.jpg,elliptical
580112.jpg,spiral
580136.jpg,spiral
580142.jpg,elliptical
580171.jpg,irregular
580185.jpg,spiral
580286.jpg,elliptical
580312.jpg,spiral
580332.jpg,elliptical
580357.jpg,irregular
580386.jpg,elliptical
580444.jpg,elliptical
580452.jpg,elliptical
580482.jpg,irregular
580522.jpg,elliptical
580582.jpg,elliptical
580597.jpg,elliptical
580616.jpg,irregular
580617.jpg,elliptical
580672.jpg,elliptical
580696.jpg,spiral
580714.jpg,spiral
580725.jpg,elliptical
580728.jpg,elliptical
580786.jpg,spiral
580825.jpg,irregular
580861.jpg,irregular
580900.jpg,elliptical
580954.jpg,spiral
580987.jpg,irregular
581019.jpg,elliptical
581033.jpg,spiral
581107.jpg,irregular
581144.jpg,irregular
581174.jpg,elliptical
581201.jpg,spiral
581225.jpg,spiral
581246.jpg,elliptical
581259.jpg,elliptical
581260.jpg,spiral
581322.jpg,spiral
581333.jpg,irregular
581364.jpg,elliptical
581370.jpg,elliptical
581381.jpg,elliptical
581382.jpg,elliptical
581386.jpg,elliptical
581391.jpg,elliptical
581460.jpg,spiral
581476.jpg,irregular
581496.jpg,elliptical
581501.jpg,elliptical
581519.jpg,elliptical
581537.jpg,elliptical
581599.jpg,irregular
581620.jpg,elliptical
581628.jpg,elliptical
581629.jpg,spiral
581642.jpg,elliptical
581652.jpg,spiral
581664.jpg,elliptical
581667.jpg,irregular
581690.jpg,elliptical
581695.jpg,spiral
581697.jpg,spiral
581729.jpg,elliptical
581747.jpg,irregular
581778.jpg,elliptical
581786.jpg,spiral
581817.jpg,elliptical
581820.jpg,elliptical
581840.jpg,elliptical
581847.jpg,elliptical
581867.jpg,irregular
581872.jpg,spiral
581896.jpg,spiral
581898.jpg,spiral
581940.jpg,irregular
581942.jpg,elliptical
581956.jpg,elliptical
581976.jpg,irregular
582003.jpg,elliptical
582022.jpg,elliptical
582055.jpg,spiral
582064.jpg,spiral
582075.jpg,elliptical
582098.jpg,elliptical
582099.jpg,elliptical
582139.jpg,elliptical
582140.jpg,spiral
582146.jpg,elliptical
582156.jpg,elliptical
582158.jpg,elliptical
582166.jpg,elliptical
582180.jpg,elliptical
582199.jpg,spiral
582227.jpg,irregular
582237.jpg,spiral
582255.jpg,spiral
582257.jpg,irregular
582281.jpg,irregular
582311.jpg,elliptical
582339.jpg,elliptical
582377.jpg,elliptical
582391.jpg,spiral
582402.jpg,elliptical
582411.jpg,spiral
582418.jpg,elliptical
582468.jpg,elliptical
582482.jpg,elliptical
582493.jpg,elliptical
582495.jpg,elliptical
582513.jpg,elliptical
582519.jpg,elliptical
582536.jpg,irregular
582537.jpg,elliptical
582548.jpg,irregular
582563.jpg,irregular
582615.jpg,elliptical
582619.jpg,irregular
582635.jpg,elliptical
582650.jpg,elliptical
582653.jpg,elliptical
582673.jpg,elliptical
582729.jpg,elliptical
582744.jpg,elliptical
582761.jpg,spiral
582768.jpg,elliptical
582791.jpg,elliptical
582822.jpg,spiral
582828.jpg,elliptical
582841.jpg,elliptical
582886.jpg,elliptical
582888.jpg,elliptical
582904.jpg,elliptical
582911.jpg,elliptical
582941.jpg,elliptical
582944.jpg,elliptical
582961.jpg,elliptical
582968.jpg,irregular
583004.jpg,elliptical
583025.jpg,elliptical
583031.jpg,elliptical
583046.jpg,elliptical
583048.jpg,irregular
583089.jpg,irregular
583094.jpg,spiral
583117.jpg,spiral
583121.jpg,spiral
583128.jpg,irregular
583130.jpg,spiral
583143.jpg,spiral
583151.jpg,irregular
583152.jpg,elliptical
583166.jpg,elliptical
583181.jpg,elliptical
583187.jpg,spiral
583207.jpg,elliptical
583265.jpg,elliptical
583311.jpg,elliptical
583347.jpg,spiral
583371.jpg,elliptical
583403.jpg,spiral
583424.jpg,elliptical
583435.jpg,elliptical
583439.jpg,spiral
583502.jpg,elliptical
583524.jpg,elliptical
583550.jpg,elliptical
583565.jpg,irregular
583583.jpg,elliptical
583623.jpg,spiral
583639.jpg,elliptical
583649.jpg,elliptical
583715.jpg,spiral
583789.jpg,elliptical
583795.jpg,elliptical
583820.jpg,spiral
583867.jpg,elliptical
583878.jpg,elliptical
583888.jpg,elliptical
583889.jpg,irregular
583898.jpg,elliptical
583945.jpg,spiral
583950.jpg,spiral
584025.jpg,spiral
584055.jpg,irregular
584060.jpg,elliptical
584105.jpg,spiral
584128.jpg,elliptical
584173.jpg,spiral
584200.jpg,irregular
584205.jpg,elliptical
584254.jpg,elliptical
584295.jpg,irregular
584301.jpg,elliptical
584324.jpg,elliptical
584328.jpg,elliptical
584335.jpg,elliptical
584346.jpg,elliptical
584391.jpg,irregular
584396.jpg,irregular
584420.jpg,elliptical
584518.jpg,spiral
584541.jpg,elliptical
584544.jpg,spiral
584563.jpg,elliptical
584576.jpg,spiral
584591.jpg,spiral
584597.jpg,elliptical
584600.jpg,elliptical
584602.jpg,elliptical
584650.jpg,irregular
584669.jpg,elliptical
584676.jpg,spiral
584695.jpg,spiral
584713.jpg,elliptical
584721.jpg,spiral
584738.jpg,irregular
584758.jpg,spiral
584773.jpg,elliptical
584775.jpg,spiral
584866.jpg,spiral
584882.jpg,elliptical
584891.jpg,irregular
584892.jpg,elliptical
584963.jpg,elliptical
584969.jpg,elliptical
585007.jpg,elliptical
585042.jpg,elliptical
585048.jpg,spiral
585052.jpg,elliptical
585068.jpg,irregular
585084.jpg,irregular
585106.jpg,elliptical
585135.jpg,irregular
585186.jpg,irregular
585194.jpg,elliptical
585199.jpg,spiral
585200.jpg,elliptical
585210.jpg,elliptical
585212.jpg,elliptical
585284.jpg,elliptical
585301.jpg,elliptical
585308.jpg,irregular
585372.jpg,elliptical
585467.jpg,spiral
585472.jpg,elliptical
585485.jpg,spiral
585493.jpg,irregular
585542.jpg,spiral
585555.jpg,irregular
585568.jpg,irregular
585592.jpg,elliptical
585602.jpg,elliptical
585611.jpg,elliptical
585614.jpg,spiral
585646.jpg,spiral
585656.jpg,spiral
585660.jpg,spiral
585687.jpg,elliptical
585699.jpg,spiral
585716.jpg,elliptical
585774.jpg,irregular
585782.jpg,elliptical
585800.jpg,elliptical
585840.jpg,elliptical
585845.jpg,irregular
585853.jpg,elliptical
585872.jpg,elliptical
585876.jpg,irregular
585887.jpg,elliptical
585971.jpg,elliptical
585972.jpg,elliptical
585988.jpg,elliptical
585998.jpg,spiral
586014.jpg,elliptical
586148.jpg,irregular
586166.jpg,spiral
586177.jpg,spiral
586182.jpg,elliptical
586239.jpg,elliptical
586249.jpg,irregular
586271.jpg,irregular
586290.jpg,elliptical
586353.jpg,irregular
586359.jpg,elliptical
586378.jpg,elliptical
586417.jpg,elliptical
586447.jpg,elliptical
586456.jpg,elliptical
586459.jpg,irregular
586501.jpg,elliptical
586538.jpg,elliptical
586571.jpg,irregular
586572.jpg,elliptical
586574.jpg,elliptical
586591.jpg,elliptical
586612.jpg,irregular
586616.jpg,irregular
586623.jpg,spiral
586639.jpg,elliptical
586643.jpg,irregular
586658.jpg,spiral
586694.jpg,elliptical
586708.jpg,elliptical
586715.jpg,spiral
586771.jpg,elliptical
586777.jpg,spiral
586795.jpg,elliptical
586854.jpg,elliptical
586914.jpg,spiral
586927.jpg,elliptical
586929.jpg,spiral
586933.jpg,elliptical
586981.jpg,irregular
586991.jpg,elliptical
587008.jpg,spiral
587019.jpg,elliptical
587029.jpg,irregular
587034.jpg,elliptical
587063.jpg,elliptical
587070.jpg,elliptical
587092.jpg,elliptical
587098.jpg,spiral
587116.jpg,elliptical
587128.jpg,elliptical
587167.jpg,elliptical
587174.jpg,spiral
587179.jpg,elliptical
587188.jpg,elliptical
587202.jpg,elliptical
587211.jpg,elliptical
587292.jpg,elliptical
587308.jpg,elliptical
587311.jpg,elliptical
587320.jpg,elliptical
587424.jpg,elliptical
587447.jpg,elliptical
587485.jpg,elliptical
587517.jpg,elliptical
587537.jpg,elliptical
587551.jpg,irregular
587562.jpg,elliptical
587564.jpg,spiral
587567.jpg,elliptical
587575.jpg,spiral
587598.jpg,irregular
587622.jpg,elliptical
587646.jpg,elliptical
587679.jpg,elliptical
587687.jpg,elliptical
587692.jpg,irregular
587693.jpg,irregular
587708.jpg,irregular
587716.jpg,elliptical
587723.jpg,irregular
587727.jpg,elliptical
587743.jpg,irregular
587780.jpg,spiral
587914.jpg,elliptical
587942.jpg,elliptical
587965.jpg,elliptical
588016.jpg,elliptical
588019.jpg,irregular
588044.jpg,elliptical
588060.jpg,elliptical
588091.jpg,elliptical
588175.jpg,spiral
588188.jpg,elliptical
588210.jpg,elliptical
588234.jpg,spiral
588247.jpg,elliptical
588259.jpg,irregular
588269.jpg,elliptical
588271.jpg,elliptical
588276.jpg,irregular
588300.jpg,elliptical
588303.jpg,elliptical
588317.jpg,spiral
588336.jpg,spiral
588356.jpg,spiral
588359.jpg,spiral
588361.jpg,spiral
588377.jpg,elliptical
588408.jpg,irregular
588418.jpg,irregular
588434.jpg,irregular
588462.jpg,spiral
588480.jpg,elliptical
588490.jpg,irregular
588531.jpg,elliptical
588533.jpg,irregular
588551.jpg,elliptical
588555.jpg,irregular
588559.jpg,elliptical
588607.jpg,elliptical
588613.jpg,elliptical
588621.jpg,spiral
588630.jpg,elliptical
588640.jpg,irregular
588676.jpg,elliptical
588686.jpg,elliptical
588694.jpg,elliptical
588705.jpg,spiral
588712.jpg,irregular
588715.jpg,irregular
588744.jpg,spiral
588785.jpg,elliptical
588808.jpg,spiral
588809.jpg,elliptical
588810.jpg,elliptical
588820.jpg,spiral
588859.jpg,elliptical
588878.jpg,elliptical
588888.jpg,irregular
588893.jpg,elliptical
588936.jpg,elliptical
588941.jpg,elliptical
588967.jpg,elliptical
589002.jpg,elliptical
589030.jpg,elliptical
589044.jpg,elliptical
589058.jpg,elliptical
589085.jpg,spiral
589088.jpg,spiral
589103.jpg,elliptical
589118.jpg,elliptical
589135.jpg,elliptical
589139.jpg,elliptical
589157.jpg,elliptical
589171.jpg,elliptical
589223.jpg,spiral
589224.jpg,spiral
589249.jpg,spiral
589258.jpg,spiral
589270.jpg,spiral
589280.jpg,elliptical
589286.jpg,irregular
589303.jpg,elliptical
589322.jpg,elliptical
589340.jpg,spiral
589344.jpg,irregular
589380.jpg,spiral
589393.jpg,elliptical
589395.jpg,elliptical
589399.jpg,spiral
589418.jpg,elliptical
589424.jpg,irregular
589429.jpg,elliptical
589432.jpg,elliptical
589457.jpg,elliptical
589458.jpg,spiral
589516.jpg,irregular
589546.jpg,elliptical
589600.jpg,irregular
589610.jpg,elliptical
589660.jpg,elliptical
589669.jpg,spiral
589674.jpg,spiral
589708.jpg,elliptical
589766.jpg,elliptical
589780.jpg,elliptical
589796.jpg,spiral
589857.jpg,elliptical
589878.jpg,elliptical
589907.jpg,elliptical
589931.jpg,irregular
589941.jpg,spiral
589976.jpg,elliptical
589990.jpg,elliptical
590006.jpg,irregular
590014.jpg,elliptical
590042.jpg,irregular
590044.jpg,spiral
590056.jpg,elliptical
590061.jpg,elliptical
590071.jpg,elliptical
590080.jpg,elliptical
590095.jpg,spiral
590097.jpg,elliptical
590142.jpg,irregular
590165.jpg,irregular
590168.jpg,elliptical
590217.jpg,spiral
590225.jpg,irregular
590239.jpg,elliptical
590243.jpg,elliptical
590244.jpg,elliptical
590260.jpg,elliptical
590279.jpg,irregular
590297.jpg,spiral
590334.jpg,elliptical
590448.jpg,elliptical
590463.jpg,elliptical
590477.jpg,elliptical
590481.jpg,spiral
590504.jpg,irregular
590505.jpg,elliptical
590548.jpg,elliptical
590554.jpg,irregular
590555.jpg,spiral
590575.jpg,elliptical
590596.jpg,elliptical
590624.jpg,elliptical
590628.jpg,spiral
590649.jpg,elliptical
590710.jpg,elliptical
590760.jpg,elliptical
590796.jpg,irregular
590810.jpg,elliptical
590876.jpg,spiral
590896.jpg,elliptical
590951.jpg,irregular
590981.jpg,elliptical
590984.jpg,elliptical
591005.jpg,spiral
591026.jpg,elliptical
591065.jpg,elliptical
591086.jpg,spiral
591099.jpg,elliptical
591117.jpg,elliptical
591142.jpg,elliptical
591154.jpg,irregular
591163.jpg,elliptical
591172.jpg,spiral
591183.jpg,elliptical
591238.jpg,elliptical
591246.jpg,elliptical
591280.jpg,elliptical
591341.jpg,elliptical
591342.jpg,elliptical
591353.jpg,elliptical
591354.jpg,elliptical
591383.jpg,irregular
591400.jpg,elliptical
591423.jpg,elliptical
591426.jpg,elliptical
591474.jpg,spiral
591505.jpg,irregular
591514.jpg,elliptical
591530.jpg,irregular
591533.jpg,elliptical
591575.jpg,elliptical
591608.jpg,irregular
591675.jpg,elliptical
591707.jpg,irregular
591714.jpg,irregular
591729.jpg,elliptical
591751.jpg,spiral
591768.jpg,elliptical
591775.jpg,spiral
591795.jpg,irregular
591817.jpg,irregular
591866.jpg,spiral
591884.jpg,spiral
591887.jpg,elliptical
591947.jpg,spiral
591987.jpg,elliptical
592052.jpg,elliptical
592062.jpg,elliptical
592085.jpg,spiral
592092.jpg,elliptical
592138.jpg,elliptical
592148.jpg,irregular
592189.jpg,spiral
592198.jpg,spiral
592206.jpg,irregular
592304.jpg,irregular
592309.jpg,spiral
592322.jpg,elliptical
592337.jpg,irregular
592344.jpg,elliptical
592358.jpg,irregular
592384.jpg,elliptical
592398.jpg,elliptical
592417.jpg,elliptical
592495.jpg,elliptical
592522.jpg,elliptical
592557.jpg,spiral
592588.jpg,spiral
592595.jpg,spiral
592607.jpg,spiral
592620.jpg,elliptical
592623.jpg,elliptical
592629.jpg,spiral
592635.jpg,elliptical
592649.jpg,irregular
592664.jpg,spiral
592665.jpg,spiral
592667.jpg,elliptical
592679.jpg,elliptical
592698.jpg,irregular
592702.jpg,elliptical
592745.jpg,elliptical
592800.jpg,elliptical
592857.jpg,spiral
592893.jpg,elliptical
592895.jpg,elliptical
592923.jpg,elliptical
592928.jpg,spiral
592943.jpg,elliptical
592972.jpg,elliptical
593007.jpg,irregular
593031.jpg,elliptical
593066.jpg,elliptical
593070.jpg,elliptical
593077.jpg,spiral
593091.jpg,elliptical
593119.jpg,elliptical
593167.jpg,elliptical
593203.jpg,elliptical
593230.jpg,spiral
593250.jpg,elliptical
593257.jpg,irregular
593266.jpg,elliptical
593298.jpg,irregular
593308.jpg,elliptical
593371.jpg,elliptical
593381.jpg,elliptical
593410.jpg,elliptical
593425.jpg,spiral
593452.jpg,elliptical
593466.jpg,spiral
593471.jpg,elliptical
593542.jpg,spiral
593556.jpg,elliptical
593580.jpg,elliptical
593588.jpg,elliptical
593590.jpg,elliptical
593611.jpg,elliptical
593621.jpg,elliptical
593625.jpg,elliptical
593627.jpg,elliptical
593630.jpg,spiral
593662.jpg,irregular
593711.jpg,elliptical
593713.jpg,irregular
593727.jpg,elliptical
593737.jpg,elliptical
593746.jpg,elliptical
593756.jpg,elliptical
593766.jpg,elliptical
593767.jpg,irregular
593810.jpg,spiral
593832.jpg,elliptical
593874.jpg,irregular
593877.jpg,irregular
593916.jpg,irregular
593939.jpg,spiral
593942.jpg,elliptical
593971.jpg,elliptical
593985.jpg,elliptical
593988.jpg,elliptical
593999.jpg,irregular
594101.jpg,elliptical
594111.jpg,irregular
594127.jpg,irregular
594146.jpg,irregular
594188.jpg,elliptical
594191.jpg,elliptical
594204.jpg,irregular
594212.jpg,irregular
594225.jpg,irregular
594286.jpg,elliptical
594298.jpg,elliptical
594322.jpg,irregular
594336.jpg,spiral
594341.jpg,elliptical
594349.jpg,irregular
594380.jpg,elliptical
594416.jpg,elliptical
594429.jpg,spiral
594471.jpg,spiral
594495.jpg,elliptical
594512.jpg,elliptical
594528.jpg,spiral
594532.jpg,irregular
594551.jpg,spiral
594580.jpg,elliptical
594584.jpg,elliptical
594643.jpg,elliptical
594712.jpg,irregular
594745.jpg,irregular
594746.jpg,spiral
594748.jpg,elliptical
594749.jpg,elliptical
594810.jpg,spiral
594812.jpg,elliptical
594827.jpg,irregular
594841.jpg,irregular
594855.jpg,elliptical
594860.jpg,spiral
594956.jpg,spiral
594970.jpg,elliptical
594971.jpg,elliptical
594975.jpg,spiral
595008.jpg,spiral
595031.jpg,spiral
595057.jpg,spiral
595071.jpg,elliptical
595078.jpg,irregular
595081.jpg,elliptical
595090.jpg,elliptical
595116.jpg,spiral
595146.jpg,spiral
595216.jpg,spiral
595234.jpg,irregular
595246.jpg,elliptical
595264.jpg,elliptical
595265.jpg,spiral
595295.jpg,irregular
595336.jpg,elliptical
595346.jpg,spiral
595364.jpg,elliptical
595404.jpg,irregular
595434.jpg,spiral
595450.jpg,elliptical
595456.jpg,elliptical
595462.jpg,irregular
595473.jpg,elliptical
595482.jpg,elliptical
595484.jpg,elliptical
595488.jpg,elliptical
595509.jpg,elliptical
595526.jpg,elliptical
595538.jpg,elliptical
595569.jpg,elliptical
595576.jpg,spiral
595585.jpg,elliptical
595603.jpg,spiral
595666.jpg,elliptical
595669.jpg,elliptical
595680.jpg,elliptical
595705.jpg,elliptical
595720.jpg,elliptical
595733.jpg,irregular
595750.jpg,irregular
595757.jpg,elliptical
595792.jpg,elliptical
595830.jpg,irregular
595832.jpg,elliptical
595848.jpg,elliptical
595861.jpg,elliptical
595869.jpg,elliptical
595915.jpg,irregular
595940.jpg,elliptical
595969.jpg,irregular
595996.jpg,irregular
596014.jpg,elliptical
596020.jpg,irregular
596072.jpg,elliptical
596092.jpg,elliptical
596093.jpg,spiral
596122.jpg,irregular
596153.jpg,irregular
596180.jpg,elliptical
596256.jpg,elliptical
596261.jpg,spiral
596330.jpg,elliptical
596375.jpg,irregular
596389.jpg,irregular
596452.jpg,irregular
596502.jpg,elliptical
596542.jpg,elliptical
596551.jpg,elliptical
596602.jpg,elliptical
596611.jpg,spiral
596617.jpg,spiral
596621.jpg,elliptical
596665.jpg,elliptical
596691.jpg,spiral
596698.jpg,irregular
596742.jpg,irregular
596746.jpg,elliptical
596767.jpg,elliptical
596770.jpg,elliptical
596785.jpg,irregular
596788.jpg,elliptical
596794.jpg,elliptical
596805.jpg,irregular
596834.jpg,elliptical
596852.jpg,elliptical
596866.jpg,elliptical
596878.jpg,irregular
596891.jpg,elliptical
596944.jpg,spiral
597007.jpg,spiral
597029.jpg,spiral
597045.jpg,elliptical
597047.jpg,spiral
597069.jpg,spiral
597070.jpg,elliptical
597082.jpg,elliptical
597094.jpg,elliptical
597105.jpg,spiral
597106.jpg,irregular
597155.jpg,elliptical
597202.jpg,spiral
597226.jpg,elliptical
597266.jpg,spiral
597293.jpg,elliptical
597301.jpg,elliptical
597344.jpg,spiral
597345.jpg,spiral
597362.jpg,irregular
597372.jpg,irregular
597379.jpg,spiral
597385.jpg,elliptical
597452.jpg,spiral
597458.jpg,spiral
597509.jpg,irregular
597512.jpg,elliptical
597524.jpg,elliptical
597540.jpg,elliptical
597555.jpg,irregular
597578.jpg,elliptical
597586.jpg,elliptical
597618.jpg,irregular
597624.jpg,elliptical
597643.jpg,elliptical
597646.jpg,elliptical
597649.jpg,elliptical
597711.jpg,spiral
597716.jpg,elliptical
597726.jpg,irregular
597734.jpg,spiral
597745.jpg,irregular
597765.jpg,spiral
597792.jpg,irregular
597843.jpg,elliptical
597860.jpg,elliptical
597866.jpg,elliptical
597901.jpg,irregular
597903.jpg,elliptical
597924.jpg,spiral
597939.jpg,elliptical
597946.jpg,irregular
597955.jpg,elliptical
597993.jpg,elliptical
598012.jpg,elliptical
598015.jpg,elliptical
598114.jpg,elliptical
598147.jpg,elliptical
598156.jpg,spiral
598157.jpg,irregular
598181.jpg,irregular
598189.jpg,irregular
598211.jpg,elliptical
598229.jpg,irregular
598237.jpg,irregular
598268.jpg,elliptical
598273.jpg,irregular
598328.jpg,elliptical
598369.jpg,elliptical
598399.jpg,spiral
598414.jpg,spiral
598429.jpg,elliptical
598442.jpg,spiral
598472.jpg,elliptical
598508.jpg,spiral
598512.jpg,elliptical
598515.jpg,elliptical
598526.jpg,elliptical
598537.jpg,spiral
598554.jpg,elliptical
598597.jpg,elliptical
598626.jpg,elliptical
598628.jpg,spiral
598663.jpg,elliptical
598664.jpg,spiral
598672.jpg,spiral
598680.jpg,elliptical
598683.jpg,spiral
598741.jpg,irregular
598765.jpg,elliptical
598801.jpg,elliptical
598810.jpg,elliptical
598811.jpg,elliptical
598814.jpg,elliptical
598815.jpg,spiral
598838.jpg,irregular
598852.jpg,elliptical
598853.jpg,elliptical
598861.jpg,elliptical
598869.jpg,spiral
598880.jpg,elliptical
598890.jpg,elliptical
598904.jpg,irregular
598912.jpg,elliptical
598914.jpg,irregular
598916.jpg,elliptical
598926.jpg,irregular
598930.jpg,elliptical
598931.jpg,irregular
598968.jpg,elliptical
599031.jpg,irregular
599074.jpg,spiral
599075.jpg,elliptical
599137.jpg,elliptical
599181.jpg,elliptical
599223.jpg,elliptical
599251.jpg,spiral
599254.jpg,irregular
599255.jpg,elliptical
599293.jpg,elliptical
599302.jpg,spiral
599319.jpg,irregular
599346.jpg,spiral
599389.jpg,elliptical
599414.jpg,irregular
599423.jpg,elliptical
599446.jpg,elliptical
599459.jpg,irregular
599484.jpg,elliptical
599517.jpg,spiral
599548.jpg,elliptical
599573.jpg,spiral
599589.jpg,spiral
599647.jpg,spiral
599650.jpg,elliptical
599660.jpg,elliptical
599674.jpg,elliptical
599684.jpg,spiral
599705.jpg,elliptical
599722.jpg,elliptical
599749.jpg,spiral
599758.jpg,elliptical
599792.jpg,elliptical
599795.jpg,elliptical
599828.jpg,elliptical
599927.jpg,irregular
599956.jpg,elliptical
599968.jpg,irregular
599997.jpg,spiral
599999.jpg,elliptical
600006.jpg,spiral
600007.jpg,elliptical
600056.jpg,elliptical
600059.jpg,elliptical
600073.jpg,irregular
600134.jpg,elliptical
600137.jpg,irregular
600220.jpg,elliptical
600262.jpg,spiral
600297.jpg,elliptical
600301.jpg,elliptical
600314.jpg,spiral
600319.jpg,spiral
600323.jpg,elliptical
600329.jpg,elliptical
600339.jpg,elliptical
600342.jpg,irregular
600349.jpg,spiral
600394.jpg,irregular
600428.jpg,elliptical
600435.jpg,spiral
600446.jpg,spiral
600477.jpg,spiral
600499.jpg,irregular
600502.jpg,elliptical
600510.jpg,elliptical
600513.jpg,elliptical
600521.jpg,elliptical
600524.jpg,irregular
600550.jpg,elliptical
600569.jpg,elliptical
600612.jpg,elliptical
600616.jpg,elliptical
600621.jpg,elliptical
600702.jpg,irregular
600752.jpg,elliptical
600765.jpg,elliptical
600847.jpg,spiral
600855.jpg,elliptical
600872.jpg,elliptical
600935.jpg,spiral
600936.jpg,elliptical
600961.jpg,elliptical
600969.jpg,spiral
600973.jpg,elliptical
600974.jpg,spiral
601016.jpg,elliptical
601080.jpg,elliptical
601098.jpg,irregular
601101.jpg,spiral
601112.jpg,elliptical
601143.jpg,elliptical
601161.jpg,elliptical
601162.jpg,irregular
601174.jpg,irregular
601243.jpg,elliptical
601246.jpg,elliptical
601260.jpg,spiral
601271.jpg,elliptical
601347.jpg,elliptical
601390.jpg,elliptical
601423.jpg,elliptical
601462.jpg,elliptical
601481.jpg,elliptical
601518.jpg,elliptical
601541.jpg,elliptical
601589.jpg,elliptical
601592.jpg,irregular
601606.jpg,elliptical
601610.jpg,irregular
601616.jpg,spiral
601628.jpg,elliptical
601629.jpg,irregular
601638.jpg,elliptical
601667.jpg,spiral
601668.jpg,irregular
601678.jpg,elliptical
601718.jpg,elliptical
601739.jpg,spiral
601761.jpg,irregular
601770.jpg,irregular
601815.jpg,spiral
601827.jpg,irregular
601863.jpg,irregular
601869.jpg,spiral
601907.jpg,spiral
601912.jpg,irregular
601932.jpg,elliptical
601989.jpg,spiral
602062.jpg,elliptical
602075.jpg,spiral
602085.jpg,elliptical
602093.jpg,spiral
602105.jpg,elliptical
602130.jpg,irregular
602150.jpg,spiral
602153.jpg,irregular
602213.jpg,elliptical
602214.jpg,elliptical
602278.jpg,elliptical
602379.jpg,spiral
602403.jpg,elliptical
602407.jpg,elliptical
602433.jpg,elliptical
602441.jpg,elliptical
602443.jpg,elliptical
602445.jpg,elliptical
602471.jpg,elliptical
602481.jpg,elliptical
602533.jpg,spiral
602538.jpg,elliptical
602557.jpg,elliptical
602617.jpg,spiral
602622.jpg,elliptical
602668.jpg,irregular
602724.jpg,irregular
602743.jpg,irregular
602752.jpg,spiral
602766.jpg,elliptical
602778.jpg,elliptical
602781.jpg,elliptical
602797.jpg,elliptical
602801.jpg,irregular
602803.jpg,elliptical
602805.jpg,irregular
602817.jpg,irregular
602831.jpg,spiral
602868.jpg,elliptical
602908.jpg,irregular
602910.jpg,elliptical
602935.jpg,elliptical
602943.jpg,spiral
602946.jpg,elliptical
602955.jpg,elliptical
602957.jpg,elliptical
602959.jpg,elliptical
602966.jpg,elliptical
602991.jpg,elliptical
603032.jpg,elliptical
603077.jpg,irregular
603146.jpg,elliptical
603157.jpg,irregular
603159.jpg,spiral
603165.jpg,spiral
603206.jpg,irregular
603217.jpg,elliptical
603255.jpg,spiral
603265.jpg,irregular
603283.jpg,elliptical
603313.jpg,elliptical
603318.jpg,elliptical
603354.jpg,elliptical
603385.jpg,irregular
603391.jpg,elliptical
603416.jpg,spiral
603467.jpg,elliptical
603474.jpg,irregular
603492.jpg,elliptical
603498.jpg,elliptical
603523.jpg,irregular
603524.jpg,irregular
603547.jpg,spiral
603548.jpg,elliptical
603573.jpg,spiral
603576.jpg,irregular
603607.jpg,irregular
603617.jpg,elliptical
603622.jpg,elliptical
603633.jpg,spiral
603648.jpg,elliptical
603679.jpg,irregular
603713.jpg,elliptical
603729.jpg,spiral
603736.jpg,spiral
603740.jpg,irregular
603776.jpg,elliptical
603800.jpg,elliptical
603833.jpg,elliptical
603836.jpg,elliptical
603898.jpg,elliptical
603924.jpg,spiral
603947.jpg,spiral
603992.jpg,irregular
603998.jpg,elliptical
604008.jpg,elliptical
604036.jpg,spiral
604039.jpg,elliptical
604059.jpg,irregular
604071.jpg,spiral
604085.jpg,spiral
604113.jpg,elliptical
604139.jpg,elliptical
604165.jpg,elliptical
604205.jpg,elliptical
604215.jpg,elliptical
604240.jpg,elliptical
604266.jpg,elliptical
604269.jpg,elliptical
604272.jpg,irregular
604306.jpg,elliptical
604324.jpg,spiral
604373.jpg,elliptical
604378.jpg,irregular
604385.jpg,irregular
604448.jpg,irregular
604474.jpg,irregular
604478.jpg,elliptical
604491.jpg,elliptical
604492.jpg,irregular
604496.jpg,irregular
604516.jpg,elliptical
604525.jpg,elliptical
604560.jpg,irregular
604595.jpg,spiral
604597.jpg,elliptical
604607.jpg,spiral
604624.jpg,elliptical
604646.jpg,irregular
604647.jpg,spiral
604648.jpg,elliptical
604683.jpg,elliptical
604692.jpg,irregular
604729.jpg,spiral
604740.jpg,elliptical
604767.jpg,irregular
604771.jpg,elliptical
604828.jpg,elliptical
604848.jpg,elliptical
604860.jpg,elliptical
604885.jpg,elliptical
604904.jpg,elliptical
604920.jpg,elliptical
604956.jpg,elliptical
604959.jpg,elliptical
604969.jpg,elliptical
604999.jpg,elliptical
605022.jpg,spiral
605035.jpg,elliptical
605051.jpg,elliptical
605079.jpg,elliptical
605090.jpg,spiral
605125.jpg,elliptical
605134.jpg,elliptical
605167.jpg,spiral
605183.jpg,elliptical
605184.jpg,irregular
605218.jpg,spiral
605235.jpg,irregular
605310.jpg,elliptical
605314.jpg,elliptical
605318.jpg,spiral
605355.jpg,spiral
605363.jpg,elliptical
605396.jpg,spiral
605401.jpg,elliptical
605426.jpg,irregular
605486.jpg,elliptical
605506.jpg,spiral
605507.jpg,irregular
605533.jpg,elliptical
605546.jpg,elliptical
605549.jpg,elliptical
605550.jpg,elliptical
605564.jpg,irregular
605565.jpg,elliptical
605605.jpg,elliptical
605623.jpg,irregular
605636.jpg,irregular
605674.jpg,elliptical
605719.jpg,elliptical
605724.jpg,elliptical
605826.jpg,elliptical
605840.jpg,spiral
605854.jpg,spiral
605880.jpg,spiral
605907.jpg,elliptical
605910.jpg,irregular
605915.jpg,spiral
605918.jpg,elliptical
605928.jpg,elliptical
605945.jpg,spiral
605950.jpg,irregular
605959.jpg,elliptical
605961.jpg,irregular
605992.jpg,elliptical
606017.jpg,elliptical
606049.jpg,spiral
606078.jpg,spiral
606086.jpg,spiral
606098.jpg,spiral
606099.jpg,elliptical
606103.jpg,elliptical
606115.jpg,elliptical
606155.jpg,elliptical
606164.jpg,irregular
606165.jpg,elliptical
606229.jpg,irregular
606265.jpg,spiral
606289.jpg,irregular
606291.jpg,elliptical
606306.jpg,elliptical
606310.jpg,elliptical
606343.jpg,elliptical
606364.jpg,elliptical
606421.jpg,elliptical
606427.jpg,spiral
606435.jpg,elliptical
606443.jpg,spiral
606496.jpg,spiral
606507.jpg,elliptical
606555.jpg,elliptical
606565.jpg,elliptical
606573.jpg,spiral
606581.jpg,elliptical
606584.jpg,elliptical
606633.jpg,spiral
606665.jpg,spiral
606716.jpg,elliptical
606722.jpg,elliptical
606743.jpg,elliptical
606791.jpg,spiral
606802.jpg,irregular
606837.jpg,elliptical
606841.jpg,irregular
606847.jpg,elliptical
606853.jpg,irregular
606874.jpg,elliptical
606887.jpg,elliptical
606896.jpg,spiral
606904.jpg,elliptical
606915.jpg,spiral
606970.jpg,elliptical
607025.jpg,elliptical
607037.jpg,elliptical
607052.jpg,irregular
607054.jpg,elliptical
607085.jpg,elliptical
607163.jpg,elliptical
607166.jpg,elliptical
607188.jpg,spiral
607200.jpg,spiral
607285.jpg,elliptical
607293.jpg,elliptical
607314.jpg,elliptical
607321.jpg,elliptical
607324.jpg,irregular
607326.jpg,elliptical
607353.jpg,spiral
607374.jpg,elliptical
607398.jpg,elliptical
607416.jpg,elliptical
607420.jpg,elliptical
607435.jpg,spiral
607436.jpg,elliptical
607451.jpg,spiral
607488.jpg,irregular
607497.jpg,elliptical
607500.jpg,elliptical
607511.jpg,elliptical
607530.jpg,elliptical
607545.jpg,elliptical
607558.jpg,elliptical
607636.jpg,irregular
607651.jpg,irregular
607656.jpg,irregular
607692.jpg,elliptical
607694.jpg,spiral
607710.jpg,irregular
607734.jpg,elliptical
607735.jpg,elliptical
607738.jpg,spiral
607780.jpg,irregular
607785.jpg,elliptical
607797.jpg,elliptical
607836.jpg,spiral
607846.jpg,elliptical
607848.jpg,elliptical
607872.jpg,elliptical
607880.jpg,irregular
607931.jpg,elliptical
607952.jpg,irregular
607959.jpg,elliptical
607972.jpg,elliptical
608046.jpg,elliptical
608076.jpg,elliptical
608086.jpg,spiral
608113.jpg,elliptical
608128.jpg,spiral
608157.jpg,elliptical
608161.jpg,elliptical
608168.jpg,spiral
608190.jpg,elliptical
608194.jpg,elliptical
608219.jpg,elliptical
608223.jpg,elliptical
608251.jpg,irregular
608265.jpg,irregular
608281.jpg,spiral
608293.jpg,irregular
608297.jpg,elliptical
608301.jpg,irregular
608304.jpg,irregular
608316.jpg,spiral
608325.jpg,irregular
608339.jpg,spiral
608350.jpg,elliptical
608394.jpg,elliptical
608401.jpg,elliptical
608475.jpg,elliptical
608476.jpg,elliptical
608483.jpg,spiral
608543.jpg,elliptical
608580.jpg,elliptical
608613.jpg,elliptical
608654.jpg,irregular
608723.jpg,spiral
608725.jpg,spiral
608759.jpg,elliptical
608794.jpg,spiral
608812.jpg,elliptical
608832.jpg,irregular
608841.jpg,spiral
608903.jpg,irregular
608938.jpg,spiral
608943.jpg,spiral
608949.jpg,irregular
608961.jpg,elliptical
608970.jpg,irregular
609005.jpg,elliptical
609012.jpg,elliptical
609020.jpg,spiral
609042.jpg,irregular
609043.jpg,elliptical
609079.jpg,irregular
609127.jpg,spiral
609131.jpg,elliptical
609144.jpg,elliptical
609146.jpg,irregular
609153.jpg,elliptical
609183.jpg,elliptical
609194.jpg,elliptical
609196.jpg,elliptical
609209.jpg,elliptical
609318.jpg,irregular
609325.jpg,irregular
609337.jpg,spiral
609355.jpg,irregular
609357.jpg,irregular
609436.jpg,elliptical
609465.jpg,irregular
609484.jpg,elliptical
609489.jpg,elliptical
609526.jpg,irregular
609540.jpg,elliptical
609576.jpg,irregular
609588.jpg,elliptical
609606.jpg,irregular
609641.jpg,elliptical
609667.jpg,spiral
609669.jpg,elliptical
609687.jpg,elliptical
609696.jpg,elliptical
609813.jpg,elliptical
609815.jpg,elliptical
609857.jpg,irregular
609882.jpg,irregular
609886.jpg,elliptical
609935.jpg,elliptical
609937.jpg,elliptical
609962.jpg,spiral
609996.jpg,irregular
610002.jpg,spiral
610012.jpg,elliptical
610014.jpg,elliptical
610025.jpg,irregular
610027.jpg,irregular
610034.jpg,elliptical
610126.jpg,elliptical
610160.jpg,irregular
610162.jpg,elliptical
610165.jpg,elliptical
610237.jpg,elliptical
610261.jpg,elliptical
610298.jpg,irregular
610301.jpg,irregular
610323.jpg,irregular
610343.jpg,irregular
610382.jpg,elliptical
610392.jpg,spiral
610423.jpg,irregular
610436.jpg,spiral
610451.jpg,spiral
610462.jpg,elliptical
610466.jpg,elliptical
610479.jpg,elliptical
610498.jpg,elliptical
610502.jpg,irregular
610503.jpg,elliptical
610520.jpg,spiral
610528.jpg,elliptical
610540.jpg,elliptical
610558.jpg,spiral
610573.jpg,elliptical
610577.jpg,spiral
610669.jpg,elliptical
610670.jpg,irregular
610675.jpg,elliptical
610757.jpg,irregular
610770.jpg,spiral
610771.jpg,elliptical
610782.jpg,elliptical
610799.jpg,elliptical
610802.jpg,elliptical
610814.jpg,elliptical
610830.jpg,elliptical
610835.jpg,elliptical
610839.jpg,irregular
610861.jpg,elliptical
610890.jpg,elliptical
610912.jpg,elliptical
610937.jpg,elliptical
610939.jpg,elliptical
610964.jpg,spiral
610974.jpg,elliptical
610978.jpg,elliptical
610990.jpg,elliptical
611002.jpg,elliptical
611005.jpg,elliptical
611009.jpg,elliptical
611025.jpg,elliptical
611040.jpg,spiral
611068.jpg,elliptical
611113.jpg,elliptical
611118.jpg,elliptical
611143.jpg,irregular
611159.jpg,elliptical
611171.jpg,elliptical
611187.jpg,irregular
611194.jpg,irregular
611210.jpg,irregular
611240.jpg,spiral
611248.jpg,spiral
611303.jpg,irregular
611313.jpg,spiral
611320.jpg,irregular
611374.jpg,elliptical
611465.jpg,elliptical
611477.jpg,spiral
611482.jpg,irregular
611497.jpg,elliptical
611532.jpg,elliptical
611535.jpg,elliptical
611557.jpg,elliptical
611564.jpg,irregular
611572.jpg,irregular
611597.jpg,elliptical
611605.jpg,spiral
611617.jpg,elliptical
611629.jpg,spiral
611637.jpg,spiral
611673.jpg,elliptical
611680.jpg,elliptical
611705.jpg,irregular
611714.jpg,elliptical
611753.jpg,elliptical
611768.jpg,spiral
611787.jpg,elliptical
611793.jpg,elliptical
611805.jpg,irregular
611834.jpg,elliptical
611835.jpg,elliptical
611850.jpg,irregular
611864.jpg,elliptical
611888.jpg,spiral
611893.jpg,elliptical
611903.jpg,elliptical
611904.jpg,elliptical
611915.jpg,elliptical
611919.jpg,elliptical
611920.jpg,spiral
611923.jpg,spiral
611952.jpg,irregular
611974.jpg,elliptical
611987.jpg,elliptical
611990.jpg,irregular
612020.jpg,elliptical
612037.jpg,elliptical
612046.jpg,irregular
612054.jpg,elliptical
612063.jpg,elliptical
612094.jpg,elliptical
612096.jpg,elliptical
612099.jpg,elliptical
612107.jpg,elliptical
612108.jpg,elliptical
612121.jpg,elliptical
612124.jpg,spiral
612128.jpg,irregular
612139.jpg,elliptical
612201.jpg,elliptical
612262.jpg,irregular
612268.jpg,elliptical
612278.jpg,spiral
612332.jpg,spiral
612366.jpg,elliptical
612377.jpg,spiral
612389.jpg,elliptical
612393.jpg,elliptical
612394.jpg,spiral
612407.jpg,elliptical
612459.jpg,elliptical
612490.jpg,elliptical
612492.jpg,elliptical
612564.jpg,spiral
612565.jpg,elliptical
612572.jpg,irregular
612581.jpg,elliptical
612589.jpg,elliptical
612617.jpg,spiral
612622.jpg,irregular
612652.jpg,irregular
612661.jpg,irregular
612668.jpg,elliptical
612672.jpg,spiral
612705.jpg,elliptical
612731.jpg,irregular
612752.jpg,elliptical
612761.jpg,spiral
612841.jpg,elliptical
612857.jpg,irregular
612868.jpg,spiral
612881.jpg,elliptical
612889.jpg,elliptical
612903.jpg,spiral
612914.jpg,spiral
612965.jpg,elliptical
612973.jpg,elliptical
613003.jpg,elliptical
613012.jpg,elliptical
613014.jpg,elliptical
613054.jpg,irregular
613060.jpg,irregular
613121.jpg,spiral
613123.jpg,irregular
613145.jpg,irregular
613147.jpg,irregular
613168.jpg,elliptical
613192.jpg,elliptical
613205.jpg,spiral
613211.jpg,irregular
613215.jpg,irregular
613217.jpg,elliptical
613275.jpg,elliptical
613335.jpg,irregular
613346.jpg,elliptical
613387.jpg,irregular
613397.jpg,elliptical
613429.jpg,elliptical
613470.jpg,irregular
613484.jpg,elliptical
613518.jpg,irregular
613523.jpg,spiral
613550.jpg,irregular
613619.jpg,spiral
613625.jpg,elliptical
613646.jpg,spiral
613663.jpg,irregular
613667.jpg,elliptical
613673.jpg,elliptical
613680.jpg,elliptical
613681.jpg,irregular
613693.jpg,elliptical
613730.jpg,irregular
613745.jpg,elliptical
613764.jpg,elliptical
613798.jpg,elliptical
613828.jpg,elliptical
613840.jpg,spiral
613842.jpg,irregular
613850.jpg,elliptical
613872.jpg,elliptical
613878.jpg,spiral
613966.jpg,irregular
613974.jpg,elliptical
614013.jpg,irregular
614034.jpg,irregular
614066.jpg,elliptical
614073.jpg,elliptical
614084.jpg,spiral
614119.jpg,elliptical
614123.jpg,elliptical
614142.jpg,elliptical
614175.jpg,elliptical
614179.jpg,elliptical
614183.jpg,elliptical
614221.jpg,elliptical
614274.jpg,elliptical
614277.jpg,elliptical
614286.jpg,elliptical
614288.jpg,elliptical
614325.jpg,spiral
614389.jpg,elliptical
614403.jpg,elliptical
614417.jpg,irregular
614427.jpg,elliptical
614446.jpg,elliptical
614462.jpg,spiral
614487.jpg,irregular
614495.jpg,elliptical
614501.jpg,irregular
614521.jpg,elliptical
614527.jpg,elliptical
614532.jpg,elliptical
614563.jpg,irregular
614594.jpg,irregular
614600.jpg,irregular
614616.jpg,elliptical
614632.jpg,irregular
614633.jpg,elliptical
614642.jpg,elliptical
614679.jpg,elliptical
614695.jpg,irregular
614719.jpg,elliptical
614721.jpg,irregular
614737.jpg,irregular
614790.jpg,irregular
614847.jpg,irregular
614851.jpg,elliptical
614873.jpg,elliptical
614891.jpg,irregular
614921.jpg,elliptical
614928.jpg,elliptical
614955.jpg,elliptical
614959.jpg,spiral
615071.jpg,elliptical
615094.jpg,irregular
615095.jpg,elliptical
615121.jpg,elliptical
615146.jpg,elliptical
615185.jpg,irregular
615199.jpg,spiral
615234.jpg,elliptical
615257.jpg,irregular
615261.jpg,irregular
615263.jpg,elliptical
615305.jpg,elliptical
615329.jpg,spiral
615336.jpg,elliptical
615340.jpg,elliptical
615397.jpg,elliptical
615410.jpg,irregular
615424.jpg,elliptical
615429.jpg,irregular
615438.jpg,elliptical
615443.jpg,irregular
615474.jpg,spiral
615551.jpg,elliptical
615557.jpg,elliptical
615611.jpg,elliptical
615612.jpg,spiral
615622.jpg,elliptical
615629.jpg,elliptical
615643.jpg,spiral
615675.jpg,elliptical
615690.jpg,elliptical
615698.jpg,elliptical
615706.jpg,elliptical
615723.jpg,elliptical
615754.jpg,irregular
615801.jpg,elliptical
615805.jpg,elliptical
615807.jpg,elliptical
615816.jpg,elliptical
615836.jpg,spiral
615845.jpg,elliptical
615878.jpg,irregular
615884.jpg,elliptical
615885.jpg,elliptical
615889.jpg,spiral
615918.jpg,irregular
615930.jpg,irregular
615944.jpg,elliptical
615961.jpg,elliptical
615971.jpg,irregular
615989.jpg,elliptical
616031.jpg,irregular
616045.jpg,irregular
616096.jpg,irregular
616177.jpg,elliptical
616189.jpg,elliptical
616206.jpg,elliptical
616249.jpg,irregular
616268.jpg,irregular
616288.jpg,elliptical
616291.jpg,spiral
616294.jpg,spiral
616301.jpg,elliptical
616345.jpg,elliptical
616394.jpg,elliptical
616397.jpg,irregular
616420.jpg,elliptical
616449.jpg,spiral
616492.jpg,spiral
616527.jpg,spiral
616572.jpg,elliptical
616609.jpg,spiral
616639.jpg,elliptical
616644.jpg,irregular
616682.jpg,irregular
616712.jpg,spiral
616721.jpg,elliptical
616736.jpg,elliptical
616751.jpg,elliptical
616761.jpg,irregular
616767.jpg,spiral
616789.jpg,elliptical
616800.jpg,elliptical
616819.jpg,irregular
616875.jpg,elliptical
616891.jpg,elliptical
616930.jpg,irregular
616951.jpg,irregular
617000.jpg,elliptical
617012.jpg,spiral
617030.jpg,elliptical
617032.jpg,irregular
617077.jpg,spiral
617107.jpg,spiral
617139.jpg,spiral
617146.jpg,elliptical
617170.jpg,elliptical
617203.jpg,elliptical
617209.jpg,elliptical
617225.jpg,elliptical
617226.jpg,elliptical
617261.jpg,irregular
617267.jpg,spiral
617378.jpg,elliptical
617379.jpg,elliptical
617388.jpg,elliptical
617394.jpg,spiral
617408.jpg,elliptical
617410.jpg,spiral
617421.jpg,elliptical
617438.jpg,spiral
617496.jpg,elliptical
617515.jpg,elliptical
617526.jpg,spiral
617599.jpg,irregular
617609.jpg,elliptical
617612.jpg,elliptical
617641.jpg,elliptical
617678.jpg,elliptical
617732.jpg,elliptical
617754.jpg,elliptical
617757.jpg,spiral
617791.jpg,irregular
617792.jpg,elliptical
617840.jpg,elliptical
617853.jpg,elliptical
617893.jpg,irregular
617894.jpg,elliptical
617936.jpg,elliptical
617961.jpg,elliptical
617979.jpg,irregular
617996.jpg,elliptical
617997.jpg,spiral
618004.jpg,spiral
618027.jpg,spiral
618071.jpg,irregular
618095.jpg,spiral
618107.jpg,irregular
618144.jpg,elliptical
618147.jpg,elliptical
618178.jpg,spiral
618195.jpg,elliptical
618209.jpg,spiral
618238.jpg,irregular
618244.jpg,elliptical
618275.jpg,elliptical
618315.jpg,elliptical
618370.jpg,spiral
618374.jpg,spiral
618386.jpg,elliptical
618468.jpg,elliptical
618472.jpg,irregular
618481.jpg,elliptical
618511.jpg,elliptical
618540.jpg,elliptical
618548.jpg,elliptical
618552.jpg,spiral
618585.jpg,spiral
618668.jpg,spiral
618670.jpg,elliptical
618682.jpg,elliptical
618719.jpg,elliptical
618749.jpg,elliptical
618756.jpg,elliptical
618791.jpg,elliptical
618840.jpg,irregular
618856.jpg,elliptical
618883.jpg,elliptical
618939.jpg,irregular
618973.jpg,elliptical
619008.jpg,irregular
619015.jpg,elliptical
619020.jpg,elliptical
619040.jpg,spiral
619041.jpg,irregular
619099.jpg,spiral
619100.jpg,spiral
619137.jpg,irregular
619140.jpg,spiral
619142.jpg,elliptical
619149.jpg,elliptical
619153.jpg,irregular
619176.jpg,spiral
619204.jpg,elliptical
619240.jpg,spiral
619277.jpg,elliptical
619281.jpg,irregular
619302.jpg,irregular
619319.jpg,elliptical
619323.jpg,elliptical
619376.jpg,elliptical
619387.jpg,spiral
619406.jpg,elliptical
619429.jpg,spiral
619432.jpg,elliptical
619459.jpg,irregular
619495.jpg,elliptical
619521.jpg,spiral
619545.jpg,irregular
619549.jpg,irregular
619566.jpg,elliptical
619572.jpg,elliptical
619582.jpg,elliptical
619583.jpg,elliptical
619605.jpg,spiral
619657.jpg,elliptical
619661.jpg,irregular
619669.jpg,elliptical
619673.jpg,spiral
619675.jpg,irregular
619691.jpg,spiral
619693.jpg,irregular
619695.jpg,elliptical
619749.jpg,elliptical
619761.jpg,irregular
619815.jpg,elliptical
619854.jpg,elliptical
619858.jpg,spiral
619872.jpg,elliptical
619873.jpg,elliptical
619942.jpg,spiral
619981.jpg,elliptical
619990.jpg,spiral
620018.jpg,spiral
620043.jpg,irregular
620071.jpg,elliptical
620073.jpg,spiral
620100.jpg,irregular
620103.jpg,elliptical
620116.jpg,elliptical
620128.jpg,spiral
620132.jpg,elliptical
620148.jpg,spiral
620159.jpg,irregular
620204.jpg,spiral
620211.jpg,elliptical
620219.jpg,irregular
620231.jpg,irregular
620268.jpg,elliptical
620294.jpg,irregular
620321.jpg,elliptical
620323.jpg,elliptical
620360.jpg,elliptical
620387.jpg,elliptical
620401.jpg,elliptical
620466.jpg,elliptical
620468.jpg,elliptical
620469.jpg,elliptical
620486.jpg,irregular
620493.jpg,irregular
620511.jpg,elliptical
620519.jpg,irregular
620534.jpg,elliptical
620580.jpg,elliptical
620597.jpg,irregular
620675.jpg,elliptical
620684.jpg,spiral
620725.jpg,elliptical
620769.jpg,irregular
620772.jpg,irregular
620785.jpg,elliptical
620788.jpg,elliptical
620797.jpg,elliptical
620862.jpg,elliptical
620900.jpg,irregular
620907.jpg,irregular
620910.jpg,elliptical
620921.jpg,spiral
620937.jpg,elliptical
620938.jpg,elliptical
620952.jpg,elliptical
620954.jpg,elliptical
620965.jpg,elliptical
620974.jpg,elliptical
620989.jpg,elliptical
621006.jpg,elliptical
621051.jpg,irregular
621112.jpg,elliptical
621116.jpg,elliptical
621117.jpg,elliptical
621135.jpg,elliptical
621145.jpg,elliptical
621156.jpg,irregular
621222.jpg,elliptical
621240.jpg,elliptical
621258.jpg,elliptical
621284.jpg,elliptical
621322.jpg,elliptical
621329.jpg,elliptical
621334.jpg,spiral
621373.jpg,spiral
621380.jpg,spiral
621381.jpg,elliptical
621420.jpg,elliptical
621422.jpg,irregular
621429.jpg,spiral
621438.jpg,irregular
621443.jpg,elliptical
621499.jpg,elliptical
621601.jpg,elliptical
621621.jpg,elliptical
621624.jpg,irregular
621633.jpg,spiral
621640.jpg,elliptical
621641.jpg,irregular
621663.jpg,irregular
621690.jpg,elliptical
621724.jpg,elliptical
621737.jpg,elliptical
621817.jpg,spiral
621833.jpg,elliptical
621895.jpg,spiral
621927.jpg,elliptical
621930.jpg,irregular
621942.jpg,irregular
621955.jpg,irregular
621972.jpg,irregular
621974.jpg,elliptical
622010.jpg,elliptical
622013.jpg,elliptical
622042.jpg,irregular
622098.jpg,spiral
622118.jpg,elliptical
622120.jpg,elliptical
622132.jpg,elliptical
622165.jpg,elliptical
622170.jpg,elliptical
622202.jpg,spiral
622245.jpg,elliptical
622269.jpg,spiral
622289.jpg,elliptical
622304.jpg,elliptical
622381.jpg,spiral
622386.jpg,elliptical
622400.jpg,elliptical
622411.jpg,irregular
622424.jpg,irregular
622485.jpg,irregular
622489.jpg,elliptical
622533.jpg,elliptical
622534.jpg,spiral
622538.jpg,elliptical
622540.jpg,irregular
622544.jpg,elliptical
622547.jpg,elliptical
622558.jpg,elliptical
622563.jpg,spiral
622574.jpg,irregular
622590.jpg,elliptical
622625.jpg,elliptical
622628.jpg,spiral
622630.jpg,spiral
622652.jpg,irregular
622669.jpg,elliptical
622671.jpg,elliptical
622685.jpg,elliptical
622686.jpg,elliptical
622691.jpg,spiral
622727.jpg,elliptical
622744.jpg,elliptical
622802.jpg,spiral
622821.jpg,spiral
622827.jpg,irregular
622841.jpg,elliptical
622861.jpg,elliptical
622900.jpg,elliptical
622905.jpg,elliptical
622907.jpg,spiral
622924.jpg,irregular
622947.jpg,elliptical
622968.jpg,spiral
622969.jpg,spiral
622992.jpg,elliptical
622994.jpg,elliptical
622995.jpg,elliptical
623020.jpg,spiral
623102.jpg,elliptical
623106.jpg,irregular
623150.jpg,irregular
623183.jpg,spiral
623186.jpg,elliptical
623215.jpg,irregular
623243.jpg,elliptical
623255.jpg,irregular
623304.jpg,elliptical
623327.jpg,elliptical
623360.jpg,elliptical
623375.jpg,elliptical
623378.jpg,irregular
623384.jpg,elliptical
623390.jpg,elliptical
623391.jpg,elliptical
623446.jpg,elliptical
623451.jpg,elliptical
623458.jpg,spiral
623465.jpg,elliptical
623497.jpg,elliptical
623519.jpg,elliptical
623535.jpg,spiral
623542.jpg,irregular
623553.jpg,irregular
623556.jpg,elliptical
623570.jpg,irregular
623638.jpg,elliptical
623646.jpg,elliptical
623668.jpg,elliptical
623679.jpg,elliptical
623762.jpg,spiral
623771.jpg,elliptical
623818.jpg,spiral
623878.jpg,elliptical
623891.jpg,elliptical
623906.jpg,elliptical
623916.jpg,elliptical
623925.jpg,elliptical
623928.jpg,irregular
623936.jpg,spiral
623941.jpg,irregular
623969.jpg,elliptical
623986.jpg,elliptical
623989.jpg,elliptical
624017.jpg,irregular
624093.jpg,irregular
624094.jpg,irregular
624124.jpg,spiral
624168.jpg,spiral
624185.jpg,spiral
624213.jpg,irregular
624250.jpg,elliptical
624258.jpg,elliptical
624265.jpg,elliptical
624266.jpg,elliptical
624349.jpg,elliptical
624360.jpg,irregular
624364.jpg,elliptical
624391.jpg,spiral
624415.jpg,irregular
624444.jpg,elliptical
624451.jpg,elliptical
624509.jpg,elliptical
624599.jpg,elliptical
624617.jpg,elliptical
624637.jpg,elliptical
624640.jpg,elliptical
624683.jpg,elliptical
624686.jpg,elliptical
624718.jpg,spiral
624795.jpg,spiral
624954.jpg,elliptical
624972.jpg,irregular
625000.jpg,elliptical
625005.jpg,spiral
625037.jpg,elliptical
625048.jpg,elliptical
625069.jpg,spiral
625112.jpg,irregular
625153.jpg,irregular
625154.jpg,elliptical
625168.jpg,irregular
625176.jpg,irregular
625199.jpg,elliptical
625213.jpg,elliptical
625235.jpg,elliptical
625267.jpg,elliptical
625280.jpg,elliptical
625285.jpg,elliptical
625287.jpg,elliptical
625313.jpg,irregular
625326.jpg,irregular
625336.jpg,spiral
625370.jpg,elliptical
625380.jpg,elliptical
625390.jpg,elliptical
625424.jpg,elliptical
625441.jpg,elliptical
625446.jpg,spiral
625472.jpg,elliptical
625554.jpg,elliptical
625563.jpg,elliptical
625571.jpg,elliptical
625634.jpg,elliptical
625649.jpg,irregular
625650.jpg,elliptical
625674.jpg,elliptical
625713.jpg,irregular
625728.jpg,elliptical
625768.jpg,elliptical
625771.jpg,spiral
625784.jpg,spiral
625786.jpg,elliptical
625809.jpg,elliptical
625810.jpg,irregular
625826.jpg,elliptical
625839.jpg,elliptical
625844.jpg,elliptical
625855.jpg,elliptical
625856.jpg,elliptical
625870.jpg,elliptical
625928.jpg,elliptical
625936.jpg,elliptical
625981.jpg,elliptical
625991.jpg,spiral
626019.jpg,elliptical
626069.jpg,elliptical
626094.jpg,elliptical
626132.jpg,elliptical
626155.jpg,elliptical
626176.jpg,irregular
626182.jpg,elliptical
626208.jpg,irregular
626220.jpg,elliptical
626231.jpg,elliptical
626251.jpg,elliptical
626261.jpg,irregular
626271.jpg,spiral
626273.jpg,elliptical
626294.jpg,spiral
626305.jpg,elliptical
626315.jpg,irregular
626320.jpg,elliptical
626350.jpg,elliptical
626374.jpg,elliptical
626428.jpg,spiral
626437.jpg,spiral
626472.jpg,irregular
626474.jpg,irregular
626479.jpg,elliptical
626487.jpg,spiral
626550.jpg,irregular
626553.jpg,elliptical
626560.jpg,elliptical
626625.jpg,irregular
626630.jpg,irregular
626636.jpg,spiral
626682.jpg,elliptical
626718.jpg,elliptical
626748.jpg,elliptical
626757.jpg,elliptical
626787.jpg,elliptical
626793.jpg,irregular
626796.jpg,elliptical
626800.jpg,elliptical
626804.jpg,elliptical
626808.jpg,elliptical
626821.jpg,spiral
626847.jpg,spiral
626854.jpg,spiral
626945.jpg,spiral
626972.jpg,spiral
626974.jpg,irregular
627027.jpg,elliptical
627046.jpg,elliptical
627080.jpg,elliptical
627126.jpg,spiral
627159.jpg,elliptical
627176.jpg,elliptical
627184.jpg,elliptical
627185.jpg,elliptical
627208.jpg,spiral
627209.jpg,spiral
627226.jpg,elliptical
627237.jpg,spiral
627293.jpg,spiral
627315.jpg,elliptical
627329.jpg,elliptical
627352.jpg,elliptical
627420.jpg,elliptical
627522.jpg,irregular
627530.jpg,elliptical
627533.jpg,irregular
627566.jpg,elliptical
627567.jpg,spiral
627599.jpg,elliptical
627628.jpg,irregular
627656.jpg,irregular
627720.jpg,spiral
627725.jpg,spiral
627742.jpg,elliptical
627743.jpg,irregular
627744.jpg,elliptical
627754.jpg,irregular
627768.jpg,elliptical
627797.jpg,irregular
627799.jpg,elliptical
627816.jpg,elliptical
627838.jpg,elliptical
627839.jpg,spiral
627854.jpg,elliptical
627914.jpg,elliptical
627960.jpg,elliptical
627983.jpg,elliptical
628001.jpg,elliptical
628028.jpg,elliptical
628049.jpg,elliptical
628050.jpg,spiral
628077.jpg,elliptical
628123.jpg,spiral
628127.jpg,elliptical
628139.jpg,elliptical
628171.jpg,spiral
628183.jpg,elliptical
628195.jpg,spiral
628205.jpg,spiral
628239.jpg,elliptical
628348.jpg,elliptical
628372.jpg,elliptical
628394.jpg,elliptical
628423.jpg,spiral
628439.jpg,elliptical
628492.jpg,elliptical
628502.jpg,spiral
628557.jpg,spiral
628601.jpg,irregular
628666.jpg,spiral
628675.jpg,elliptical
628676.jpg,spiral
628711.jpg,elliptical
628716.jpg,irregular
628720.jpg,elliptical
628749.jpg,spiral
628774.jpg,elliptical
628782.jpg,elliptical
628807.jpg,elliptical
628832.jpg,elliptical
628848.jpg,elliptical
628867.jpg,elliptical
628929.jpg,elliptical
628954.jpg,spiral
628978.jpg,irregular
628981.jpg,irregular
629009.jpg,elliptical
629015.jpg,elliptical
629017.jpg,elliptical
629028.jpg,irregular
629031.jpg,elliptical
629080.jpg,irregular
629114.jpg,spiral
629120.jpg,elliptical
629126.jpg,spiral
629169.jpg,irregular
629181.jpg,irregular
629234.jpg,spiral
629239.jpg,elliptical
629243.jpg,irregular
629246.jpg,elliptical
629262.jpg,elliptical
629316.jpg,irregular
629319.jpg,elliptical
629350.jpg,elliptical
629360.jpg,irregular
629363.jpg,elliptical
629371.jpg,elliptical
629410.jpg,elliptical
629421.jpg,elliptical
629426.jpg,elliptical
629437.jpg,irregular
629447.jpg,spiral
629464.jpg,spiral
629479.jpg,elliptical
629490.jpg,elliptical
629496.jpg,spiral
629512.jpg,elliptical
629515.jpg,elliptical
629517.jpg,elliptical
629526.jpg,irregular
629532.jpg,irregular
629617.jpg,elliptical
629631.jpg,spiral
629665.jpg,elliptical
629674.jpg,elliptical
629695.jpg,elliptical
629698.jpg,elliptical
629704.jpg,spiral
629716.jpg,spiral
629732.jpg,elliptical
629802.jpg,elliptical
629813.jpg,spiral
629822.jpg,elliptical
629848.jpg,elliptical
629869.jpg,elliptical
629937.jpg,spiral
629942.jpg,elliptical
629949.jpg,spiral
629989.jpg,elliptical
630005.jpg,elliptical
630222.jpg,elliptical
630227.jpg,spiral
630240.jpg,spiral
630312.jpg,elliptical
630368.jpg,elliptical
630423.jpg,spiral
630448.jpg,spiral
630495.jpg,spiral
630505.jpg,elliptical
630508.jpg,elliptical
630509.jpg,elliptical
630517.jpg,elliptical
630549.jpg,elliptical
630647.jpg,spiral
630680.jpg,irregular
630700.jpg,spiral
630734.jpg,elliptical
630760.jpg,elliptical
630770.jpg,spiral
630791.jpg,elliptical
630795.jpg,elliptical
630796.jpg,elliptical
630809.jpg,irregular
630825.jpg,irregular
630837.jpg,elliptical
630872.jpg,irregular
630892.jpg,irregular
630918.jpg,elliptical
630923.jpg,elliptical
630927.jpg,elliptical
630945.jpg,spiral
630952.jpg,irregular
630953.jpg,elliptical
630962.jpg,irregular
630964.jpg,elliptical
630983.jpg,elliptical
630984.jpg,irregular
630990.jpg,elliptical
631021.jpg,irregular
631058.jpg,elliptical
631065.jpg,elliptical
631071.jpg,irregular
631077.jpg,elliptical
631081.jpg,spiral
631083.jpg,irregular
631090.jpg,irregular
631094.jpg,spiral
631122.jpg,elliptical
631177.jpg,spiral
631188.jpg,irregular
631219.jpg,irregular
631235.jpg,elliptical
631259.jpg,spiral
631277.jpg,elliptical
631318.jpg,irregular
631355.jpg,elliptical
631390.jpg,elliptical
631406.jpg,elliptical
631416.jpg,elliptical
631450.jpg,elliptical
631453.jpg,elliptical
631456.jpg,irregular
631469.jpg,spiral
631487.jpg,irregular
631534.jpg,elliptical
631556.jpg,elliptical
631623.jpg,elliptical
631680.jpg,spiral
631728.jpg,elliptical
631731.jpg,elliptical
631737.jpg,spiral
631751.jpg,irregular
631766.jpg,elliptical
631769.jpg,elliptical
631782.jpg,elliptical
631801.jpg,irregular
631856.jpg,elliptical
631862.jpg,elliptical
631903.jpg,elliptical
631907.jpg,spiral
631953.jpg,elliptical
631956.jpg,elliptical
632021.jpg,irregular
632027.jpg,irregular
632037.jpg,elliptical
632062.jpg,irregular
632089.jpg,elliptical
632103.jpg,elliptical
632132.jpg,elliptical
632150.jpg,spiral
632153.jpg,spiral
632162.jpg,elliptical
632164.jpg,elliptical
632198.jpg,spiral
632209.jpg,irregular
632230.jpg,irregular
632272.jpg,elliptical
632288.jpg,elliptical
632323.jpg,elliptical
632328.jpg,elliptical
632330.jpg,irregular
632349.jpg,elliptical
632420.jpg,elliptical
632434.jpg,spiral
632442.jpg,irregular
632444.jpg,irregular
632449.jpg,elliptical
632467.jpg,spiral
632470.jpg,irregular
632504.jpg,irregular
632524.jpg,elliptical
632558.jpg,elliptical
632581.jpg,elliptical
632629.jpg,elliptical
632645.jpg,elliptical
632653.jpg,spiral
632673.jpg,spiral
632692.jpg,elliptical
632705.jpg,elliptical
632711.jpg,elliptical
632715.jpg,spiral
632722.jpg,irregular
632725.jpg,elliptical
632729.jpg,spiral
632784.jpg,irregular
632799.jpg,elliptical
632818.jpg,elliptical
632845.jpg,spiral
632868.jpg,irregular
632872.jpg,irregular
632873.jpg,spiral
632891.jpg,spiral
632902.jpg,elliptical
632910.jpg,elliptical
632943.jpg,elliptical
632979.jpg,elliptical
633000.jpg,spiral
633004.jpg,spiral
633005.jpg,irregular
633026.jpg,irregular
633036.jpg,irregular
633051.jpg,elliptical
633056.jpg,elliptical
633082.jpg,irregular
633096.jpg,elliptical
633101.jpg,spiral
633107.jpg,irregular
633112.jpg,irregular
633156.jpg,elliptical
633160.jpg,elliptical
633180.jpg,elliptical
633189.jpg,spiral
633198.jpg,irregular
633203.jpg,irregular
633214.jpg,spiral
633218.jpg,spiral
633236.jpg,spiral
633279.jpg,spiral
633346.jpg,elliptical
633365.jpg,elliptical
633367.jpg,elliptical
633398.jpg,irregular
633419.jpg,irregular
633438.jpg,elliptical
633439.jpg,elliptical
633466.jpg,elliptical
633479.jpg,irregular
633484.jpg,irregular
633503.jpg,elliptical
633506.jpg,spiral
633517.jpg,spiral
633518.jpg,elliptical
633558.jpg,elliptical
633594.jpg,elliptical
633643.jpg,irregular
633659.jpg,elliptical
633671.jpg,spiral
633683.jpg,elliptical
633698.jpg,irregular
633716.jpg,spiral
633740.jpg,spiral
633748.jpg,spiral
633795.jpg,irregular
633851.jpg,elliptical
633857.jpg,spiral
633886.jpg,elliptical
633949.jpg,elliptical
633953.jpg,irregular
634018.jpg,elliptical
634070.jpg,elliptical
634107.jpg,elliptical
634124.jpg,irregular
634127.jpg,elliptical
634130.jpg,spiral
634138.jpg,irregular
634139.jpg,elliptical
634144.jpg,elliptical
634173.jpg,irregular
634217.jpg,spiral
634269.jpg,spiral
634273.jpg,elliptical
634274.jpg,elliptical
634320.jpg,irregular
634336.jpg,elliptical
634352.jpg,elliptical
634391.jpg,elliptical
634401.jpg,elliptical
634406.jpg,elliptical
634424.jpg,elliptical
634435.jpg,elliptical
634437.jpg,spiral
634469.jpg,spiral
634474.jpg,elliptical
634477.jpg,irregular
634485.jpg,elliptical
634505.jpg,irregular
634510.jpg,elliptical
634514.jpg,irregular
634524.jpg,elliptical
634538.jpg,elliptical
634544.jpg,spiral
634567.jpg,elliptical
634573.jpg,elliptical
634574.jpg,elliptical
634621.jpg,elliptical
634635.jpg,elliptical
634647.jpg,spiral
634738.jpg,spiral
634746.jpg,irregular
634747.jpg,spiral
634804.jpg,elliptical
634814.jpg,elliptical
634830.jpg,elliptical
634839.jpg,spiral
634850.jpg,spiral
634901.jpg,elliptical
634912.jpg,elliptical
634928.jpg,irregular
634973.jpg,irregular
635046.jpg,spiral
635055.jpg,irregular
635071.jpg,irregular
635079.jpg,irregular
635133.jpg,elliptical
635170.jpg,elliptical
635197.jpg,elliptical
635217.jpg,elliptical
635220.jpg,elliptical
635238.jpg,irregular
635267.jpg,irregular
635322.jpg,elliptical
635328.jpg,elliptical
635348.jpg,elliptical
635379.jpg,elliptical
635394.jpg,spiral
635402.jpg,elliptical
635432.jpg,spiral
635438.jpg,irregular
635453.jpg,elliptical
635456.jpg,elliptical
635461.jpg,elliptical
635463.jpg,elliptical
635472.jpg,elliptical
635483.jpg,elliptical
635540.jpg,irregular
635541.jpg,irregular
635598.jpg,elliptical
635651.jpg,elliptical
635665.jpg,elliptical
635698.jpg,irregular
635701.jpg,irregular
635738.jpg,irregular
635754.jpg,elliptical
635760.jpg,irregular
635796.jpg,elliptical
635797.jpg,spiral
635798.jpg,elliptical
635807.jpg,elliptical
635874.jpg,irregular
635896.jpg,elliptical
635929.jpg,elliptical
635949.jpg,elliptical
635950.jpg,irregular
635961.jpg,elliptical
635963.jpg,elliptical
635988.jpg,irregular
635998.jpg,elliptical
636034.jpg,elliptical
636057.jpg,elliptical
636079.jpg,elliptical
636126.jpg,spiral
636138.jpg,elliptical
636145.jpg,elliptical
636169.jpg,elliptical
636202.jpg,irregular
636204.jpg,elliptical
636207.jpg,elliptical
636223.jpg,irregular
636240.jpg,spiral
636266.jpg,elliptical
636312.jpg,spiral
636345.jpg,elliptical
636377.jpg,elliptical
636396.jpg,elliptical
636404.jpg,irregular
636424.jpg,elliptical
636470.jpg,elliptical
636515.jpg,irregular
636520.jpg,elliptical
636537.jpg,elliptical
636540.jpg,elliptical
636555.jpg,irregular
636558.jpg,spiral
636604.jpg,elliptical
636605.jpg,elliptical
636620.jpg,elliptical
636627.jpg,irregular
636640.jpg,elliptical
636682.jpg,elliptical
636728.jpg,elliptical
636735.jpg,spiral
636743.jpg,irregular
636744.jpg,spiral
636781.jpg,elliptical
636808.jpg,elliptical
636837.jpg,elliptical
636840.jpg,elliptical
636852.jpg,elliptical
636878.jpg,irregular
636892.jpg,elliptical
636996.jpg,elliptical
637004.jpg,elliptical
637014.jpg,spiral
637029.jpg,spiral
637110.jpg,elliptical
637115.jpg,irregular
637138.jpg,elliptical
637181.jpg,spiral
637212.jpg,spiral
637244.jpg,irregular
637250.jpg,elliptical
637251.jpg,spiral
637290.jpg,elliptical
637331.jpg,elliptical
637401.jpg,spiral
637414.jpg,elliptical
637467.jpg,irregular
637502.jpg,spiral
637511.jpg,elliptical
637512.jpg,elliptical
637526.jpg,elliptical
637556.jpg,irregular
637629.jpg,irregular
637631.jpg,irregular
637640.jpg,irregular
637658.jpg,irregular
637661.jpg,elliptical
637669.jpg,elliptical
637713.jpg,elliptical
637735.jpg,elliptical
637746.jpg,spiral
637836.jpg,irregular
637867.jpg,elliptical
637877.jpg,spiral
637900.jpg,irregular
637928.jpg,elliptical
637960.jpg,elliptical
638030.jpg,spiral
638046.jpg,irregular
638055.jpg,elliptical
638068.jpg,elliptical
638092.jpg,elliptical
638102.jpg,spiral
638135.jpg,spiral
638180.jpg,elliptical
638232.jpg,elliptical
638253.jpg,elliptical
638256.jpg,elliptical
638260.jpg,elliptical
638274.jpg,spiral
638282.jpg,elliptical
638284.jpg,elliptical
638347.jpg,elliptical
638383.jpg,elliptical
638395.jpg,elliptical
638484.jpg,spiral
638513.jpg,spiral
638518.jpg,elliptical
638532.jpg,elliptical
638540.jpg,spiral
638555.jpg,elliptical
638568.jpg,spiral
638586.jpg,irregular
638590.jpg,elliptical
638595.jpg,elliptical
638621.jpg,elliptical
638625.jpg,elliptical
638634.jpg,elliptical
638639.jpg,irregular
638663.jpg,elliptical
638684.jpg,irregular
638709.jpg,irregular
638717.jpg,elliptical
638758.jpg,spiral
638777.jpg,elliptical
638854.jpg,spiral
638872.jpg,elliptical
638891.jpg,spiral
638899.jpg,elliptical
638955.jpg,elliptical
638987.jpg,elliptical
638994.jpg,elliptical
639001.jpg,irregular
639014.jpg,elliptical
639016.jpg,irregular
639026.jpg,irregular
639053.jpg,elliptical
639101.jpg,elliptical
639130.jpg,elliptical
639195.jpg,irregular
639205.jpg,spiral
639220.jpg,elliptical
639225.jpg,irregular
639226.jpg,irregular
639333.jpg,irregular
639338.jpg,spiral
639340.jpg,elliptical
639344.jpg,elliptical
639354.jpg,elliptical
639422.jpg,irregular
639441.jpg,spiral
639445.jpg,elliptical
639446.jpg,elliptical
639452.jpg,elliptical
639460.jpg,irregular
639516.jpg,irregular
639521.jpg,elliptical
639559.jpg,elliptical
639585.jpg,elliptical
639592.jpg,elliptical
639612.jpg,spiral
639630.jpg,spiral
639649.jpg,elliptical
639653.jpg,elliptical
639656.jpg,irregular
639668.jpg,elliptical
639739.jpg,elliptical
639751.jpg,spiral
639769.jpg,elliptical
639861.jpg,elliptical
639886.jpg,elliptical
639934.jpg,elliptical
639952.jpg,spiral
639956.jpg,elliptical
640033.jpg,irregular
640049.jpg,spiral
640086.jpg,elliptical
640109.jpg,elliptical
640115.jpg,irregular
640116.jpg,elliptical
640125.jpg,elliptical
640130.jpg,elliptical
640150.jpg,elliptical
640173.jpg,elliptical
640181.jpg,spiral
640198.jpg,irregular
640204.jpg,spiral
640212.jpg,spiral
640252.jpg,irregular
640259.jpg,elliptical
640267.jpg,elliptical
640311.jpg,irregular
640318.jpg,elliptical
640327.jpg,spiral
640338.jpg,spiral
640347.jpg,spiral
640365.jpg,elliptical
640385.jpg,elliptical
640403.jpg,elliptical
640416.jpg,elliptical
640434.jpg,elliptical
640440.jpg,spiral
640475.jpg,elliptical
640482.jpg,elliptical
640553.jpg,irregular
640562.jpg,spiral
640573.jpg,elliptical
640589.jpg,elliptical
640590.jpg,spiral
640594.jpg,elliptical
640613.jpg,irregular
640619.jpg,elliptical
640679.jpg,elliptical
640688.jpg,spiral
640692.jpg,irregular
640701.jpg,elliptical
640703.jpg,elliptical
640708.jpg,spiral
640767.jpg,elliptical
640779.jpg,elliptical
640787.jpg,elliptical
640796.jpg,spiral
640863.jpg,elliptical
640903.jpg,irregular
640921.jpg,spiral
640958.jpg,spiral
640968.jpg,spiral
640973.jpg,elliptical
641006.jpg,elliptical
641012.jpg,spiral
641027.jpg,elliptical
641044.jpg,spiral
641111.jpg,elliptical
641164.jpg,spiral
641232.jpg,elliptical
641234.jpg,elliptical
641253.jpg,spiral
641269.jpg,elliptical
641274.jpg,elliptical
641303.jpg,elliptical
641313.jpg,elliptical
641339.jpg,irregular
641345.jpg,spiral
641352.jpg,elliptical
641365.jpg,irregular
641380.jpg,elliptical
641413.jpg,elliptical
641418.jpg,irregular
641469.jpg,irregular
641476.jpg,spiral
641488.jpg,elliptical
641499.jpg,spiral
641500.jpg,elliptical
641501.jpg,elliptical
641503.jpg,elliptical
641507.jpg,elliptical
641545.jpg,elliptical
641575.jpg,elliptical
641584.jpg,elliptical
641591.jpg,elliptical
641616.jpg,irregular
641638.jpg,irregular
641645.jpg,elliptical
641649.jpg,elliptical
641659.jpg,elliptical
641673.jpg,elliptical
641697.jpg,elliptical
641713.jpg,spiral
641723.jpg,elliptical
641741.jpg,elliptical
641761.jpg,irregular
641767.jpg,elliptical
641774.jpg,irregular
641786.jpg,irregular
641812.jpg,elliptical
641823.jpg,elliptical
641924.jpg,elliptical
641953.jpg,elliptical
641996.jpg,spiral
642022.jpg,elliptical
642034.jpg,elliptical
642052.jpg,elliptical
642053.jpg,elliptical
642095.jpg,irregular
642113.jpg,elliptical
642116.jpg,spiral
642120.jpg,irregular
642122.jpg,elliptical
642149.jpg,elliptical
642189.jpg,spiral
642215.jpg,elliptical
642222.jpg,elliptical
642249.jpg,elliptical
642269.jpg,spiral
642283.jpg,irregular
642352.jpg,elliptical
642372.jpg,elliptical
642415.jpg,irregular
642436.jpg,elliptical
642454.jpg,elliptical
642486.jpg,elliptical
642501.jpg,irregular
642538.jpg,elliptical
642541.jpg,elliptical
642545.jpg,elliptical
642628.jpg,elliptical
642675.jpg,elliptical
642679.jpg,elliptical
642684.jpg,spiral
642724.jpg,elliptical
642757.jpg,irregular
642762.jpg,spiral
642763.jpg,elliptical
642781.jpg,irregular
642822.jpg,spiral
642833.jpg,elliptical
642839.jpg,elliptical
642853.jpg,spiral
642871.jpg,elliptical
642891.jpg,elliptical
642936.jpg,spiral
642943.jpg,irregular
642945.jpg,irregular
642948.jpg,irregular
642960.jpg,spiral
643017.jpg,elliptical
643037.jpg,elliptical
643085.jpg,elliptical
643116.jpg,elliptical
643124.jpg,elliptical
643129.jpg,irregular
643131.jpg,irregular
643188.jpg,elliptical
643206.jpg,elliptical
643240.jpg,elliptical
643282.jpg,elliptical
643308.jpg,spiral
643316.jpg,spiral
643370.jpg,elliptical
643412.jpg,elliptical
643438.jpg,irregular
643439.jpg,irregular
643453.jpg,spiral
643459.jpg,elliptical
643467.jpg,elliptical
643469.jpg,elliptical
643483.jpg,elliptical
643484.jpg,irregular
643488.jpg,elliptical
643523.jpg,elliptical
643528.jpg,elliptical
643529.jpg,spiral
643545.jpg,elliptical
643591.jpg,spiral
643595.jpg,elliptical
643631.jpg,irregular
643644.jpg,elliptical
643650.jpg,elliptical
643703.jpg,irregular
643742.jpg,spiral
643750.jpg,elliptical
643757.jpg,irregular
643758.jpg,irregular
643775.jpg,elliptical
643799.jpg,elliptical
643822.jpg,elliptical
643861.jpg,elliptical
643863.jpg,spiral
643870.jpg,elliptical
643876.jpg,spiral
643895.jpg,spiral
643904.jpg,irregular
643950.jpg,elliptical
643981.jpg,elliptical
643988.jpg,spiral
644002.jpg,elliptical
644012.jpg,irregular
644037.jpg,elliptical
644048.jpg,elliptical
644058.jpg,elliptical
644071.jpg,spiral
644074.jpg,irregular
644102.jpg,elliptical
644116.jpg,irregular
644213.jpg,spiral
644243.jpg,elliptical
644264.jpg,elliptical
644296.jpg,elliptical
644314.jpg,irregular
644343.jpg,elliptical
644356.jpg,elliptical
644362.jpg,elliptical
644372.jpg,spiral
644403.jpg,elliptical
644435.jpg,spiral
644444.jpg,spiral
644447.jpg,elliptical
644455.jpg,elliptical
644471.jpg,elliptical
644476.jpg,elliptical
644516.jpg,spiral
644577.jpg,elliptical
644622.jpg,elliptical
644698.jpg,elliptical
644865.jpg,elliptical
644924.jpg,elliptical
644944.jpg,elliptical
644970.jpg,elliptical
644992.jpg,spiral
645001.jpg,spiral
645002.jpg,elliptical
645010.jpg,spiral
645015.jpg,elliptical
645032.jpg,irregular
645083.jpg,elliptical
645097.jpg,spiral
645104.jpg,spiral
645109.jpg,irregular
645124.jpg,elliptical
645150.jpg,irregular
645183.jpg,spiral
645187.jpg,spiral
645191.jpg,spiral
645207.jpg,elliptical
645228.jpg,irregular
645282.jpg,elliptical
645283.jpg,irregular
645340.jpg,elliptical
645369.jpg,irregular
645423.jpg,elliptical
645519.jpg,spiral
645534.jpg,elliptical
645547.jpg,elliptical
645567.jpg,elliptical
645602.jpg,elliptical
645614.jpg,irregular
645661.jpg,elliptical
645662.jpg,elliptical
645663.jpg,spiral
645678.jpg,elliptical
645720.jpg,elliptical
645725.jpg,elliptical
645739.jpg,irregular
645743.jpg,irregular
645747.jpg,irregular
645754.jpg,elliptical
645831.jpg,elliptical
645909.jpg,elliptical
645944.jpg,elliptical
645951.jpg,irregular
645970.jpg,spiral
645972.jpg,elliptical
645990.jpg,elliptical
646021.jpg,irregular
646032.jpg,spiral
646038.jpg,elliptical
646045.jpg,elliptical
646046.jpg,elliptical
646062.jpg,elliptical
646071.jpg,elliptical
646081.jpg,elliptical
646093.jpg,elliptical
646094.jpg,elliptical
646099.jpg,irregular
646132.jpg,elliptical
646158.jpg,elliptical
646160.jpg,elliptical
646162.jpg,elliptical
646235.jpg,elliptical
646254.jpg,elliptical
646265.jpg,elliptical
646273.jpg,elliptical
646277.jpg,irregular
646286.jpg,irregular
646329.jpg,spiral
646330.jpg,irregular
646346.jpg,spiral
646375.jpg,irregular
646380.jpg,elliptical
646406.jpg,elliptical
646426.jpg,spiral
646428.jpg,spiral
646439.jpg,elliptical
646495.jpg,elliptical
646541.jpg,elliptical
646572.jpg,elliptical
646593.jpg,elliptical
646594.jpg,elliptical
646601.jpg,elliptical
646609.jpg,elliptical
646625.jpg,elliptical
646644.jpg,spiral
646645.jpg,irregular
646652.jpg,elliptical
646656.jpg,spiral
646662.jpg,elliptical
646684.jpg,irregular
646754.jpg,elliptical
646771.jpg,elliptical
646810.jpg,elliptical
646820.jpg,irregular
646825.jpg,elliptical
646843.jpg,irregular
646853.jpg,irregular
646911.jpg,elliptical
646961.jpg,irregular
646966.jpg,spiral
646982.jpg,spiral
647026.jpg,elliptical
647032.jpg,elliptical
647045.jpg,elliptical
647048.jpg,elliptical
647066.jpg,elliptical
647073.jpg,spiral
647112.jpg,elliptical
647131.jpg,spiral
647133.jpg,spiral
647137.jpg,spiral
647172.jpg,elliptical
647174.jpg,elliptical
647321.jpg,irregular
647327.jpg,elliptical
647372.jpg,elliptical
647386.jpg,irregular
647410.jpg,elliptical
647423.jpg,spiral
647429.jpg,elliptical
647440.jpg,irregular
647454.jpg,irregular
647539.jpg,irregular
647558.jpg,elliptical
647559.jpg,elliptical
647589.jpg,elliptical
647627.jpg,elliptical
647648.jpg,elliptical
647652.jpg,elliptical
647656.jpg,spiral
647670.jpg,elliptical
647673.jpg,elliptical
647674.jpg,spiral
647695.jpg,elliptical
647696.jpg,elliptical
647748.jpg,irregular
647796.jpg,elliptical
647840.jpg,irregular
647844.jpg,spiral
647851.jpg,spiral
647912.jpg,elliptical
647966.jpg,spiral
647985.jpg,spiral
648005.jpg,irregular
648007.jpg,elliptical
648017.jpg,irregular
648031.jpg,spiral
648034.jpg,spiral
648035.jpg,elliptical
648053.jpg,irregular
648067.jpg,spiral
648100.jpg,spiral
648117.jpg,elliptical
648118.jpg,elliptical
648119.jpg,elliptical
648131.jpg,elliptical
648162.jpg,elliptical
648179.jpg,spiral
648246.jpg,elliptical
648251.jpg,elliptical
648277.jpg,irregular
648293.jpg,irregular
648312.jpg,spiral
648320.jpg,irregular
648321.jpg,spiral
648363.jpg,elliptical
648374.jpg,elliptical
648385.jpg,elliptical
648399.jpg,spiral
648402.jpg,elliptical
648439.jpg,elliptical
648446.jpg,irregular
648460.jpg,irregular
648468.jpg,spiral
648469.jpg,irregular
648473.jpg,elliptical
648559.jpg,elliptical
648574.jpg,spiral
648586.jpg,elliptical
648587.jpg,spiral
648591.jpg,elliptical
648614.jpg,elliptical
648625.jpg,irregular
648678.jpg,elliptical
648736.jpg,spiral
648742.jpg,elliptical
648744.jpg,elliptical
648757.jpg,irregular
648797.jpg,irregular
648843.jpg,elliptical
648856.jpg,spiral
648859.jpg,elliptical
648899.jpg,elliptical
648903.jpg,irregular
648910.jpg,elliptical
648992.jpg,elliptical
649017.jpg,elliptical
649087.jpg,elliptical
649092.jpg,irregular
649120.jpg,spiral
649151.jpg,elliptical
649160.jpg,elliptical
649177.jpg,elliptical
649179.jpg,elliptical
649242.jpg,elliptical
649267.jpg,elliptical
649270.jpg,elliptical
649303.jpg,elliptical
649341.jpg,spiral
649366.jpg,irregular
649419.jpg,irregular
649430.jpg,spiral
649446.jpg,irregular
649449.jpg,elliptical
649539.jpg,irregular
649556.jpg,elliptical
649614.jpg,elliptical
649641.jpg,spiral
649653.jpg,elliptical
649663.jpg,irregular
649665.jpg,spiral
649666.jpg,elliptical
649668.jpg,irregular
649684.jpg,elliptical
649724.jpg,elliptical
649754.jpg,irregular
649801.jpg,spiral
649808.jpg,irregular
649818.jpg,elliptical
649837.jpg,elliptical
649914.jpg,elliptical
649918.jpg,spiral
649932.jpg,elliptical
649970.jpg,elliptical
649993.jpg,elliptical
650017.jpg,spiral
650045.jpg,elliptical
650060.jpg,irregular
650065.jpg,spiral
650073.jpg,spiral
650101.jpg,irregular
650104.jpg,spiral
650107.jpg,spiral
650128.jpg,elliptical
650183.jpg,elliptical
650231.jpg,elliptical
650239.jpg,spiral
650244.jpg,spiral
650249.jpg,spiral
650250.jpg,elliptical
650307.jpg,irregular
650333.jpg,elliptical
650349.jpg,elliptical
650361.jpg,spiral
650362.jpg,elliptical
650367.jpg,spiral
650370.jpg,irregular
650401.jpg,spiral
650471.jpg,irregular
650473.jpg,elliptical
650483.jpg,elliptical
650507.jpg,irregular
650523.jpg,elliptical
650575.jpg,irregular
650577.jpg,spiral
650600.jpg,elliptical
650608.jpg,spiral
650645.jpg,spiral
650679.jpg,spiral
650706.jpg,elliptical
650715.jpg,elliptical
650758.jpg,spiral
650771.jpg,elliptical
650793.jpg,elliptical
650833.jpg,elliptical
650872.jpg,elliptical
650899.jpg,spiral
650903.jpg,elliptical
650944.jpg,elliptical
650947.jpg,elliptical
650948.jpg,spiral
650954.jpg,elliptical
650969.jpg,elliptical
650984.jpg,elliptical
650996.jpg,spiral
651010.jpg,spiral
651022.jpg,elliptical
651080.jpg,elliptical
651095.jpg,elliptical
651096.jpg,elliptical
651100.jpg,irregular
651140.jpg,irregular
651168.jpg,spiral
651179.jpg,spiral
651180.jpg,spiral
651193.jpg,elliptical
651204.jpg,irregular
651234.jpg,irregular
651252.jpg,elliptical
651357.jpg,elliptical
651395.jpg,spiral
651425.jpg,irregular
651440.jpg,elliptical
651441.jpg,spiral
651447.jpg,elliptical
651482.jpg,spiral
651537.jpg,elliptical
651563.jpg,spiral
651626.jpg,elliptical
651639.jpg,irregular
651672.jpg,irregular
651679.jpg,elliptical
651719.jpg,spiral
651721.jpg,spiral
651764.jpg,elliptical
651772.jpg,irregular
651816.jpg,elliptical
651827.jpg,elliptical
651837.jpg,elliptical
651850.jpg,elliptical
651871.jpg,elliptical
651904.jpg,elliptical
651912.jpg,irregular
651916.jpg,spiral
651924.jpg,irregular
651927.jpg,elliptical
651939.jpg,irregular
651977.jpg,spiral
651979.jpg,elliptical
651997.jpg,elliptical
652030.jpg,elliptical
652077.jpg,elliptical
652093.jpg,elliptical
652117.jpg,elliptical
652120.jpg,elliptical
652125.jpg,spiral
652161.jpg,elliptical
652194.jpg,elliptical
652233.jpg,elliptical
652250.jpg,irregular
652262.jpg,elliptical
652296.jpg,spiral
652358.jpg,irregular
652377.jpg,elliptical
652403.jpg,elliptical
652428.jpg,elliptical
652433.jpg,elliptical
652443.jpg,elliptical
652445.jpg,elliptical
652452.jpg,elliptical
652474.jpg,spiral
652477.jpg,elliptical
652498.jpg,elliptical
652502.jpg,irregular
652571.jpg,elliptical
652584.jpg,elliptical
652610.jpg,elliptical
652657.jpg,elliptical
652667.jpg,elliptical
652698.jpg,spiral
652722.jpg,elliptical
652731.jpg,elliptical
652732.jpg,irregular
652747.jpg,irregular
652769.jpg,elliptical
652786.jpg,elliptical
652818.jpg,elliptical
652821.jpg,irregular
652822.jpg,elliptical
652926.jpg,elliptical
652933.jpg,elliptical
652949.jpg,elliptical
652959.jpg,elliptical
652965.jpg,spiral
652975.jpg,irregular
653004.jpg,elliptical
653009.jpg,elliptical
653026.jpg,elliptical
653036.jpg,elliptical
653052.jpg,elliptical
653053.jpg,irregular
653067.jpg,elliptical
653070.jpg,elliptical
653088.jpg,irregular
653098.jpg,spiral
653141.jpg,elliptical
653145.jpg,elliptical
653146.jpg,elliptical
653154.jpg,elliptical
653160.jpg,spiral
653165.jpg,irregular
653183.jpg,elliptical
653190.jpg,spiral
653207.jpg,spiral
653218.jpg,elliptical
653254.jpg,elliptical
653258.jpg,elliptical
653281.jpg,elliptical
653296.jpg,elliptical
653333.jpg,spiral
653352.jpg,irregular
653409.jpg,irregular
653431.jpg,irregular
653432.jpg,elliptical
653455.jpg,elliptical
653462.jpg,spiral
653483.jpg,elliptical
653492.jpg,elliptical
653530.jpg,irregular
653545.jpg,elliptical
653596.jpg,elliptical
653620.jpg,elliptical
653621.jpg,spiral
653629.jpg,spiral
653635.jpg,elliptical
653662.jpg,spiral
653698.jpg,elliptical
653718.jpg,elliptical
653720.jpg,elliptical
653722.jpg,spiral
653733.jpg,irregular
653749.jpg,elliptical
653751.jpg,irregular
653753.jpg,irregular
653758.jpg,elliptical
653793.jpg,spiral
653805.jpg,elliptical
653807.jpg,elliptical
653840.jpg,elliptical
653860.jpg,spiral
653870.jpg,elliptical
653886.jpg,elliptical
653936.jpg,elliptical
654014.jpg,spiral
654019.jpg,irregular
654045.jpg,elliptical
654058.jpg,elliptical
654081.jpg,elliptical
654115.jpg,irregular
654126.jpg,elliptical
654156.jpg,irregular
654168.jpg,elliptical
654195.jpg,elliptical
654200.jpg,elliptical
654232.jpg,elliptical
654244.jpg,irregular
654251.jpg,spiral
654297.jpg,irregular
654351.jpg,elliptical
654371.jpg,elliptical
654388.jpg,elliptical
654409.jpg,spiral
654463.jpg,spiral
654508.jpg,elliptical
654512.jpg,spiral
654513.jpg,elliptical
654521.jpg,elliptical
654560.jpg,spiral
654565.jpg,spiral
654600.jpg,elliptical
654602.jpg,elliptical
654614.jpg,spiral
654631.jpg,spiral
654701.jpg,elliptical
654734.jpg,irregular
654741.jpg,spiral
654778.jpg,elliptical
654784.jpg,elliptical
654792.jpg,elliptical
654795.jpg,elliptical
654805.jpg,irregular
654864.jpg,spiral
654870.jpg,elliptical
654881.jpg,irregular
654913.jpg,elliptical
654945.jpg,elliptical
654951.jpg,elliptical
655014.jpg,elliptical
655017.jpg,elliptical
655033.jpg,elliptical
655035.jpg,spiral
655038.jpg,elliptical
655097.jpg,elliptical
655109.jpg,elliptical
655112.jpg,elliptical
655136.jpg,elliptical
655141.jpg,irregular
655144.jpg,irregular
655207.jpg,elliptical
655224.jpg,elliptical
655257.jpg,elliptical
655272.jpg,spiral
655273.jpg,irregular
655275.jpg,irregular
655313.jpg,elliptical
655351.jpg,spiral
655355.jpg,elliptical
655388.jpg,elliptical
655528.jpg,elliptical
655535.jpg,elliptical
655590.jpg,elliptical
655599.jpg,elliptical
655613.jpg,spiral
655643.jpg,elliptical
655662.jpg,elliptical
655702.jpg,irregular
655710.jpg,elliptical
655717.jpg,irregular
655764.jpg,elliptical
655771.jpg,elliptical
655785.jpg,irregular
655802.jpg,irregular
655840.jpg,spiral
655843.jpg,elliptical
655844.jpg,spiral
655851.jpg,elliptical
655874.jpg,elliptical
655899.jpg,elliptical
655907.jpg,spiral
655922.jpg,elliptical
655949.jpg,elliptical
655959.jpg,elliptical
655965.jpg,spiral
655970.jpg,irregular
656010.jpg,elliptical
656016.jpg,elliptical
656027.jpg,irregular
656038.jpg,elliptical
656046.jpg,elliptical
656128.jpg,elliptical
656150.jpg,elliptical
656156.jpg,elliptical
656159.jpg,elliptical
656189.jpg,elliptical
656254.jpg,elliptical
656260.jpg,elliptical
656366.jpg,elliptical
656368.jpg,spiral
656372.jpg,irregular
656401.jpg,elliptical
656403.jpg,spiral
656411.jpg,irregular
656415.jpg,elliptical
656443.jpg,spiral
656448.jpg,irregular
656466.jpg,elliptical
656505.jpg,elliptical
656511.jpg,elliptical
656515.jpg,elliptical
656518.jpg,irregular
656522.jpg,elliptical
656524.jpg,irregular
656535.jpg,spiral
656571.jpg,spiral
656574.jpg,irregular
656601.jpg,spiral
656602.jpg,elliptical
656609.jpg,elliptical
656613.jpg,spiral
656652.jpg,elliptical
656663.jpg,elliptical
656665.jpg,elliptical
656668.jpg,elliptical
656675.jpg,elliptical
656683.jpg,elliptical
656684.jpg,elliptical
656706.jpg,spiral
656728.jpg,elliptical
656744.jpg,spiral
656784.jpg,elliptical
656836.jpg,elliptical
656837.jpg,elliptical
656850.jpg,elliptical
656907.jpg,elliptical
656909.jpg,elliptical
656921.jpg,elliptical
656930.jpg,elliptical
656935.jpg,elliptical
656950.jpg,spiral
656967.jpg,spiral
657018.jpg,elliptical
657028.jpg,spiral
657038.jpg,spiral
657042.jpg,elliptical
657092.jpg,spiral
657103.jpg,elliptical
657114.jpg,elliptical
657155.jpg,elliptical
657173.jpg,elliptical
657175.jpg,elliptical
657178.jpg,irregular
657201.jpg,elliptical
657208.jpg,elliptical
657217.jpg,spiral
657251.jpg,irregular
657257.jpg,irregular
657308.jpg,irregular
657316.jpg,spiral
657319.jpg,elliptical
657347.jpg,irregular
657350.jpg,elliptical
657353.jpg,elliptical
657370.jpg,elliptical
657377.jpg,elliptical
657389.jpg,elliptical
657418.jpg,irregular
657434.jpg,elliptical
657458.jpg,spiral
657490.jpg,elliptical
657506.jpg,elliptical
657520.jpg,irregular
657536.jpg,elliptical
657551.jpg,irregular
657571.jpg,elliptical
657653.jpg,elliptical
657807.jpg,elliptical
657814.jpg,elliptical
657828.jpg,elliptical
657836.jpg,elliptical
657914.jpg,elliptical
657916.jpg,elliptical
657932.jpg,spiral
657940.jpg,elliptical
657959.jpg,elliptical
657969.jpg,elliptical
657989.jpg,spiral
657998.jpg,elliptical
658010.jpg,elliptical
658016.jpg,spiral
658038.jpg,elliptical
658061.jpg,spiral
658069.jpg,elliptical
658100.jpg,elliptical
658128.jpg,elliptical
658134.jpg,irregular
658173.jpg,elliptical
658175.jpg,elliptical
658228.jpg,elliptical
658278.jpg,irregular
658291.jpg,irregular
658315.jpg,elliptical
658344.jpg,elliptical
658359.jpg,elliptical
658363.jpg,elliptical
658367.jpg,irregular
658376.jpg,irregular
658392.jpg,elliptical
658411.jpg,elliptical
658444.jpg,irregular
658445.jpg,irregular
658455.jpg,irregular
658465.jpg,irregular
658468.jpg,elliptical
658475.jpg,spiral
658476.jpg,elliptical
658491.jpg,elliptical
658495.jpg,spiral
658582.jpg,spiral
658601.jpg,spiral
658635.jpg,irregular
658656.jpg,irregular
658660.jpg,elliptical
658681.jpg,elliptical
658749.jpg,spiral
658788.jpg,irregular
658815.jpg,irregular
658914.jpg,elliptical
658932.jpg,irregular
658933.jpg,spiral
658939.jpg,elliptical
658944.jpg,irregular
658958.jpg,spiral
658975.jpg,irregular
658981.jpg,elliptical
658983.jpg,spiral
658992.jpg,elliptical
658996.jpg,spiral
659013.jpg,elliptical
659040.jpg,elliptical
659082.jpg,spiral
659125.jpg,elliptical
659133.jpg,elliptical
659151.jpg,elliptical
659156.jpg,elliptical
659163.jpg,elliptical
659192.jpg,spiral
659206.jpg,elliptical
659225.jpg,spiral
659233.jpg,elliptical
659239.jpg,irregular
659251.jpg,elliptical
659253.jpg,elliptical
659258.jpg,spiral
659276.jpg,irregular
659299.jpg,irregular
659341.jpg,irregular
659350.jpg,elliptical
659362.jpg,elliptical
659388.jpg,irregular
659400.jpg,elliptical
659510.jpg,spiral
659521.jpg,elliptical
659548.jpg,elliptical
659578.jpg,elliptical
659588.jpg,spiral
659601.jpg,irregular
659620.jpg,elliptical
659634.jpg,elliptical
659646.jpg,elliptical
659659.jpg,spiral
659663.jpg,elliptical
659678.jpg,irregular
659724.jpg,elliptical
659728.jpg,spiral
659759.jpg,elliptical
659772.jpg,irregular
659805.jpg,elliptical
659806.jpg,elliptical
659820.jpg,spiral
659822.jpg,elliptical
659823.jpg,elliptical
659826.jpg,irregular
659872.jpg,spiral
659875.jpg,irregular
659886.jpg,irregular
659887.jpg,irregular
659920.jpg,elliptical
659932.jpg,elliptical
659952.jpg,elliptical
659981.jpg,spiral
659993.jpg,elliptical
660026.jpg,elliptical
660056.jpg,irregular
660082.jpg,elliptical
660087.jpg,elliptical
660105.jpg,irregular
660108.jpg,elliptical
660152.jpg,irregular
660203.jpg,spiral
660213.jpg,elliptical
660225.jpg,irregular
660279.jpg,elliptical
660337.jpg,irregular
660345.jpg,spiral
660366.jpg,elliptical
660370.jpg,elliptical
660373.jpg,elliptical
660389.jpg,irregular
660429.jpg,irregular
660457.jpg,elliptical
660463.jpg,elliptical
660510.jpg,irregular
660511.jpg,elliptical
660520.jpg,elliptical
660547.jpg,elliptical
660582.jpg,irregular
660586.jpg,irregular
660602.jpg,spiral
660614.jpg,elliptical
660647.jpg,elliptical
660670.jpg,elliptical
660671.jpg,elliptical
660674.jpg,irregular
660698.jpg,irregular
660719.jpg,elliptical
660724.jpg,elliptical
660740.jpg,spiral
660746.jpg,elliptical
660763.jpg,elliptical
660769.jpg,irregular
660772.jpg,elliptical
660782.jpg,elliptical
660783.jpg,elliptical
660796.jpg,irregular
660833.jpg,elliptical
660838.jpg,elliptical
660840.jpg,irregular
660860.jpg,spiral
660869.jpg,elliptical
660870.jpg,elliptical
660905.jpg,elliptical
660930.jpg,spiral
661016.jpg,elliptical
661026.jpg,elliptical
661027.jpg,elliptical
661082.jpg,elliptical
661099.jpg,elliptical
661102.jpg,elliptical
661111.jpg,elliptical
661115.jpg,elliptical
661148.jpg,elliptical
661149.jpg,elliptical
661184.jpg,spiral
661194.jpg,elliptical
661211.jpg,spiral
661215.jpg,irregular
661250.jpg,elliptical
661270.jpg,elliptical
661293.jpg,spiral
661324.jpg,elliptical
661330.jpg,elliptical
661372.jpg,irregular
661380.jpg,elliptical
661419.jpg,elliptical
661443.jpg,elliptical
661494.jpg,irregular
661504.jpg,irregular
661507.jpg,elliptical
661511.jpg,elliptical
661514.jpg,spiral
661525.jpg,irregular
661536.jpg,elliptical
661552.jpg,irregular
661612.jpg,elliptical
661658.jpg,spiral
661669.jpg,elliptical
661679.jpg,elliptical
661693.jpg,elliptical
661727.jpg,irregular
661735.jpg,spiral
661741.jpg,elliptical
661757.jpg,elliptical
661768.jpg,spiral
661773.jpg,elliptical
661778.jpg,elliptical
661787.jpg,spiral
661811.jpg,elliptical
661816.jpg,elliptical
661843.jpg,irregular
661849.jpg,elliptical
661914.jpg,elliptical
661930.jpg,elliptical
661974.jpg,irregular
661986.jpg,irregular
662018.jpg,irregular
662045.jpg,irregular
662062.jpg,elliptical
662090.jpg,elliptical
662109.jpg,irregular
662118.jpg,elliptical
662129.jpg,spiral
662137.jpg,elliptical
662146.jpg,spiral
662194.jpg,elliptical
662196.jpg,spiral
662197.jpg,irregular
662212.jpg,spiral
662214.jpg,elliptical
662219.jpg,elliptical
662252.jpg,elliptical
662256.jpg,spiral
662257.jpg,spiral
662271.jpg,elliptical
662284.jpg,elliptical
662310.jpg,elliptical
662346.jpg,elliptical
662367.jpg,elliptical
662369.jpg,elliptical
662371.jpg,spiral
662385.jpg,elliptical
662395.jpg,irregular
662406.jpg,spiral
662438.jpg,elliptical
662519.jpg,irregular
662530.jpg,elliptical
662533.jpg,irregular
662550.jpg,elliptical
662555.jpg,elliptical
662562.jpg,elliptical
662567.jpg,elliptical
662569.jpg,elliptical
662571.jpg,spiral
662613.jpg,spiral
662628.jpg,elliptical
662690.jpg,spiral
662691.jpg,elliptical
662698.jpg,irregular
662706.jpg,spiral
662746.jpg,irregular
662812.jpg,elliptical
662817.jpg,irregular
662818.jpg,spiral
662837.jpg,spiral
662856.jpg,elliptical
662864.jpg,spiral
662910.jpg,elliptical
662927.jpg,elliptical
662931.jpg,elliptical
662939.jpg,elliptical
662964.jpg,elliptical
662979.jpg,spiral
662983.jpg,elliptical
662985.jpg,elliptical
662998.jpg,irregular
663028.jpg,elliptical
663042.jpg,elliptical
663045.jpg,elliptical
663055.jpg,irregular
663062.jpg,elliptical
663069.jpg,spiral
663094.jpg,spiral
663096.jpg,irregular
663124.jpg,elliptical
663131.jpg,irregular
663188.jpg,elliptical
663324.jpg,elliptical
663362.jpg,elliptical
663371.jpg,elliptical
663372.jpg,elliptical
663420.jpg,elliptical
663488.jpg,irregular
663491.jpg,elliptical
663541.jpg,elliptical
663581.jpg,elliptical
663587.jpg,spiral
663633.jpg,spiral
663634.jpg,elliptical
663638.jpg,elliptical
663663.jpg,elliptical
663669.jpg,spiral
663711.jpg,spiral
663721.jpg,irregular
663754.jpg,irregular
663799.jpg,elliptical
663805.jpg,elliptical
663808.jpg,irregular
663843.jpg,irregular
663886.jpg,elliptical
663894.jpg,irregular
663923.jpg,elliptical
663933.jpg,elliptical
663949.jpg,spiral
663958.jpg,elliptical
663986.jpg,irregular
663994.jpg,elliptical
664015.jpg,spiral
664070.jpg,elliptical
664116.jpg,irregular
664132.jpg,elliptical
664153.jpg,elliptical
664163.jpg,elliptical
664175.jpg,elliptical
664207.jpg,elliptical
664235.jpg,elliptical
664249.jpg,elliptical
664253.jpg,spiral
664277.jpg,elliptical
664319.jpg,elliptical
664356.jpg,elliptical
664359.jpg,elliptical
664374.jpg,irregular
664398.jpg,irregular
664443.jpg,elliptical
664449.jpg,elliptical
664455.jpg,elliptical
664476.jpg,elliptical
664484.jpg,spiral
664490.jpg,elliptical
664526.jpg,elliptical
664529.jpg,elliptical
664545.jpg,elliptical
664550.jpg,elliptical
664552.jpg,irregular
664559.jpg,elliptical
664585.jpg,elliptical
664745.jpg,spiral
664793.jpg,elliptical
664857.jpg,spiral
664917.jpg,elliptical
664954.jpg,elliptical
664973.jpg,spiral
664983.jpg,elliptical
665019.jpg,elliptical
665023.jpg,elliptical
665059.jpg,elliptical
665070.jpg,elliptical
665112.jpg,irregular
665187.jpg,elliptical
665196.jpg,irregular
665201.jpg,elliptical
665204.jpg,spiral
665225.jpg,irregular
665236.jpg,elliptical
665259.jpg,spiral
665318.jpg,spiral
665330.jpg,irregular
665332.jpg,irregular
665337.jpg,spiral
665361.jpg,spiral
665368.jpg,elliptical
665400.jpg,elliptical
665427.jpg,elliptical
665446.jpg,elliptical
665463.jpg,elliptical
665494.jpg,elliptical
665511.jpg,spiral
665513.jpg,irregular
665532.jpg,elliptical
665559.jpg,irregular
665573.jpg,irregular
665599.jpg,elliptical
665651.jpg,elliptical
665656.jpg,elliptical
665660.jpg,spiral
665694.jpg,elliptical
665748.jpg,elliptical
665750.jpg,elliptical
665753.jpg,elliptical
665755.jpg,elliptical
665818.jpg,elliptical
665848.jpg,spiral
665913.jpg,elliptical
665914.jpg,elliptical
665921.jpg,irregular
665963.jpg,elliptical
665979.jpg,spiral
665982.jpg,spiral
665996.jpg,elliptical
666009.jpg,spiral
666036.jpg,irregular
666076.jpg,spiral
666091.jpg,elliptical
666142.jpg,spiral
666166.jpg,elliptical
666190.jpg,elliptical
666209.jpg,elliptical
666215.jpg,elliptical
666244.jpg,elliptical
666273.jpg,spiral
666289.jpg,elliptical
666307.jpg,elliptical
666336.jpg,elliptical
666350.jpg,elliptical
666376.jpg,elliptical
666399.jpg,elliptical
666418.jpg,elliptical
666421.jpg,elliptical
666456.jpg,elliptical
666493.jpg,elliptical
666505.jpg,irregular
666508.jpg,spiral
666542.jpg,elliptical
666554.jpg,elliptical
666580.jpg,elliptical
666581.jpg,spiral
666636.jpg,elliptical
666662.jpg,elliptical
666743.jpg,elliptical
666760.jpg,spiral
666798.jpg,elliptical
666814.jpg,elliptical
666835.jpg,elliptical
666849.jpg,elliptical
666877.jpg,elliptical
666880.jpg,spiral
666921.jpg,elliptical
666968.jpg,irregular
667029.jpg,elliptical
667060.jpg,elliptical
667090.jpg,elliptical
667150.jpg,irregular
667152.jpg,elliptical
667180.jpg,spiral
667187.jpg,spiral
667200.jpg,irregular
667231.jpg,elliptical
667235.jpg,elliptical
667241.jpg,elliptical
667255.jpg,elliptical
667278.jpg,irregular
667295.jpg,elliptical
667307.jpg,elliptical
667342.jpg,spiral
667351.jpg,elliptical
667352.jpg,elliptical
667358.jpg,elliptical
667368.jpg,elliptical
667381.jpg,spiral
667472.jpg,elliptical
667517.jpg,spiral
667537.jpg,elliptical
667569.jpg,elliptical
667578.jpg,elliptical
667600.jpg,elliptical
667608.jpg,elliptical
667610.jpg,irregular
667627.jpg,elliptical
667646.jpg,spiral
667696.jpg,elliptical
667697.jpg,elliptical
667707.jpg,elliptical
667715.jpg,spiral
667729.jpg,spiral
667758.jpg,elliptical
667813.jpg,elliptical
667827.jpg,irregular
667844.jpg,spiral
667846.jpg,irregular
667854.jpg,irregular
667912.jpg,spiral
667928.jpg,irregular
667981.jpg,spiral
667990.jpg,spiral
668032.jpg,elliptical
668063.jpg,elliptical
668066.jpg,elliptical
668075.jpg,irregular
668080.jpg,irregular
668090.jpg,spiral
668114.jpg,elliptical
668135.jpg,elliptical
668140.jpg,irregular
668154.jpg,elliptical
668204.jpg,elliptical
668212.jpg,spiral
668230.jpg,elliptical
668239.jpg,spiral
668269.jpg,elliptical
668270.jpg,elliptical
668283.jpg,spiral
668287.jpg,elliptical
668405.jpg,elliptical
668439.jpg,irregular
668474.jpg,elliptical
668478.jpg,elliptical
668498.jpg,irregular
668501.jpg,elliptical
668520.jpg,irregular
668529.jpg,spiral
668531.jpg,irregular
668532.jpg,spiral
668583.jpg,spiral
668628.jpg,elliptical
668649.jpg,irregular
668685.jpg,elliptical
668714.jpg,elliptical
668757.jpg,elliptical
668828.jpg,elliptical
668830.jpg,spiral
668850.jpg,elliptical
668861.jpg,elliptical
668886.jpg,elliptical
668893.jpg,elliptical
668903.jpg,elliptical
668983.jpg,irregular
669059.jpg,irregular
669061.jpg,elliptical
669105.jpg,elliptical
669106.jpg,elliptical
669124.jpg,irregular
669129.jpg,elliptical
669146.jpg,elliptical
669151.jpg,irregular
669153.jpg,spiral
669171.jpg,elliptical
669257.jpg,elliptical
669280.jpg,elliptical
669294.jpg,elliptical
669310.jpg,irregular
669331.jpg,elliptical
669355.jpg,elliptical
669370.jpg,elliptical
669407.jpg,elliptical
669421.jpg,elliptical
669448.jpg,elliptical
669464.jpg,elliptical
669475.jpg,elliptical
669480.jpg,spiral
669541.jpg,irregular
669564.jpg,spiral
669578.jpg,irregular
669605.jpg,spiral
669608.jpg,spiral
669627.jpg,elliptical
669638.jpg,elliptical
669681.jpg,elliptical
669682.jpg,spiral
669739.jpg,elliptical
669764.jpg,elliptical
669781.jpg,spiral
669783.jpg,elliptical
669794.jpg,elliptical
669808.jpg,spiral
669813.jpg,elliptical
669828.jpg,elliptical
669881.jpg,spiral
669927.jpg,elliptical
669964.jpg,irregular
669974.jpg,spiral
669988.jpg,elliptical
669995.jpg,spiral
670010.jpg,spiral
670016.jpg,irregular
670022.jpg,elliptical
670025.jpg,spiral
670047.jpg,elliptical
670053.jpg,irregular
670070.jpg,irregular
670074.jpg,spiral
670098.jpg,elliptical
670137.jpg,elliptical
670243.jpg,elliptical
670274.jpg,irregular
670288.jpg,spiral
670339.jpg,elliptical
670365.jpg,elliptical
670370.jpg,spiral
670393.jpg,elliptical
670443.jpg,elliptical
670463.jpg,irregular
670464.jpg,spiral
670492.jpg,elliptical
670504.jpg,spiral
670581.jpg,elliptical
670594.jpg,elliptical
670611.jpg,elliptical
670613.jpg,irregular
670681.jpg,irregular
670705.jpg,elliptical
670753.jpg,spiral
670771.jpg,irregular
670819.jpg,elliptical
670823.jpg,spiral
670845.jpg,spiral
670864.jpg,elliptical
670887.jpg,irregular
670903.jpg,elliptical
670923.jpg,elliptical
670924.jpg,elliptical
670988.jpg,irregular
671028.jpg,elliptical
671038.jpg,spiral
671040.jpg,elliptical
671079.jpg,elliptical
671085.jpg,elliptical
671109.jpg,spiral
671124.jpg,spiral
671163.jpg,elliptical
671165.jpg,spiral
671186.jpg,elliptical
671198.jpg,elliptical
671199.jpg,spiral
671201.jpg,irregular
671227.jpg,irregular
671237.jpg,spiral
671269.jpg,irregular
671285.jpg,spiral
671291.jpg,irregular
671300.jpg,elliptical
671343.jpg,irregular
671344.jpg,spiral
671348.jpg,elliptical
671353.jpg,elliptical
671382.jpg,elliptical
671386.jpg,elliptical
671397.jpg,irregular
671455.jpg,elliptical
671471.jpg,spiral
671476.jpg,elliptical
671486.jpg,irregular
671519.jpg,spiral
671521.jpg,elliptical
671534.jpg,elliptical
671567.jpg,elliptical
671568.jpg,elliptical
671574.jpg,elliptical
671581.jpg,elliptical
671606.jpg,irregular
671607.jpg,elliptical
671638.jpg,elliptical
671640.jpg,irregular
671662.jpg,elliptical
671716.jpg,elliptical
671775.jpg,elliptical
671787.jpg,spiral
671788.jpg,elliptical
671792.jpg,irregular
671811.jpg,elliptical
671819.jpg,elliptical
671823.jpg,elliptical
671827.jpg,elliptical
671832.jpg,elliptical
671839.jpg,elliptical
671900.jpg,irregular
671906.jpg,elliptical
671908.jpg,irregular
671928.jpg,irregular
671932.jpg,irregular
671958.jpg,elliptical
671970.jpg,elliptical
671981.jpg,elliptical
671988.jpg,irregular
671990.jpg,elliptical
671997.jpg,spiral
672001.jpg,elliptical
672003.jpg,irregular
672023.jpg,irregular
672070.jpg,elliptical
672115.jpg,elliptical
672121.jpg,elliptical
672137.jpg,spiral
672156.jpg,irregular
672210.jpg,irregular
672223.jpg,elliptical
672236.jpg,spiral
672274.jpg,elliptical
672303.jpg,elliptical
672312.jpg,spiral
672332.jpg,elliptical
672346.jpg,irregular
672387.jpg,elliptical
672408.jpg,spiral
672410.jpg,elliptical
672411.jpg,elliptical
672437.jpg,spiral
672443.jpg,elliptical
672465.jpg,elliptical
672469.jpg,elliptical
672471.jpg,elliptical
672487.jpg,elliptical
672515.jpg,elliptical
672529.jpg,irregular
672535.jpg,irregular
672566.jpg,irregular
672580.jpg,spiral
672600.jpg,elliptical
672605.jpg,elliptical
672681.jpg,elliptical
672695.jpg,irregular
672726.jpg,elliptical
672759.jpg,elliptical
672788.jpg,elliptical
672825.jpg,spiral
672852.jpg,irregular
672922.jpg,elliptical
672975.jpg,elliptical
673006.jpg,elliptical
673015.jpg,elliptical
673026.jpg,elliptical
673034.jpg,elliptical
673062.jpg,elliptical
673080.jpg,elliptical
673081.jpg,irregular
673132.jpg,elliptical
673141.jpg,spiral
673192.jpg,irregular
673193.jpg,elliptical
673221.jpg,elliptical
673227.jpg,elliptical
673276.jpg,elliptical
673301.jpg,irregular
673337.jpg,elliptical
673354.jpg,spiral
673371.jpg,elliptical
673376.jpg,elliptical
673378.jpg,elliptical
673383.jpg,elliptical
673386.jpg,irregular
673398.jpg,irregular
673401.jpg,elliptical
673402.jpg,elliptical
673417.jpg,irregular
673423.jpg,elliptical
673471.jpg,elliptical
673482.jpg,irregular
673490.jpg,elliptical
673499.jpg,elliptical
673501.jpg,elliptical
673507.jpg,elliptical
673522.jpg,spiral
673527.jpg,elliptical
673557.jpg,irregular
673605.jpg,elliptical
673620.jpg,elliptical
673637.jpg,spiral
673660.jpg,elliptical
673679.jpg,elliptical
673683.jpg,elliptical
673722.jpg,spiral
673752.jpg,irregular
673753.jpg,elliptical
673769.jpg,elliptical
673774.jpg,spiral
673777.jpg,irregular
673787.jpg,elliptical
673810.jpg,elliptical
673823.jpg,elliptical
673830.jpg,elliptical
673861.jpg,elliptical
673882.jpg,elliptical
673893.jpg,elliptical
673945.jpg,elliptical
673957.jpg,elliptical
673973.jpg,elliptical
673992.jpg,elliptical
673994.jpg,elliptical
674001.jpg,irregular
674014.jpg,elliptical
674021.jpg,spiral
674040.jpg,elliptical
674066.jpg,spiral
674088.jpg,elliptical
674098.jpg,spiral
674099.jpg,elliptical
674147.jpg,spiral
674227.jpg,spiral
674261.jpg,elliptical
674281.jpg,spiral
674297.jpg,elliptical
674320.jpg,irregular
674325.jpg,spiral
674327.jpg,irregular
674348.jpg,elliptical
674368.jpg,elliptical
674387.jpg,elliptical
674393.jpg,elliptical
674403.jpg,elliptical
674447.jpg,spiral
674452.jpg,elliptical
674459.jpg,irregular
674483.jpg,elliptical
674504.jpg,elliptical
674536.jpg,elliptical
674588.jpg,elliptical
674601.jpg,elliptical
674618.jpg,elliptical
674626.jpg,elliptical
674646.jpg,elliptical
674687.jpg,elliptical
674698.jpg,spiral
674765.jpg,spiral
674805.jpg,irregular
674825.jpg,spiral
674876.jpg,elliptical
674895.jpg,spiral
674906.jpg,elliptical
674909.jpg,spiral
674915.jpg,elliptical
674934.jpg,spiral
674943.jpg,irregular
674993.jpg,elliptical
675009.jpg,elliptical
675029.jpg,irregular
675033.jpg,elliptical
675038.jpg,elliptical
675047.jpg,elliptical
675052.jpg,elliptical
675066.jpg,elliptical
675067.jpg,elliptical
675085.jpg,elliptical
675118.jpg,elliptical
675126.jpg,spiral
675133.jpg,elliptical
675141.jpg,spiral
675170.jpg,elliptical
675174.jpg,spiral
675195.jpg,irregular
675202.jpg,elliptical
675248.jpg,spiral
675250.jpg,irregular
675261.jpg,elliptical
675271.jpg,spiral
675301.jpg,elliptical
675321.jpg,elliptical
675362.jpg,elliptical
675367.jpg,elliptical
675368.jpg,elliptical
675411.jpg,elliptical
675417.jpg,irregular
675428.jpg,elliptical
675447.jpg,elliptical
675465.jpg,spiral
675474.jpg,elliptical
675476.jpg,elliptical
675497.jpg,irregular
675521.jpg,irregular
675549.jpg,elliptical
675565.jpg,elliptical
675577.jpg,irregular
675616.jpg,elliptical
675620.jpg,spiral
675657.jpg,elliptical
675679.jpg,spiral
675680.jpg,irregular
675690.jpg,irregular
675692.jpg,elliptical
675736.jpg,spiral
675832.jpg,elliptical
675836.jpg,irregular
675871.jpg,elliptical
675903.jpg,elliptical
675929.jpg,elliptical
675955.jpg,spiral
675967.jpg,elliptical
676019.jpg,spiral
676032.jpg,elliptical
676067.jpg,elliptical
676079.jpg,elliptical
676082.jpg,irregular
676115.jpg,elliptical
676137.jpg,elliptical
676142.jpg,elliptical
676154.jpg,elliptical
676159.jpg,spiral
676165.jpg,spiral
676177.jpg,elliptical
676207.jpg,elliptical
676240.jpg,spiral
676266.jpg,elliptical
676274.jpg,spiral
676281.jpg,spiral
676307.jpg,spiral
676354.jpg,elliptical
676368.jpg,irregular
676373.jpg,irregular
676376.jpg,elliptical
676380.jpg,elliptical
676384.jpg,elliptical
676395.jpg,elliptical
676423.jpg,elliptical
676424.jpg,elliptical
676427.jpg,spiral
676438.jpg,elliptical
676440.jpg,spiral
676444.jpg,elliptical
676458.jpg,elliptical
676461.jpg,elliptical
676470.jpg,elliptical
676529.jpg,elliptical
676553.jpg,elliptical
676571.jpg,elliptical
676592.jpg,elliptical
676596.jpg,irregular
676604.jpg,spiral
676613.jpg,irregular
676620.jpg,irregular
676634.jpg,spiral
676658.jpg,spiral
676661.jpg,elliptical
676667.jpg,spiral
676751.jpg,elliptical
676795.jpg,elliptical
676812.jpg,elliptical
676859.jpg,spiral
676883.jpg,elliptical
676985.jpg,elliptical
676993.jpg,elliptical
677003.jpg,irregular
677012.jpg,spiral
677057.jpg,spiral
677098.jpg,elliptical
677109.jpg,elliptical
677166.jpg,irregular
677167.jpg,spiral
677190.jpg,irregular
677201.jpg,elliptical
677207.jpg,irregular
677231.jpg,elliptical
677239.jpg,spiral
677248.jpg,elliptical
677311.jpg,irregular
677346.jpg,spiral
677349.jpg,elliptical
677357.jpg,irregular
677390.jpg,irregular
677433.jpg,elliptical
677440.jpg,elliptical
677448.jpg,spiral
677476.jpg,spiral
677487.jpg,irregular
677492.jpg,irregular
677506.jpg,spiral
677594.jpg,irregular
677623.jpg,elliptical
677647.jpg,elliptical
677677.jpg,spiral
677684.jpg,elliptical
677713.jpg,spiral
677755.jpg,spiral
677790.jpg,elliptical
677797.jpg,elliptical
677808.jpg,elliptical
677827.jpg,irregular
677843.jpg,spiral
677884.jpg,irregular
677894.jpg,elliptical
677921.jpg,elliptical
677937.jpg,elliptical
677950.jpg,elliptical
677961.jpg,irregular
677971.jpg,elliptical
677976.jpg,irregular
678010.jpg,irregular
678012.jpg,elliptical
678028.jpg,elliptical
678029.jpg,irregular
678034.jpg,elliptical
678045.jpg,irregular
678055.jpg,irregular
678059.jpg,spiral
678090.jpg,elliptical
678114.jpg,irregular
678125.jpg,spiral
678127.jpg,irregular
678129.jpg,irregular
678132.jpg,elliptical
678147.jpg,elliptical
678175.jpg,elliptical
678204.jpg,elliptical
678216.jpg,elliptical
678224.jpg,elliptical
678241.jpg,spiral
678275.jpg,elliptical
678285.jpg,elliptical
678297.jpg,irregular
678327.jpg,elliptical
678334.jpg,elliptical
678356.jpg,elliptical
678406.jpg,elliptical
678445.jpg,elliptical
678535.jpg,spiral
678543.jpg,spiral
678584.jpg,elliptical
678621.jpg,elliptical
678661.jpg,spiral
678774.jpg,elliptical
678808.jpg,elliptical
678816.jpg,elliptical
678831.jpg,irregular
678834.jpg,elliptical
678850.jpg,elliptical
678853.jpg,elliptical
678873.jpg,elliptical
678882.jpg,irregular
678913.jpg,elliptical
678919.jpg,irregular
678950.jpg,irregular
678951.jpg,elliptical
679054.jpg,elliptical
679069.jpg,elliptical
679097.jpg,elliptical
679105.jpg,irregular
679110.jpg,elliptical
679127.jpg,spiral
679201.jpg,spiral
679254.jpg,irregular
679267.jpg,irregular
679287.jpg,elliptical
679302.jpg,elliptical
679337.jpg,elliptical
679350.jpg,spiral
679363.jpg,spiral
679387.jpg,elliptical
679397.jpg,spiral
679417.jpg,elliptical
679421.jpg,elliptical
679432.jpg,spiral
679451.jpg,elliptical
679456.jpg,spiral
679499.jpg,elliptical
679503.jpg,irregular
679553.jpg,elliptical
679576.jpg,elliptical
679600.jpg,elliptical
679623.jpg,elliptical
679632.jpg,irregular
679657.jpg,elliptical
679670.jpg,spiral
679730.jpg,irregular
679739.jpg,irregular
679754.jpg,elliptical
679757.jpg,spiral
679798.jpg,elliptical
679827.jpg,spiral
679853.jpg,elliptical
679869.jpg,spiral
679878.jpg,elliptical
679883.jpg,elliptical
679893.jpg,spiral
679897.jpg,elliptical
679906.jpg,irregular
679936.jpg,elliptical
679948.jpg,spiral
679964.jpg,elliptical
679968.jpg,irregular
680000.jpg,elliptical
680027.jpg,elliptical
680050.jpg,irregular
680051.jpg,irregular
680082.jpg,elliptical
680105.jpg,elliptical
680124.jpg,spiral
680128.jpg,irregular
680135.jpg,spiral
680147.jpg,elliptical
680154.jpg,elliptical
680163.jpg,elliptical
680182.jpg,spiral
680192.jpg,elliptical
680201.jpg,elliptical
680215.jpg,irregular
680239.jpg,elliptical
680293.jpg,elliptical
680311.jpg,irregular
680350.jpg,spiral
680394.jpg,spiral
680400.jpg,elliptical
680426.jpg,elliptical
680435.jpg,spiral
680465.jpg,spiral
680478.jpg,spiral
680482.jpg,elliptical
680501.jpg,spiral
680514.jpg,spiral
680519.jpg,spiral
680526.jpg,elliptical
680567.jpg,elliptical
680590.jpg,spiral
680636.jpg,elliptical
680641.jpg,elliptical
680644.jpg,elliptical
680645.jpg,elliptical
680651.jpg,irregular
680659.jpg,elliptical
680712.jpg,elliptical
680721.jpg,elliptical
680749.jpg,elliptical
680758.jpg,elliptical
680773.jpg,spiral
680783.jpg,spiral
680786.jpg,elliptical
680820.jpg,spiral
680834.jpg,elliptical
680840.jpg,elliptical
680852.jpg,spiral
680887.jpg,elliptical
680936.jpg,elliptical
680940.jpg,elliptical
680944.jpg,elliptical
680957.jpg,elliptical
680981.jpg,elliptical
681007.jpg,elliptical
681046.jpg,elliptical
681063.jpg,elliptical
681092.jpg,irregular
681113.jpg,elliptical
681114.jpg,elliptical
681116.jpg,elliptical
681125.jpg,spiral
681153.jpg,elliptical
681156.jpg,elliptical
681189.jpg,irregular
681191.jpg,elliptical
681230.jpg,spiral
681240.jpg,elliptical
681322.jpg,irregular
681334.jpg,irregular
681338.jpg,elliptical
681353.jpg,elliptical
681362.jpg,irregular
681364.jpg,irregular
681381.jpg,elliptical
681406.jpg,elliptical
681414.jpg,spiral
681449.jpg,elliptical
681469.jpg,elliptical
681487.jpg,irregular
681517.jpg,elliptical
681546.jpg,elliptical
681566.jpg,spiral
681613.jpg,elliptical
681631.jpg,spiral
681645.jpg,elliptical
681657.jpg,spiral
681723.jpg,elliptical
681739.jpg,elliptical
681777.jpg,elliptical
681788.jpg,elliptical
681807.jpg,elliptical
681812.jpg,elliptical
681859.jpg,spiral
681866.jpg,elliptical
681867.jpg,elliptical
681909.jpg,irregular
681912.jpg,spiral
681916.jpg,spiral
681924.jpg,irregular
681976.jpg,elliptical
681981.jpg,irregular
681983.jpg,irregular
681997.jpg,elliptical
682008.jpg,irregular
682017.jpg,irregular
682042.jpg,elliptical
682098.jpg,elliptical
682113.jpg,elliptical
682122.jpg,spiral
682128.jpg,elliptical
682135.jpg,elliptical
682145.jpg,elliptical
682166.jpg,elliptical
682211.jpg,elliptical
682214.jpg,elliptical
682218.jpg,spiral
682228.jpg,elliptical
682232.jpg,elliptical
682254.jpg,elliptical
682289.jpg,spiral
682298.jpg,irregular
682323.jpg,spiral
682325.jpg,elliptical
682343.jpg,elliptical
682347.jpg,elliptical
682439.jpg,elliptical
682450.jpg,irregular
682468.jpg,elliptical
682534.jpg,elliptical
682535.jpg,elliptical
682608.jpg,elliptical
682613.jpg,irregular
682623.jpg,elliptical
682624.jpg,irregular
682649.jpg,elliptical
682651.jpg,elliptical
682658.jpg,irregular
682694.jpg,elliptical
682725.jpg,elliptical
682749.jpg,elliptical
682794.jpg,irregular
682830.jpg,elliptical
682833.jpg,elliptical
682883.jpg,spiral
682889.jpg,elliptical
682900.jpg,irregular
682909.jpg,irregular
682931.jpg,elliptical
682943.jpg,elliptical
682982.jpg,irregular
683019.jpg,elliptical
683036.jpg,spiral
683080.jpg,elliptical
683146.jpg,irregular
683182.jpg,elliptical
683230.jpg,spiral
683269.jpg,elliptical
683270.jpg,spiral
683282.jpg,elliptical
683294.jpg,irregular
683360.jpg,spiral
683371.jpg,elliptical
683382.jpg,elliptical
683391.jpg,spiral
683411.jpg,irregular
683419.jpg,irregular
683428.jpg,elliptical
683450.jpg,elliptical
683474.jpg,irregular
683509.jpg,elliptical
683528.jpg,elliptical
683543.jpg,elliptical
683607.jpg,irregular
683624.jpg,spiral
683627.jpg,elliptical
683644.jpg,elliptical
683677.jpg,elliptical
683700.jpg,irregular
683701.jpg,elliptical
683746.jpg,irregular
683766.jpg,spiral
683775.jpg,elliptical
683796.jpg,irregular
683807.jpg,elliptical
683821.jpg,elliptical
683833.jpg,spiral
683843.jpg,elliptical
683863.jpg,irregular
683900.jpg,irregular
683926.jpg,elliptical
683932.jpg,elliptical
684025.jpg,elliptical
684063.jpg,irregular
684076.jpg,elliptical
684082.jpg,irregular
684103.jpg,irregular
684104.jpg,elliptical
684135.jpg,spiral
684191.jpg,elliptical
684207.jpg,elliptical
684222.jpg,elliptical
684263.jpg,irregular
684270.jpg,irregular
684287.jpg,elliptical
684294.jpg,elliptical
684340.jpg,elliptical
684351.jpg,irregular
684367.jpg,elliptical
684405.jpg,elliptical
684415.jpg,irregular
684441.jpg,elliptical
684463.jpg,elliptical
684473.jpg,irregular
684483.jpg,elliptical
684488.jpg,elliptical
684519.jpg,elliptical
684539.jpg,elliptical
684556.jpg,elliptical
684582.jpg,elliptical
684592.jpg,irregular
684606.jpg,elliptical
684644.jpg,elliptical
684649.jpg,elliptical
684650.jpg,elliptical
684679.jpg,elliptical
684699.jpg,elliptical
684702.jpg,spiral
684712.jpg,elliptical
684719.jpg,spiral
684763.jpg,elliptical
684793.jpg,elliptical
684810.jpg,spiral
684821.jpg,elliptical
684823.jpg,elliptical
684828.jpg,spiral
684868.jpg,elliptical
684869.jpg,elliptical
684910.jpg,elliptical
684938.jpg,spiral
684948.jpg,irregular
684952.jpg,elliptical
684953.jpg,spiral
684985.jpg,spiral
685064.jpg,elliptical
685084.jpg,elliptical
685101.jpg,irregular
685122.jpg,spiral
685138.jpg,elliptical
685149.jpg,irregular
685150.jpg,spiral
685170.jpg,elliptical
685187.jpg,irregular
685189.jpg,elliptical
685228.jpg,elliptical
685261.jpg,elliptical
685321.jpg,spiral
685322.jpg,elliptical
685330.jpg,elliptical
685417.jpg,elliptical
685432.jpg,spiral
685522.jpg,spiral
685559.jpg,irregular
685565.jpg,irregular
685606.jpg,spiral
685632.jpg,spiral
685647.jpg,spiral
685659.jpg,irregular
685678.jpg,elliptical
685695.jpg,irregular
685697.jpg,elliptical
685728.jpg,elliptical
685740.jpg,irregular
685833.jpg,elliptical
685842.jpg,elliptical
685877.jpg,elliptical
685878.jpg,irregular
685920.jpg,elliptical
685927.jpg,irregular
685951.jpg,elliptical
685957.jpg,elliptical
685963.jpg,elliptical
685969.jpg,elliptical
685976.jpg,elliptical
685985.jpg,elliptical
685989.jpg,elliptical
686013.jpg,spiral
686019.jpg,elliptical
686039.jpg,elliptical
686056.jpg,irregular
686061.jpg,irregular
686087.jpg,elliptical
686098.jpg,elliptical
686140.jpg,elliptical
686205.jpg,elliptical
686213.jpg,elliptical
686259.jpg,elliptical
686273.jpg,spiral
686277.jpg,irregular
686288.jpg,spiral
686297.jpg,irregular
686298.jpg,spiral
686335.jpg,elliptical
686348.jpg,irregular
686353.jpg,elliptical
686373.jpg,elliptical
686403.jpg,spiral
686417.jpg,spiral
686448.jpg,elliptical
686465.jpg,spiral
686506.jpg,elliptical
686507.jpg,elliptical
686524.jpg,elliptical
686535.jpg,spiral
686549.jpg,elliptical
686561.jpg,spiral
686575.jpg,irregular
686607.jpg,irregular
686612.jpg,elliptical
686666.jpg,spiral
686676.jpg,elliptical
686686.jpg,irregular
686693.jpg,elliptical
686698.jpg,irregular
686712.jpg,irregular
686764.jpg,elliptical
686779.jpg,elliptical
686794.jpg,irregular
686803.jpg,elliptical
686815.jpg,irregular
686818.jpg,elliptical
686822.jpg,elliptical
686827.jpg,spiral
686839.jpg,elliptical
686846.jpg,spiral
686927.jpg,irregular
686933.jpg,elliptical
686972.jpg,irregular
686977.jpg,spiral
686981.jpg,elliptical
686997.jpg,elliptical
687006.jpg,spiral
687013.jpg,spiral
687032.jpg,elliptical
687073.jpg,elliptical
687085.jpg,elliptical
687104.jpg,elliptical
687108.jpg,spiral
687130.jpg,elliptical
687189.jpg,elliptical
687198.jpg,elliptical
687199.jpg,elliptical
687236.jpg,elliptical
687240.jpg,elliptical
687250.jpg,elliptical
687266.jpg,spiral
687325.jpg,elliptical
687365.jpg,elliptical
687368.jpg,elliptical
687376.jpg,elliptical
687419.jpg,elliptical
687420.jpg,elliptical
687421.jpg,spiral
687432.jpg,irregular
687456.jpg,elliptical
687457.jpg,elliptical
687460.jpg,elliptical
687470.jpg,spiral
687478.jpg,elliptical
687488.jpg,spiral
687507.jpg,spiral
687534.jpg,spiral
687565.jpg,irregular
687619.jpg,elliptical
687671.jpg,irregular
687681.jpg,spiral
687682.jpg,elliptical
687727.jpg,spiral
687733.jpg,irregular
687737.jpg,elliptical
687746.jpg,elliptical
687753.jpg,elliptical
687760.jpg,elliptical
687769.jpg,elliptical
687832.jpg,spiral
687903.jpg,elliptical
687928.jpg,elliptical
687944.jpg,elliptical
688025.jpg,elliptical
688053.jpg,elliptical
688084.jpg,irregular
688129.jpg,elliptical
688154.jpg,irregular
688242.jpg,elliptical
688273.jpg,elliptical
688278.jpg,elliptical
688298.jpg,irregular
688305.jpg,elliptical
688319.jpg,elliptical
688325.jpg,spiral
688349.jpg,elliptical
688415.jpg,elliptical
688419.jpg,spiral
688423.jpg,irregular
688435.jpg,elliptical
688452.jpg,elliptical
688458.jpg,elliptical
688463.jpg,irregular
688480.jpg,irregular
688501.jpg,irregular
688505.jpg,elliptical
688524.jpg,elliptical
688540.jpg,irregular
688549.jpg,elliptical
688558.jpg,spiral
688577.jpg,irregular
688590.jpg,elliptical
688601.jpg,spiral
688645.jpg,elliptical
688681.jpg,irregular
688709.jpg,spiral
688740.jpg,elliptical
688805.jpg,irregular
688824.jpg,elliptical
688825.jpg,spiral
688837.jpg,elliptical
688861.jpg,elliptical
688872.jpg,elliptical
688881.jpg,elliptical
688906.jpg,elliptical
688913.jpg,elliptical
688963.jpg,elliptical
689030.jpg,elliptical
689035.jpg,spiral
689043.jpg,elliptical
689046.jpg,elliptical
689069.jpg,irregular
689103.jpg,spiral
689168.jpg,irregular
689178.jpg,spiral
689186.jpg,elliptical
689201.jpg,elliptical
689243.jpg,elliptical
689257.jpg,irregular
689272.jpg,elliptical
689278.jpg,elliptical
689284.jpg,elliptical
689298.jpg,elliptical
689339.jpg,elliptical
689343.jpg,spiral
689349.jpg,elliptical
689358.jpg,irregular
689405.jpg,elliptical
689408.jpg,elliptical
689430.jpg,elliptical
689434.jpg,irregular
689457.jpg,elliptical
689462.jpg,elliptical
689468.jpg,elliptical
689493.jpg,elliptical
689559.jpg,irregular
689583.jpg,irregular
689586.jpg,irregular
689589.jpg,irregular
689606.jpg,spiral
689631.jpg,elliptical
689640.jpg,elliptical
689660.jpg,elliptical
689690.jpg,spiral
689691.jpg,irregular
689694.jpg,elliptical
689697.jpg,elliptical
689707.jpg,irregular
689709.jpg,elliptical
689714.jpg,spiral
689733.jpg,elliptical
689756.jpg,elliptical
689765.jpg,spiral
689795.jpg,elliptical
689817.jpg,elliptical
689880.jpg,elliptical
689961.jpg,elliptical
690002.jpg,spiral
690014.jpg,elliptical
690017.jpg,elliptical
690025.jpg,elliptical
690130.jpg,spiral
690164.jpg,irregular
690170.jpg,elliptical
690175.jpg,elliptical
690204.jpg,spiral
690240.jpg,elliptical
690293.jpg,elliptical
690308.jpg,elliptical
690309.jpg,elliptical
690319.jpg,elliptical
690336.jpg,irregular
690340.jpg,irregular
690361.jpg,spiral
690386.jpg,elliptical
690397.jpg,elliptical
690400.jpg,elliptical
690412.jpg,elliptical
690420.jpg,irregular
690446.jpg,irregular
690483.jpg,spiral
690489.jpg,elliptical
690504.jpg,irregular
690516.jpg,elliptical
690517.jpg,elliptical
690522.jpg,spiral
690576.jpg,spiral
690589.jpg,irregular
690610.jpg,elliptical
690612.jpg,elliptical
690627.jpg,spiral
690636.jpg,spiral
690657.jpg,irregular
690692.jpg,elliptical
690724.jpg,elliptical
690733.jpg,elliptical
690736.jpg,elliptical
690751.jpg,irregular
690771.jpg,irregular
690823.jpg,elliptical
690853.jpg,irregular
690856.jpg,spiral
690912.jpg,irregular
690927.jpg,elliptical
690930.jpg,elliptical
690939.jpg,elliptical
690962.jpg,elliptical
690990.jpg,elliptical
690999.jpg,spiral
691038.jpg,spiral
691046.jpg,elliptical
691066.jpg,elliptical
691070.jpg,elliptical
691093.jpg,irregular
691165.jpg,irregular
691180.jpg,elliptical
691202.jpg,elliptical
691206.jpg,spiral
691207.jpg,elliptical
691298.jpg,spiral
691323.jpg,irregular
691336.jpg,elliptical
691354.jpg,irregular
691356.jpg,spiral
691395.jpg,elliptical
691461.jpg,elliptical
691485.jpg,irregular
691506.jpg,elliptical
691531.jpg,spiral
691535.jpg,spiral
691546.jpg,elliptical
691549.jpg,elliptical
691569.jpg,elliptical
691596.jpg,elliptical
691623.jpg,elliptical
691624.jpg,elliptical
691625.jpg,elliptical
691626.jpg,spiral
691633.jpg,spiral
691656.jpg,irregular
691716.jpg,elliptical
691723.jpg,irregular
691748.jpg,spiral
691771.jpg,irregular
691782.jpg,elliptical
691840.jpg,irregular
691871.jpg,elliptical
691875.jpg,irregular
691883.jpg,spiral
691901.jpg,elliptical
691909.jpg,elliptical
691917.jpg,elliptical
691970.jpg,spiral
691997.jpg,elliptical
692036.jpg,spiral
692107.jpg,spiral
692152.jpg,elliptical
692192.jpg,elliptical
692285.jpg,elliptical
692323.jpg,elliptical
692327.jpg,elliptical
692371.jpg,spiral
692379.jpg,spiral
692380.jpg,elliptical
692396.jpg,elliptical
692402.jpg,elliptical
692405.jpg,irregular
692426.jpg,irregular
692440.jpg,elliptical
692450.jpg,elliptical
692517.jpg,elliptical
692559.jpg,elliptical
692592.jpg,elliptical
692607.jpg,irregular
692638.jpg,elliptical
692644.jpg,spiral
692667.jpg,irregular
692702.jpg,spiral
692764.jpg,elliptical
692766.jpg,spiral
692767.jpg,elliptical
692772.jpg,spiral
692774.jpg,elliptical
692780.jpg,spiral
692838.jpg,elliptical
692859.jpg,irregular
692895.jpg,elliptical
692908.jpg,elliptical
692912.jpg,elliptical
692913.jpg,elliptical
692950.jpg,elliptical
692963.jpg,elliptical
692981.jpg,elliptical
693016.jpg,elliptical
693031.jpg,spiral
693051.jpg,elliptical
693061.jpg,spiral
693067.jpg,elliptical
693083.jpg,elliptical
693128.jpg,spiral
693129.jpg,elliptical
693165.jpg,elliptical
693169.jpg,elliptical
693174.jpg,elliptical
693306.jpg,irregular
693325.jpg,irregular
693331.jpg,elliptical
693333.jpg,irregular
693369.jpg,elliptical
693371.jpg,elliptical
693427.jpg,elliptical
693428.jpg,spiral
693438.jpg,irregular
693514.jpg,elliptical
693516.jpg,elliptical
693540.jpg,elliptical
693554.jpg,spiral
693556.jpg,irregular
693561.jpg,elliptical
693612.jpg,spiral
693756.jpg,elliptical
693800.jpg,elliptical
693805.jpg,irregular
693814.jpg,elliptical
693830.jpg,irregular
693853.jpg,irregular
693894.jpg,irregular
693953.jpg,elliptical
693974.jpg,elliptical
694082.jpg,spiral
694104.jpg,spiral
694133.jpg,irregular
694162.jpg,elliptical
694215.jpg,elliptical
694217.jpg,elliptical
694284.jpg,spiral
694287.jpg,elliptical
694336.jpg,spiral
694337.jpg,elliptical
694340.jpg,elliptical
694356.jpg,elliptical
694369.jpg,elliptical
694370.jpg,irregular
694391.jpg,elliptical
694395.jpg,irregular
694422.jpg,elliptical
694450.jpg,elliptical
694502.jpg,irregular
694551.jpg,elliptical
694563.jpg,spiral
694570.jpg,elliptical
694625.jpg,elliptical
694685.jpg,elliptical
694708.jpg,irregular
694774.jpg,elliptical
694796.jpg,elliptical
694823.jpg,elliptical
694854.jpg,elliptical
694870.jpg,elliptical
694901.jpg,elliptical
694921.jpg,elliptical
694941.jpg,spiral
694944.jpg,elliptical
694962.jpg,elliptical
694977.jpg,spiral
694988.jpg,elliptical
695009.jpg,elliptical
695011.jpg,elliptical
695036.jpg,elliptical
695054.jpg,elliptical
695056.jpg,elliptical
695124.jpg,spiral
695149.jpg,elliptical
695189.jpg,spiral
695199.jpg,irregular
695207.jpg,elliptical
695230.jpg,spiral
695246.jpg,elliptical
695263.jpg,irregular
695320.jpg,irregular
695323.jpg,spiral
695353.jpg,elliptical
695355.jpg,elliptical
695391.jpg,irregular
695416.jpg,irregular
695421.jpg,spiral
695433.jpg,elliptical
695495.jpg,elliptical
695504.jpg,elliptical
695567.jpg,irregular
695606.jpg,elliptical
695619.jpg,spiral
695620.jpg,irregular
695645.jpg,spiral
695666.jpg,irregular
695698.jpg,spiral
695723.jpg,spiral
695784.jpg,elliptical
695825.jpg,elliptical
695903.jpg,elliptical
695930.jpg,elliptical
695935.jpg,elliptical
695955.jpg,elliptical
695962.jpg,irregular
695964.jpg,elliptical
695967.jpg,irregular
695979.jpg,spiral
696014.jpg,elliptical
696039.jpg,elliptical
696049.jpg,spiral
696076.jpg,spiral
696120.jpg,elliptical
696162.jpg,irregular
696165.jpg,elliptical
696167.jpg,elliptical
696169.jpg,spiral
696192.jpg,elliptical
696195.jpg,elliptical
696202.jpg,elliptical
696229.jpg,elliptical
696231.jpg,spiral
696240.jpg,elliptical
696258.jpg,spiral
696288.jpg,elliptical
696343.jpg,elliptical
696397.jpg,elliptical
696442.jpg,spiral
696444.jpg,irregular
696447.jpg,spiral
696478.jpg,spiral
696487.jpg,elliptical
696489.jpg,elliptical
696495.jpg,spiral
696497.jpg,irregular
696555.jpg,elliptical
696558.jpg,irregular
696568.jpg,elliptical
696572.jpg,elliptical
696593.jpg,elliptical
696666.jpg,irregular
696684.jpg,elliptical
696704.jpg,elliptical
696705.jpg,elliptical
696731.jpg,irregular
696736.jpg,irregular
696779.jpg,spiral
696864.jpg,irregular
696865.jpg,irregular
696872.jpg,spiral
696875.jpg,elliptical
696880.jpg,elliptical
696887.jpg,spiral
697002.jpg,elliptical
697003.jpg,elliptical
697014.jpg,spiral
697029.jpg,elliptical
697047.jpg,spiral
697101.jpg,spiral
697108.jpg,elliptical
697123.jpg,elliptical
697141.jpg,elliptical
697183.jpg,elliptical
697195.jpg,elliptical
697200.jpg,elliptical
697205.jpg,elliptical
697246.jpg,spiral
697251.jpg,spiral
697275.jpg,spiral
697279.jpg,elliptical
697338.jpg,elliptical
697389.jpg,elliptical
697454.jpg,elliptical
697463.jpg,irregular
697487.jpg,elliptical
697492.jpg,elliptical
697526.jpg,spiral
697538.jpg,irregular
697581.jpg,elliptical
697615.jpg,spiral
697643.jpg,elliptical
697650.jpg,elliptical
697684.jpg,elliptical
697688.jpg,elliptical
697705.jpg,elliptical
697769.jpg,elliptical
697770.jpg,elliptical
697782.jpg,elliptical
697812.jpg,elliptical
697813.jpg,elliptical
697889.jpg,elliptical
697897.jpg,elliptical
697934.jpg,elliptical
697965.jpg,elliptical
697993.jpg,irregular
698010.jpg,spiral
698041.jpg,elliptical
698065.jpg,spiral
698077.jpg,irregular
698096.jpg,irregular
698119.jpg,spiral
698189.jpg,elliptical
698234.jpg,elliptical
698258.jpg,elliptical
698304.jpg,elliptical
698313.jpg,spiral
698328.jpg,elliptical
698332.jpg,irregular
698368.jpg,elliptical
698380.jpg,spiral
698396.jpg,irregular
698452.jpg,elliptical
698492.jpg,irregular
698583.jpg,elliptical
698592.jpg,elliptical
698594.jpg,spiral
698599.jpg,elliptical
698654.jpg,elliptical
698664.jpg,elliptical
698733.jpg,elliptical
698744.jpg,spiral
698761.jpg,irregular
698762.jpg,irregular
698814.jpg,spiral
698825.jpg,elliptical
698834.jpg,elliptical
698884.jpg,elliptical
698946.jpg,elliptical
699006.jpg,irregular
699023.jpg,elliptical
699031.jpg,elliptical
699039.jpg,irregular
699065.jpg,elliptical
699066.jpg,elliptical
699075.jpg,elliptical
699098.jpg,elliptical
699167.jpg,elliptical
699191.jpg,spiral
699209.jpg,spiral
699213.jpg,irregular
699222.jpg,spiral
699276.jpg,elliptical
699283.jpg,elliptical
699293.jpg,irregular
699310.jpg,elliptical
699311.jpg,spiral
699325.jpg,elliptical
699331.jpg,elliptical
699334.jpg,spiral
699348.jpg,elliptical
699360.jpg,elliptical
699375.jpg,irregular
699392.jpg,elliptical
699508.jpg,elliptical
699514.jpg,irregular
699534.jpg,irregular
699565.jpg,elliptical
699570.jpg,spiral
699582.jpg,irregular
699597.jpg,spiral
699627.jpg,elliptical
699631.jpg,elliptical
699643.jpg,elliptical
699649.jpg,spiral
699678.jpg,irregular
699761.jpg,elliptical
699791.jpg,irregular
699805.jpg,spiral
699831.jpg,elliptical
699851.jpg,elliptical
699889.jpg,elliptical
699900.jpg,elliptical
699903.jpg,spiral
699922.jpg,elliptical
699933.jpg,irregular
699993.jpg,irregular
700094.jpg,irregular
700098.jpg,spiral
700099.jpg,elliptical
700103.jpg,elliptical
700127.jpg,irregular
700183.jpg,elliptical
700227.jpg,spiral
700252.jpg,elliptical
700256.jpg,irregular
700270.jpg,spiral
700313.jpg,elliptical
700339.jpg,irregular
700367.jpg,spiral
700369.jpg,elliptical
700396.jpg,elliptical
700402.jpg,spiral
700442.jpg,elliptical
700480.jpg,spiral
700537.jpg,irregular
700539.jpg,spiral
700571.jpg,elliptical
700573.jpg,elliptical
700579.jpg,elliptical
700584.jpg,elliptical
700588.jpg,elliptical
700602.jpg,elliptical
700603.jpg,elliptical
700604.jpg,spiral
700612.jpg,elliptical
700648.jpg,elliptical
700656.jpg,irregular
700658.jpg,irregular
700661.jpg,elliptical
700668.jpg,irregular
700725.jpg,elliptical
700741.jpg,irregular
700784.jpg,elliptical
700793.jpg,irregular
700805.jpg,elliptical
700864.jpg,elliptical
700910.jpg,elliptical
700919.jpg,spiral
700922.jpg,elliptical
700936.jpg,elliptical
700970.jpg,elliptical
700989.jpg,irregular
701008.jpg,irregular
701055.jpg,elliptical
701069.jpg,elliptical
701076.jpg,spiral
701077.jpg,elliptical
701152.jpg,spiral
701190.jpg,irregular
701231.jpg,elliptical
701236.jpg,elliptical
701256.jpg,irregular
701298.jpg,elliptical
701302.jpg,elliptical
701338.jpg,elliptical
701350.jpg,irregular
701364.jpg,irregular
701369.jpg,elliptical
701443.jpg,elliptical
701455.jpg,spiral
701465.jpg,elliptical
701470.jpg,spiral
701477.jpg,elliptical
701509.jpg,elliptical
701511.jpg,elliptical
701557.jpg,elliptical
701563.jpg,elliptical
701575.jpg,elliptical
701590.jpg,spiral
701593.jpg,elliptical
701610.jpg,elliptical
701615.jpg,elliptical
701642.jpg,spiral
701646.jpg,irregular
701655.jpg,spiral
701673.jpg,irregular
701682.jpg,spiral
701739.jpg,elliptical
701741.jpg,irregular
701793.jpg,elliptical
701825.jpg,elliptical
701826.jpg,spiral
701828.jpg,elliptical
701831.jpg,elliptical
701838.jpg,elliptical
701842.jpg,elliptical
701850.jpg,elliptical
701861.jpg,irregular
701862.jpg,irregular
701870.jpg,irregular
701887.jpg,spiral
701890.jpg,elliptical
701911.jpg,elliptical
701930.jpg,irregular
701946.jpg,elliptical
701954.jpg,spiral
702052.jpg,spiral
702090.jpg,elliptical
702091.jpg,elliptical
702134.jpg,elliptical
702137.jpg,elliptical
702141.jpg,elliptical
702147.jpg,elliptical
702156.jpg,elliptical
702160.jpg,elliptical
702169.jpg,spiral
702180.jpg,elliptical
702182.jpg,spiral
702195.jpg,irregular
702203.jpg,irregular
702219.jpg,elliptical
702239.jpg,elliptical
702243.jpg,elliptical
702245.jpg,elliptical
702248.jpg,irregular
702251.jpg,irregular
702263.jpg,spiral
702266.jpg,elliptical
702347.jpg,spiral
702362.jpg,elliptical
702381.jpg,irregular
702388.jpg,elliptical
702403.jpg,elliptical
702404.jpg,spiral
702414.jpg,spiral
702448.jpg,irregular
702480.jpg,elliptical
702503.jpg,elliptical
702513.jpg,elliptical
702567.jpg,spiral
702571.jpg,elliptical
702592.jpg,elliptical
702627.jpg,elliptical
702634.jpg,elliptical
702655.jpg,elliptical
702695.jpg,spiral
702696.jpg,spiral
702704.jpg,spiral
702740.jpg,elliptical
702741.jpg,elliptical
702828.jpg,elliptical
702838.jpg,elliptical
702844.jpg,elliptical
702867.jpg,elliptical
702910.jpg,elliptical
702972.jpg,elliptical
702979.jpg,irregular
703043.jpg,spiral
703098.jpg,spiral
703118.jpg,elliptical
703147.jpg,irregular
703152.jpg,elliptical
703158.jpg,spiral
703161.jpg,elliptical
703190.jpg,elliptical
703204.jpg,elliptical
703220.jpg,spiral
703233.jpg,elliptical
703264.jpg,elliptical
703352.jpg,elliptical
703355.jpg,elliptical
703372.jpg,spiral
703373.jpg,elliptical
703430.jpg,spiral
703450.jpg,elliptical
703456.jpg,elliptical
703475.jpg,elliptical
703489.jpg,irregular
703543.jpg,irregular
703548.jpg,spiral
703642.jpg,spiral
703687.jpg,elliptical
703746.jpg,elliptical
703749.jpg,irregular
703855.jpg,spiral
703871.jpg,elliptical
703877.jpg,elliptical
703904.jpg,elliptical
703944.jpg,spiral
703946.jpg,elliptical
703957.jpg,spiral
703963.jpg,elliptical
703965.jpg,irregular
703998.jpg,irregular
704017.jpg,irregular
704147.jpg,spiral
704185.jpg,spiral
704201.jpg,elliptical
704214.jpg,elliptical
704249.jpg,elliptical
704259.jpg,irregular
704299.jpg,elliptical
704341.jpg,elliptical
704360.jpg,elliptical
704379.jpg,spiral
704484.jpg,irregular
704513.jpg,irregular
704531.jpg,spiral
704550.jpg,irregular
704562.jpg,elliptical
704570.jpg,elliptical
704587.jpg,elliptical
704664.jpg,spiral
704673.jpg,spiral
704680.jpg,irregular
704684.jpg,elliptical
704686.jpg,elliptical
704695.jpg,irregular
704702.jpg,elliptical
704705.jpg,elliptical
704716.jpg,spiral
704766.jpg,spiral
704771.jpg,spiral
704783.jpg,spiral
704804.jpg,elliptical
704870.jpg,spiral
704873.jpg,irregular
704929.jpg,spiral
704959.jpg,spiral
705029.jpg,spiral
705034.jpg,irregular
705066.jpg,irregular
705158.jpg,elliptical
705174.jpg,elliptical
705233.jpg,irregular
705305.jpg,elliptical
705326.jpg,elliptical
705330.jpg,spiral
705398.jpg,elliptical
705420.jpg,spiral
705434.jpg,elliptical
705447.jpg,elliptical
705468.jpg,spiral
705475.jpg,irregular
705527.jpg,elliptical
705537.jpg,irregular
705541.jpg,spiral
705544.jpg,irregular
705557.jpg,elliptical
705594.jpg,elliptical
705612.jpg,spiral
705670.jpg,elliptical
705681.jpg,elliptical
705685.jpg,elliptical
705696.jpg,elliptical
705741.jpg,elliptical
705767.jpg,irregular
705789.jpg,elliptical
705796.jpg,elliptical
705845.jpg,elliptical
705850.jpg,irregular
705852.jpg,irregular
705871.jpg,spiral
705892.jpg,elliptical
705906.jpg,elliptical
705931.jpg,irregular
705935.jpg,spiral
705941.jpg,spiral
705958.jpg,elliptical
705971.jpg,elliptical
705981.jpg,spiral
705997.jpg,elliptical
706000.jpg,irregular
706012.jpg,elliptical
706040.jpg,elliptical
706056.jpg,elliptical
706091.jpg,spiral
706105.jpg,spiral
706110.jpg,elliptical
706135.jpg,elliptical
706148.jpg,elliptical
706156.jpg,elliptical
706197.jpg,elliptical
706204.jpg,spiral
706259.jpg,irregular
706317.jpg,spiral
706376.jpg,irregular
706409.jpg,irregular
706453.jpg,spiral
706462.jpg,spiral
706478.jpg,elliptical
706492.jpg,elliptical
706504.jpg,spiral
706530.jpg,elliptical
706547.jpg,irregular
706549.jpg,elliptical
706557.jpg,elliptical
706612.jpg,elliptical
706650.jpg,elliptical
706662.jpg,spiral
706665.jpg,elliptical
706732.jpg,elliptical
706774.jpg,elliptical
706777.jpg,elliptical
706778.jpg,spiral
706780.jpg,elliptical
706803.jpg,elliptical
706822.jpg,irregular
706829.jpg,irregular
706842.jpg,elliptical
706843.jpg,elliptical
706866.jpg,elliptical
706876.jpg,spiral
706881.jpg,elliptical
706892.jpg,elliptical
706909.jpg,spiral
706920.jpg,irregular
706998.jpg,elliptical
707019.jpg,elliptical
707044.jpg,elliptical
707047.jpg,elliptical
707069.jpg,irregular
707079.jpg,elliptical
707136.jpg,spiral
707137.jpg,elliptical
707159.jpg,spiral
707169.jpg,spiral
707171.jpg,irregular
707181.jpg,spiral
707190.jpg,spiral
707219.jpg,elliptical
707231.jpg,irregular
707242.jpg,irregular
707274.jpg,elliptical
707282.jpg,spiral
707285.jpg,elliptical
707335.jpg,irregular
707336.jpg,irregular
707348.jpg,elliptical
707362.jpg,spiral
707389.jpg,spiral
707416.jpg,elliptical
707428.jpg,elliptical
707433.jpg,irregular
707447.jpg,elliptical
707457.jpg,elliptical
707480.jpg,elliptical
707490.jpg,elliptical
707502.jpg,irregular
707512.jpg,spiral
707523.jpg,irregular
707572.jpg,spiral
707584.jpg,elliptical
707596.jpg,spiral
707613.jpg,elliptical
707616.jpg,irregular
707619.jpg,elliptical
707620.jpg,irregular
707650.jpg,spiral
707654.jpg,spiral
707698.jpg,spiral
707702.jpg,elliptical
707709.jpg,elliptical
707753.jpg,irregular
707757.jpg,spiral
707810.jpg,spiral
707821.jpg,irregular
707825.jpg,elliptical
707863.jpg,spiral
707903.jpg,spiral
707920.jpg,spiral
707939.jpg,spiral
708001.jpg,spiral
708002.jpg,elliptical
708015.jpg,elliptical
708017.jpg,elliptical
708022.jpg,elliptical
708038.jpg,elliptical
708042.jpg,elliptical
708101.jpg,spiral
708107.jpg,elliptical
708121.jpg,elliptical
708176.jpg,elliptical
708185.jpg,elliptical
708200.jpg,elliptical
708201.jpg,elliptical
708222.jpg,elliptical
708240.jpg,spiral
708266.jpg,elliptical
708271.jpg,elliptical
708278.jpg,irregular
708279.jpg,spiral
708361.jpg,irregular
708364.jpg,spiral
708427.jpg,elliptical
708467.jpg,elliptical
708507.jpg,elliptical
708518.jpg,elliptical
708521.jpg,spiral
708534.jpg,spiral
708537.jpg,elliptical
708543.jpg,elliptical
708550.jpg,spiral
708585.jpg,irregular
708605.jpg,elliptical
708610.jpg,spiral
708635.jpg,elliptical
708661.jpg,elliptical
708703.jpg,elliptical
708715.jpg,elliptical
708730.jpg,irregular
708764.jpg,spiral
708807.jpg,elliptical
708838.jpg,irregular
708847.jpg,elliptical
708850.jpg,elliptical
708914.jpg,elliptical
708954.jpg,elliptical
708993.jpg,irregular
708998.jpg,elliptical
709024.jpg,spiral
709034.jpg,elliptical
709035.jpg,elliptical
709065.jpg,elliptical
709091.jpg,elliptical
709106.jpg,elliptical
709128.jpg,spiral
709130.jpg,irregular
709171.jpg,irregular
709190.jpg,irregular
709218.jpg,spiral
709232.jpg,spiral
709245.jpg,elliptical
709248.jpg,irregular
709258.jpg,spiral
709261.jpg,spiral
709265.jpg,elliptical
709295.jpg,spiral
709317.jpg,elliptical
709319.jpg,elliptical
709341.jpg,elliptical
709349.jpg,elliptical
709392.jpg,elliptical
709438.jpg,elliptical
709491.jpg,elliptical
709518.jpg,irregular
709529.jpg,spiral
709570.jpg,elliptical
709574.jpg,elliptical
709578.jpg,elliptical
709596.jpg,irregular
709630.jpg,irregular
709631.jpg,irregular
709669.jpg,elliptical
709680.jpg,elliptical
709690.jpg,irregular
709694.jpg,elliptical
709740.jpg,irregular
709743.jpg,elliptical
709767.jpg,irregular
709775.jpg,elliptical
709804.jpg,spiral
709852.jpg,elliptical
709854.jpg,elliptical
709869.jpg,elliptical
709909.jpg,spiral
709915.jpg,elliptical
709919.jpg,irregular
709958.jpg,spiral
709964.jpg,irregular
709973.jpg,elliptical
710068.jpg,spiral
710080.jpg,elliptical
710089.jpg,irregular
710100.jpg,spiral
710118.jpg,elliptical
710129.jpg,irregular
710192.jpg,irregular
710330.jpg,elliptical
710333.jpg,irregular
710406.jpg,irregular
710420.jpg,elliptical
710422.jpg,elliptical
710424.jpg,elliptical
710479.jpg,irregular
710558.jpg,elliptical
710570.jpg,elliptical
710577.jpg,elliptical
710588.jpg,irregular
710620.jpg,irregular
710623.jpg,elliptical
710627.jpg,elliptical
710633.jpg,elliptical
710742.jpg,elliptical
710787.jpg,elliptical
710810.jpg,elliptical
710831.jpg,elliptical
710839.jpg,elliptical
710844.jpg,elliptical
710859.jpg,spiral
710876.jpg,elliptical
710891.jpg,elliptical
710906.jpg,elliptical
710915.jpg,elliptical
710939.jpg,irregular
710945.jpg,irregular
710957.jpg,irregular
710995.jpg,irregular
711003.jpg,elliptical
711009.jpg,irregular
711015.jpg,spiral
711022.jpg,elliptical
711032.jpg,elliptical
711145.jpg,spiral
711171.jpg,irregular
711230.jpg,elliptical
711231.jpg,spiral
711259.jpg,irregular
711310.jpg,elliptical
711320.jpg,elliptical
711365.jpg,spiral
711372.jpg,spiral
711373.jpg,irregular
711379.jpg,spiral
711429.jpg,elliptical
711483.jpg,elliptical
711491.jpg,spiral
711567.jpg,elliptical
711574.jpg,elliptical
711576.jpg,elliptical
711589.jpg,irregular
711601.jpg,elliptical
711640.jpg,irregular
711704.jpg,spiral
711709.jpg,elliptical
711737.jpg,spiral
711769.jpg,elliptical
711779.jpg,elliptical
711785.jpg,elliptical
711790.jpg,spiral
711811.jpg,spiral
711834.jpg,spiral
711861.jpg,spiral
711880.jpg,spiral
711898.jpg,spiral
711925.jpg,elliptical
711970.jpg,elliptical
711976.jpg,spiral
712045.jpg,spiral
712064.jpg,elliptical
712081.jpg,irregular
712101.jpg,spiral
712132.jpg,irregular
712147.jpg,elliptical
712155.jpg,irregular
712156.jpg,elliptical
712182.jpg,elliptical
712186.jpg,elliptical
712208.jpg,elliptical
712214.jpg,elliptical
712220.jpg,irregular
712242.jpg,spiral
712248.jpg,elliptical
712268.jpg,spiral
712288.jpg,elliptical
712311.jpg,elliptical
712316.jpg,elliptical
712337.jpg,elliptical
712340.jpg,irregular
712352.jpg,elliptical
712354.jpg,spiral
712442.jpg,elliptical
712454.jpg,irregular
712478.jpg,spiral
712527.jpg,spiral
712539.jpg,irregular
712562.jpg,irregular
712568.jpg,irregular
712586.jpg,elliptical
712605.jpg,elliptical
712607.jpg,spiral
712627.jpg,elliptical
712643.jpg,irregular
712695.jpg,irregular
712710.jpg,elliptical
712720.jpg,elliptical
712722.jpg,elliptical
712741.jpg,spiral
712748.jpg,elliptical
712871.jpg,elliptical
712904.jpg,elliptical
712910.jpg,elliptical
712917.jpg,spiral
712938.jpg,elliptical
712989.jpg,elliptical
713048.jpg,irregular
713065.jpg,elliptical
713103.jpg,irregular
713104.jpg,elliptical
713134.jpg,elliptical
713139.jpg,spiral
713159.jpg,elliptical
713168.jpg,irregular
713231.jpg,irregular
713246.jpg,spiral
713259.jpg,elliptical
713289.jpg,irregular
713307.jpg,irregular
713317.jpg,elliptical
713328.jpg,elliptical
713334.jpg,elliptical
713405.jpg,spiral
713411.jpg,elliptical
713413.jpg,elliptical
713449.jpg,elliptical
713453.jpg,irregular
713470.jpg,spiral
713478.jpg,spiral
713490.jpg,elliptical
713528.jpg,irregular
713535.jpg,elliptical
713588.jpg,spiral
713668.jpg,spiral
713679.jpg,irregular
713751.jpg,elliptical
713765.jpg,spiral
713791.jpg,elliptical
713799.jpg,elliptical
713816.jpg,elliptical
713829.jpg,elliptical
713859.jpg,elliptical
713871.jpg,elliptical
713882.jpg,spiral
713892.jpg,elliptical
713954.jpg,elliptical
713983.jpg,spiral
713992.jpg,elliptical
713997.jpg,elliptical
714075.jpg,elliptical
714097.jpg,irregular
714115.jpg,irregular
714120.jpg,spiral
714145.jpg,irregular
714148.jpg,irregular
714174.jpg,elliptical
714223.jpg,spiral
714247.jpg,spiral
714259.jpg,spiral
714272.jpg,spiral
714280.jpg,elliptical
714294.jpg,irregular
714346.jpg,elliptical
714363.jpg,irregular
714398.jpg,elliptical
714399.jpg,elliptical
714409.jpg,elliptical
714421.jpg,elliptical
714423.jpg,elliptical
714463.jpg,elliptical
714528.jpg,elliptical
714538.jpg,irregular
714555.jpg,elliptical
714557.jpg,spiral
714596.jpg,elliptical
714643.jpg,irregular
714674.jpg,irregular
714677.jpg,spiral
714715.jpg,elliptical
714751.jpg,elliptical
714841.jpg,spiral
714888.jpg,elliptical
714914.jpg,spiral
714936.jpg,elliptical
714992.jpg,elliptical
715006.jpg,elliptical
715020.jpg,elliptical
715024.jpg,elliptical
715029.jpg,elliptical
715041.jpg,spiral
715065.jpg,irregular
715099.jpg,spiral
715105.jpg,elliptical
715106.jpg,irregular
715121.jpg,elliptical
715137.jpg,elliptical
715175.jpg,irregular
715205.jpg,spiral
715208.jpg,spiral
715209.jpg,elliptical
715222.jpg,elliptical
715259.jpg,irregular
715267.jpg,elliptical
715284.jpg,spiral
715311.jpg,elliptical
715363.jpg,elliptical
715368.jpg,elliptical
715372.jpg,elliptical
715413.jpg,elliptical
715421.jpg,elliptical
715428.jpg,elliptical
715437.jpg,spiral
715465.jpg,spiral
715483.jpg,elliptical
715490.jpg,elliptical
715532.jpg,spiral
715534.jpg,elliptical
715557.jpg,elliptical
715571.jpg,elliptical
715574.jpg,irregular
715575.jpg,irregular
715583.jpg,elliptical
715586.jpg,elliptical
715611.jpg,elliptical
715656.jpg,elliptical
715690.jpg,elliptical
715728.jpg,irregular
715820.jpg,spiral
715826.jpg,irregular
715831.jpg,spiral
715835.jpg,spiral
715853.jpg,elliptical
715867.jpg,spiral
715877.jpg,elliptical
715893.jpg,spiral
715910.jpg,elliptical
715957.jpg,elliptical
715961.jpg,elliptical
715962.jpg,irregular
715993.jpg,elliptical
715996.jpg,elliptical
716013.jpg,elliptical
716033.jpg,elliptical
716071.jpg,irregular
716111.jpg,spiral
716162.jpg,spiral
716188.jpg,elliptical
716251.jpg,elliptical
716253.jpg,elliptical
716265.jpg,spiral
716277.jpg,elliptical
716282.jpg,elliptical
716287.jpg,elliptical
716317.jpg,irregular
716349.jpg,spiral
716359.jpg,elliptical
716373.jpg,elliptical
716398.jpg,spiral
716474.jpg,elliptical
716482.jpg,elliptical
716500.jpg,spiral
716506.jpg,elliptical
716520.jpg,elliptical
716522.jpg,irregular
716575.jpg,elliptical
716672.jpg,elliptical
716687.jpg,elliptical
716711.jpg,elliptical
716722.jpg,irregular
716729.jpg,irregular
716742.jpg,spiral
716780.jpg,elliptical
716789.jpg,elliptical
716805.jpg,elliptical
716861.jpg,spiral
716883.jpg,elliptical
716889.jpg,spiral
716914.jpg,irregular
716919.jpg,elliptical
716938.jpg,irregular
716956.jpg,elliptical
716993.jpg,elliptical
717020.jpg,elliptical
717043.jpg,spiral
717045.jpg,irregular
717069.jpg,elliptical
717077.jpg,irregular
717101.jpg,elliptical
717128.jpg,irregular
717144.jpg,elliptical
717155.jpg,elliptical
717177.jpg,spiral
717206.jpg,elliptical
717215.jpg,elliptical
717237.jpg,spiral
717270.jpg,elliptical
717275.jpg,elliptical
717290.jpg,elliptical
717298.jpg,spiral
717312.jpg,irregular
717333.jpg,elliptical
717334.jpg,spiral
717349.jpg,elliptical
717352.jpg,elliptical
717356.jpg,irregular
717369.jpg,spiral
717374.jpg,spiral
717449.jpg,elliptical
717455.jpg,irregular
717485.jpg,elliptical
717501.jpg,elliptical
717507.jpg,spiral
717524.jpg,irregular
717538.jpg,elliptical
717567.jpg,elliptical
717577.jpg,elliptical
717586.jpg,irregular
717601.jpg,elliptical
717605.jpg,spiral
717647.jpg,elliptical
717649.jpg,spiral
717661.jpg,elliptical
717698.jpg,elliptical
717700.jpg,spiral
717718.jpg,elliptical
717719.jpg,spiral
717738.jpg,elliptical
717740.jpg,irregular
717785.jpg,elliptical
717824.jpg,spiral
717878.jpg,elliptical
717879.jpg,irregular
717929.jpg,elliptical
717949.jpg,elliptical
717952.jpg,spiral
717967.jpg,elliptical
717993.jpg,elliptical
718024.jpg,spiral
718059.jpg,irregular
718087.jpg,spiral
718088.jpg,elliptical
718098.jpg,elliptical
718100.jpg,elliptical
718102.jpg,elliptical
718113.jpg,spiral
718164.jpg,elliptical
718167.jpg,elliptical
718204.jpg,spiral
718255.jpg,irregular
718259.jpg,irregular
718270.jpg,elliptical
718275.jpg,irregular
718302.jpg,elliptical
718313.jpg,elliptical
718358.jpg,elliptical
718369.jpg,elliptical
718384.jpg,elliptical
718400.jpg,elliptical
718405.jpg,irregular
718471.jpg,elliptical
718477.jpg,elliptical
718504.jpg,spiral
718537.jpg,elliptical
718575.jpg,elliptical
718578.jpg,spiral
718613.jpg,elliptical
718625.jpg,elliptical
718633.jpg,elliptical
718654.jpg,elliptical
718674.jpg,spiral
718675.jpg,irregular
718679.jpg,elliptical
718705.jpg,irregular
718748.jpg,elliptical
718758.jpg,spiral
718779.jpg,spiral
718846.jpg,irregular
718866.jpg,elliptical
718892.jpg,spiral
718901.jpg,spiral
718948.jpg,elliptical
719003.jpg,irregular
719046.jpg,elliptical
719066.jpg,elliptical
719076.jpg,elliptical
719084.jpg,elliptical
719085.jpg,elliptical
719097.jpg,elliptical
719134.jpg,elliptical
719201.jpg,irregular
719223.jpg,irregular
719225.jpg,spiral
719227.jpg,irregular
719241.jpg,elliptical
719260.jpg,spiral
719288.jpg,elliptical
719334.jpg,spiral
719341.jpg,elliptical
719358.jpg,elliptical
719360.jpg,elliptical
719429.jpg,elliptical
719438.jpg,elliptical
719536.jpg,elliptical
719538.jpg,elliptical
719580.jpg,spiral
719603.jpg,irregular
719607.jpg,spiral
719608.jpg,spiral
719632.jpg,irregular
719667.jpg,elliptical
719685.jpg,elliptical
719745.jpg,spiral
719747.jpg,elliptical
719758.jpg,elliptical
719807.jpg,irregular
719834.jpg,elliptical
719852.jpg,elliptical
719871.jpg,irregular
719954.jpg,elliptical
719971.jpg,spiral
720036.jpg,elliptical
720048.jpg,elliptical
720061.jpg,spiral
720063.jpg,spiral
720067.jpg,spiral
720071.jpg,elliptical
720083.jpg,elliptical
720108.jpg,elliptical
720110.jpg,elliptical
720114.jpg,elliptical
720139.jpg,elliptical
720184.jpg,elliptical
720261.jpg,elliptical
720302.jpg,irregular
720329.jpg,elliptical
720342.jpg,irregular
720355.jpg,irregular
720357.jpg,elliptical
720392.jpg,elliptical
720425.jpg,elliptical
720426.jpg,spiral
720427.jpg,elliptical
720469.jpg,elliptical
720482.jpg,elliptical
720491.jpg,elliptical
720589.jpg,irregular
720592.jpg,elliptical
720601.jpg,spiral
720638.jpg,elliptical
720645.jpg,elliptical
720696.jpg,elliptical
720711.jpg,elliptical
720738.jpg,irregular
720742.jpg,elliptical
720777.jpg,irregular
720796.jpg,elliptical
720814.jpg,irregular
720829.jpg,elliptical
720842.jpg,elliptical
720849.jpg,elliptical
720867.jpg,elliptical
720951.jpg,elliptical
720978.jpg,spiral
720987.jpg,elliptical
720992.jpg,elliptical
721006.jpg,spiral
721016.jpg,spiral
721037.jpg,elliptical
721053.jpg,irregular
721073.jpg,elliptical
721085.jpg,spiral
721144.jpg,elliptical
721179.jpg,irregular
721189.jpg,elliptical
721222.jpg,spiral
721250.jpg,elliptical
721260.jpg,elliptical
721290.jpg,elliptical
721297.jpg,elliptical
721329.jpg,spiral
721363.jpg,elliptical
721385.jpg,elliptical
721408.jpg,elliptical
721426.jpg,irregular
721442.jpg,irregular
721452.jpg,irregular
721472.jpg,irregular
721486.jpg,spiral
721497.jpg,spiral
721500.jpg,spiral
721518.jpg,irregular
721554.jpg,elliptical
721573.jpg,elliptical
721580.jpg,irregular
721603.jpg,spiral
721644.jpg,spiral
721667.jpg,elliptical
721697.jpg,elliptical
721715.jpg,elliptical
721743.jpg,elliptical
721749.jpg,irregular
721750.jpg,irregular
721810.jpg,elliptical
721814.jpg,spiral
721836.jpg,elliptical
721847.jpg,elliptical
721848.jpg,elliptical
721880.jpg,elliptical
721899.jpg,spiral
721905.jpg,irregular
721954.jpg,elliptical
722019.jpg,elliptical
722031.jpg,irregular
722097.jpg,irregular
722124.jpg,spiral
722129.jpg,spiral
722145.jpg,elliptical
722152.jpg,elliptical
722153.jpg,spiral
722159.jpg,spiral
722165.jpg,elliptical
722185.jpg,spiral
722192.jpg,elliptical
722195.jpg,irregular
722264.jpg,elliptical
722267.jpg,spiral
722271.jpg,elliptical
722275.jpg,elliptical
722282.jpg,elliptical
722300.jpg,irregular
722331.jpg,elliptical
722356.jpg,spiral
722367.jpg,elliptical
722435.jpg,irregular
722437.jpg,elliptical
722440.jpg,elliptical
722457.jpg,elliptical
722562.jpg,irregular
722580.jpg,elliptical
722620.jpg,elliptical
722621.jpg,irregular
722653.jpg,spiral
722679.jpg,irregular
722713.jpg,elliptical
722767.jpg,elliptical
722776.jpg,elliptical
722778.jpg,elliptical
722788.jpg,elliptical
722842.jpg,irregular
722847.jpg,elliptical
722858.jpg,irregular
722871.jpg,spiral
722877.jpg,elliptical
722893.jpg,spiral
722905.jpg,irregular
722912.jpg,elliptical
722940.jpg,spiral
722943.jpg,elliptical
722969.jpg,spiral
723010.jpg,elliptical
723028.jpg,irregular
723102.jpg,elliptical
723117.jpg,irregular
723151.jpg,elliptical
723161.jpg,elliptical
723191.jpg,elliptical
723266.jpg,elliptical
723335.jpg,elliptical
723339.jpg,irregular
723375.jpg,spiral
723389.jpg,elliptical
723394.jpg,irregular
723407.jpg,elliptical
723408.jpg,elliptical
723418.jpg,elliptical
723423.jpg,elliptical
723434.jpg,spiral
723454.jpg,elliptical
723474.jpg,spiral
723485.jpg,irregular
723492.jpg,irregular
723507.jpg,irregular
723509.jpg,elliptical
723515.jpg,elliptical
723533.jpg,elliptical
723540.jpg,elliptical
723576.jpg,elliptical
723600.jpg,spiral
723614.jpg,elliptical
723627.jpg,spiral
723653.jpg,irregular
723665.jpg,elliptical
723668.jpg,elliptical
723786.jpg,irregular
723808.jpg,elliptical
723821.jpg,spiral
723826.jpg,spiral
723857.jpg,spiral
723870.jpg,spiral
723875.jpg,elliptical
723881.jpg,elliptical
723888.jpg,irregular
723892.jpg,elliptical
723902.jpg,elliptical
723914.jpg,elliptical
723947.jpg,spiral
723958.jpg,elliptical
723979.jpg,elliptical
724001.jpg,elliptical
724013.jpg,irregular
724014.jpg,elliptical
724029.jpg,elliptical
724036.jpg,elliptical
724045.jpg,elliptical
724060.jpg,spiral
724074.jpg,irregular
724075.jpg,elliptical
724076.jpg,elliptical
724084.jpg,spiral
724086.jpg,elliptical
724111.jpg,elliptical
724118.jpg,elliptical
724120.jpg,elliptical
724172.jpg,irregular
724174.jpg,spiral
724205.jpg,irregular
724230.jpg,elliptical
724232.jpg,spiral
724265.jpg,elliptical
724274.jpg,irregular
724313.jpg,elliptical
724327.jpg,irregular
724331.jpg,elliptical
724360.jpg,elliptical
724379.jpg,elliptical
724398.jpg,elliptical
724403.jpg,elliptical
724410.jpg,elliptical
724469.jpg,elliptical
724487.jpg,spiral
724550.jpg,irregular
724557.jpg,elliptical
724565.jpg,elliptical
724585.jpg,elliptical
724588.jpg,elliptical
724622.jpg,irregular
724665.jpg,elliptical
724800.jpg,spiral
724813.jpg,elliptical
724818.jpg,irregular
724821.jpg,elliptical
724896.jpg,irregular
724929.jpg,irregular
724941.jpg,spiral
724950.jpg,irregular
724965.jpg,elliptical
724981.jpg,elliptical
724992.jpg,elliptical
724997.jpg,elliptical
725000.jpg,elliptical
725009.jpg,irregular
725013.jpg,irregular
725021.jpg,elliptical
725062.jpg,elliptical
725083.jpg,elliptical
725102.jpg,irregular
725116.jpg,elliptical
725131.jpg,elliptical
725135.jpg,spiral
725224.jpg,elliptical
725225.jpg,irregular
725227.jpg,elliptical
725230.jpg,elliptical
725244.jpg,spiral
725256.jpg,irregular
725268.jpg,spiral
725285.jpg,elliptical
725314.jpg,elliptical
725324.jpg,elliptical
725331.jpg,elliptical
725336.jpg,elliptical
725382.jpg,elliptical
725393.jpg,spiral
725424.jpg,elliptical
725429.jpg,irregular
725452.jpg,spiral
725459.jpg,elliptical
725488.jpg,spiral
725527.jpg,irregular
725548.jpg,elliptical
725551.jpg,elliptical
725597.jpg,elliptical
725686.jpg,elliptical
725756.jpg,elliptical
725761.jpg,irregular
725779.jpg,elliptical
725780.jpg,elliptical
725802.jpg,spiral
725826.jpg,elliptical
725883.jpg,spiral
725907.jpg,elliptical
725925.jpg,elliptical
725934.jpg,irregular
725958.jpg,spiral
725973.jpg,elliptical
725982.jpg,elliptical
726039.jpg,elliptical
726054.jpg,elliptical
726056.jpg,elliptical
726057.jpg,irregular
726104.jpg,elliptical
726111.jpg,irregular
726114.jpg,spiral
726119.jpg,irregular
726136.jpg,elliptical
726185.jpg,elliptical
726190.jpg,spiral
726204.jpg,elliptical
726205.jpg,elliptical
726229.jpg,elliptical
726238.jpg,elliptical
726243.jpg,spiral
726328.jpg,elliptical
726337.jpg,elliptical
726343.jpg,elliptical
726358.jpg,elliptical
726388.jpg,elliptical
726418.jpg,elliptical
726424.jpg,elliptical
726426.jpg,spiral
726468.jpg,elliptical
726481.jpg,elliptical
726530.jpg,elliptical
726532.jpg,irregular
726533.jpg,elliptical
726542.jpg,spiral
726544.jpg,irregular
726546.jpg,elliptical
726591.jpg,irregular
726598.jpg,spiral
726627.jpg,elliptical
726630.jpg,elliptical
726637.jpg,elliptical
726677.jpg,elliptical
726718.jpg,elliptical
726733.jpg,elliptical
726738.jpg,elliptical
726757.jpg,irregular
726766.jpg,spiral
726773.jpg,elliptical
726775.jpg,spiral
726826.jpg,irregular
726841.jpg,spiral
726925.jpg,irregular
726957.jpg,irregular
726985.jpg,elliptical
726986.jpg,elliptical
727004.jpg,elliptical
727017.jpg,elliptical
727034.jpg,spiral
727037.jpg,irregular
727061.jpg,elliptical
727150.jpg,elliptical
727214.jpg,elliptical
727215.jpg,elliptical
727224.jpg,spiral
727264.jpg,elliptical
727291.jpg,irregular
727295.jpg,irregular
727318.jpg,irregular
727330.jpg,elliptical
727338.jpg,elliptical
727342.jpg,irregular
727351.jpg,elliptical
727400.jpg,elliptical
727444.jpg,elliptical
727461.jpg,irregular
727478.jpg,elliptical
727494.jpg,spiral
727506.jpg,spiral
727512.jpg,elliptical
727520.jpg,elliptical
727562.jpg,irregular
727575.jpg,elliptical
727585.jpg,elliptical
727597.jpg,elliptical
727614.jpg,elliptical
727697.jpg,irregular
727703.jpg,elliptical
727736.jpg,irregular
727740.jpg,irregular
727753.jpg,elliptical
727766.jpg,irregular
727775.jpg,spiral
727780.jpg,irregular
727857.jpg,elliptical
727900.jpg,elliptical
727914.jpg,spiral
727916.jpg,elliptical
727961.jpg,elliptical
727968.jpg,irregular
727983.jpg,irregular
728001.jpg,elliptical
728027.jpg,elliptical
728076.jpg,elliptical
728121.jpg,elliptical
728146.jpg,spiral
728180.jpg,elliptical
728192.jpg,irregular
728210.jpg,elliptical
728215.jpg,elliptical
728226.jpg,irregular
728259.jpg,spiral
728289.jpg,irregular
728326.jpg,irregular
728365.jpg,elliptical
728367.jpg,spiral
728369.jpg,elliptical
728375.jpg,spiral
728384.jpg,spiral
728410.jpg,irregular
728429.jpg,spiral
728490.jpg,irregular
728498.jpg,elliptical
728524.jpg,elliptical
728627.jpg,elliptical
728661.jpg,irregular
728664.jpg,spiral
728667.jpg,elliptical
728727.jpg,elliptical
728759.jpg,elliptical
728774.jpg,irregular
728776.jpg,spiral
728788.jpg,spiral
728820.jpg,elliptical
728863.jpg,elliptical
728869.jpg,elliptical
728879.jpg,spiral
728929.jpg,spiral
728934.jpg,elliptical
728972.jpg,irregular
729065.jpg,elliptical
729098.jpg,elliptical
729107.jpg,elliptical
729191.jpg,irregular
729231.jpg,irregular
729274.jpg,elliptical
729296.jpg,irregular
729308.jpg,elliptical
729309.jpg,elliptical
729343.jpg,elliptical
729358.jpg,irregular
729365.jpg,elliptical
729405.jpg,spiral
729455.jpg,elliptical
729460.jpg,elliptical
729463.jpg,irregular
729480.jpg,elliptical
729497.jpg,elliptical
729508.jpg,elliptical
729529.jpg,elliptical
729555.jpg,elliptical
729579.jpg,irregular
729618.jpg,irregular
729631.jpg,spiral
729642.jpg,elliptical
729678.jpg,elliptical
729702.jpg,spiral
729710.jpg,spiral
729737.jpg,elliptical
729748.jpg,elliptical
729751.jpg,irregular
729784.jpg,elliptical
729808.jpg,elliptical
729844.jpg,spiral
729879.jpg,irregular
729886.jpg,elliptical
729908.jpg,elliptical
729938.jpg,elliptical
729975.jpg,spiral
729990.jpg,elliptical
730025.jpg,elliptical
730043.jpg,spiral
730044.jpg,irregular
730059.jpg,elliptical
730080.jpg,elliptical
730164.jpg,elliptical
730197.jpg,elliptical
730204.jpg,elliptical
730211.jpg,spiral
730284.jpg,elliptical
730285.jpg,spiral
730320.jpg,spiral
730338.jpg,elliptical
730384.jpg,elliptical
730395.jpg,spiral
730402.jpg,elliptical
730430.jpg,spiral
730444.jpg,irregular
730461.jpg,irregular
730482.jpg,spiral
730493.jpg,spiral
730518.jpg,elliptical
730531.jpg,irregular
730532.jpg,irregular
730582.jpg,elliptical
730613.jpg,elliptical
730614.jpg,irregular
730639.jpg,spiral
730737.jpg,elliptical
730751.jpg,elliptical
730792.jpg,irregular
730817.jpg,spiral
730864.jpg,spiral
730892.jpg,irregular
730917.jpg,spiral
730927.jpg,irregular
730933.jpg,spiral
730975.jpg,spiral
730982.jpg,elliptical
730989.jpg,elliptical
730994.jpg,irregular
731048.jpg,irregular
731068.jpg,elliptical
731085.jpg,irregular
731097.jpg,elliptical
731102.jpg,elliptical
731105.jpg,elliptical
731114.jpg,elliptical
731140.jpg,elliptical
731163.jpg,spiral
731184.jpg,elliptical
731203.jpg,elliptical
731274.jpg,spiral
731326.jpg,elliptical
731327.jpg,elliptical
731344.jpg,elliptical
731351.jpg,elliptical
731353.jpg,elliptical
731361.jpg,elliptical
731391.jpg,elliptical
731421.jpg,elliptical
731447.jpg,spiral
731474.jpg,irregular
731576.jpg,elliptical
731642.jpg,elliptical
731653.jpg,spiral
731661.jpg,elliptical
731691.jpg,irregular
731703.jpg,elliptical
731723.jpg,spiral
731728.jpg,irregular
731766.jpg,elliptical
731775.jpg,spiral
731806.jpg,irregular
731812.jpg,elliptical
731825.jpg,irregular
731836.jpg,elliptical
731863.jpg,spiral
731876.jpg,spiral
731887.jpg,irregular
731896.jpg,spiral
731957.jpg,spiral
731959.jpg,elliptical
731961.jpg,elliptical
731991.jpg,elliptical
732051.jpg,elliptical
732088.jpg,elliptical
732123.jpg,elliptical
732153.jpg,elliptical
732167.jpg,spiral
732171.jpg,spiral
732197.jpg,elliptical
732228.jpg,elliptical
732258.jpg,elliptical
732305.jpg,spiral
732307.jpg,spiral
732311.jpg,spiral
732362.jpg,spiral
732384.jpg,elliptical
732398.jpg,elliptical
732408.jpg,elliptical
732438.jpg,spiral
732445.jpg,spiral
732459.jpg,elliptical
732460.jpg,spiral
732492.jpg,irregular
732523.jpg,irregular
732544.jpg,elliptical
732548.jpg,elliptical
732566.jpg,elliptical
732588.jpg,elliptical
732619.jpg,irregular
732635.jpg,elliptical
732660.jpg,irregular
732670.jpg,irregular
732676.jpg,spiral
732701.jpg,elliptical
732710.jpg,irregular
732711.jpg,irregular
732722.jpg,spiral
732740.jpg,spiral
732763.jpg,irregular
732793.jpg,elliptical
732794.jpg,spiral
732798.jpg,elliptical
732805.jpg,elliptical
732838.jpg,spiral
732841.jpg,elliptical
732847.jpg,elliptical
732928.jpg,elliptical
732929.jpg,irregular
732955.jpg,elliptical
732983.jpg,elliptical
732988.jpg,elliptical
733032.jpg,irregular
733035.jpg,elliptical
733068.jpg,elliptical
733114.jpg,elliptical
733121.jpg,elliptical
733199.jpg,elliptical
733208.jpg,spiral
733231.jpg,elliptical
733250.jpg,elliptical
733283.jpg,elliptical
733293.jpg,elliptical
733296.jpg,irregular
733308.jpg,irregular
733336.jpg,elliptical
733360.jpg,elliptical
733366.jpg,irregular
733373.jpg,elliptical
733377.jpg,elliptical
733416.jpg,irregular
733425.jpg,spiral
733493.jpg,irregular
733496.jpg,spiral
733549.jpg,elliptical
733556.jpg,spiral
733562.jpg,spiral
733572.jpg,irregular
733589.jpg,elliptical
733591.jpg,spiral
733593.jpg,elliptical
733602.jpg,elliptical
733632.jpg,elliptical
733634.jpg,irregular
733644.jpg,spiral
733651.jpg,elliptical
733672.jpg,spiral
733678.jpg,irregular
733679.jpg,elliptical
733714.jpg,irregular
733729.jpg,elliptical
733741.jpg,elliptical
733753.jpg,elliptical
733804.jpg,spiral
733817.jpg,elliptical
733820.jpg,elliptical
733834.jpg,spiral
733851.jpg,spiral
733880.jpg,elliptical
733882.jpg,spiral
733957.jpg,irregular
733967.jpg,spiral
734016.jpg,elliptical
734062.jpg,irregular
734071.jpg,elliptical
734140.jpg,irregular
734155.jpg,elliptical
734161.jpg,elliptical
734163.jpg,spiral
734184.jpg,irregular
734200.jpg,elliptical
734251.jpg,elliptical
734283.jpg,elliptical
734284.jpg,elliptical
734390.jpg,spiral
734395.jpg,spiral
734420.jpg,irregular
734491.jpg,elliptical
734505.jpg,irregular
734546.jpg,elliptical
734549.jpg,elliptical
734579.jpg,spiral
734646.jpg,spiral
734657.jpg,irregular
734660.jpg,spiral
734668.jpg,elliptical
734686.jpg,elliptical
734700.jpg,elliptical
734721.jpg,spiral
734727.jpg,elliptical
734747.jpg,irregular
734785.jpg,irregular
734839.jpg,elliptical
734844.jpg,irregular
734891.jpg,irregular
734892.jpg,elliptical
734921.jpg,elliptical
734964.jpg,elliptical
734971.jpg,irregular
735007.jpg,irregular
735067.jpg,spiral
735073.jpg,elliptical
735147.jpg,elliptical
735219.jpg,elliptical
735236.jpg,elliptical
735251.jpg,elliptical
735264.jpg,spiral
735288.jpg,irregular
735290.jpg,irregular
735301.jpg,irregular
735331.jpg,elliptical
735339.jpg,elliptical
735344.jpg,irregular
735363.jpg,elliptical
735364.jpg,elliptical
735425.jpg,irregular
735445.jpg,spiral
735454.jpg,spiral
735469.jpg,spiral
735494.jpg,irregular
735504.jpg,irregular
735518.jpg,elliptical
735531.jpg,spiral
735543.jpg,elliptical
735548.jpg,elliptical
735562.jpg,irregular
735615.jpg,elliptical
735639.jpg,elliptical
735648.jpg,elliptical
735649.jpg,elliptical
735680.jpg,elliptical
735692.jpg,elliptical
735716.jpg,elliptical
735739.jpg,spiral
735751.jpg,irregular
735759.jpg,spiral
735776.jpg,elliptical
735779.jpg,elliptical
735876.jpg,elliptical
735896.jpg,spiral
735910.jpg,spiral
735934.jpg,elliptical
735969.jpg,elliptical
736023.jpg,elliptical
736030.jpg,elliptical
736033.jpg,elliptical
736042.jpg,spiral
736053.jpg,elliptical
736056.jpg,spiral
736060.jpg,elliptical
736074.jpg,irregular
736075.jpg,spiral
736111.jpg,elliptical
736112.jpg,irregular
736116.jpg,elliptical
736174.jpg,irregular
736182.jpg,spiral
736204.jpg,irregular
736220.jpg,elliptical
736227.jpg,irregular
736240.jpg,elliptical
736287.jpg,elliptical
736334.jpg,elliptical
736390.jpg,spiral
736400.jpg,elliptical
736461.jpg,elliptical
736508.jpg,irregular
736523.jpg,elliptical
736529.jpg,elliptical
736546.jpg,irregular
736578.jpg,spiral
736599.jpg,spiral
736637.jpg,irregular
736654.jpg,elliptical
736709.jpg,elliptical
736710.jpg,elliptical
736713.jpg,elliptical
736741.jpg,elliptical
736759.jpg,elliptical
736769.jpg,spiral
736788.jpg,irregular
736823.jpg,irregular
736847.jpg,spiral
736892.jpg,irregular
736905.jpg,elliptical
736908.jpg,irregular
736917.jpg,elliptical
736947.jpg,elliptical
736962.jpg,elliptical
736977.jpg,elliptical
737015.jpg,irregular
737021.jpg,irregular
737035.jpg,elliptical
737059.jpg,elliptical
737065.jpg,elliptical
737076.jpg,elliptical
737096.jpg,elliptical
737098.jpg,elliptical
737100.jpg,elliptical
737138.jpg,elliptical
737149.jpg,spiral
737169.jpg,spiral
737206.jpg,elliptical
737242.jpg,elliptical
737248.jpg,elliptical
737264.jpg,spiral
737297.jpg,irregular
737317.jpg,spiral
737365.jpg,elliptical
737382.jpg,elliptical
737436.jpg,irregular
737459.jpg,elliptical
737469.jpg,irregular
737470.jpg,irregular
737527.jpg,elliptical
737550.jpg,elliptical
737575.jpg,irregular
737590.jpg,elliptical
737600.jpg,elliptical
737611.jpg,spiral
737627.jpg,spiral
737632.jpg,elliptical
737651.jpg,spiral
737664.jpg,irregular
737667.jpg,elliptical
737670.jpg,elliptical
737688.jpg,elliptical
737739.jpg,elliptical
737776.jpg,elliptical
737781.jpg,elliptical
737782.jpg,elliptical
737803.jpg,elliptical
737805.jpg,elliptical
737806.jpg,irregular
737816.jpg,irregular
737827.jpg,elliptical
737878.jpg,irregular
737931.jpg,elliptical
737957.jpg,elliptical
738038.jpg,irregular
738062.jpg,elliptical
738066.jpg,elliptical
738069.jpg,elliptical
738124.jpg,irregular
738156.jpg,elliptical
738222.jpg,irregular
738246.jpg,elliptical
738247.jpg,elliptical
738255.jpg,irregular
738274.jpg,spiral
738316.jpg,elliptical
738397.jpg,elliptical
738407.jpg,irregular
738421.jpg,elliptical
738469.jpg,irregular
738475.jpg,elliptical
738480.jpg,irregular
738487.jpg,irregular
738508.jpg,elliptical
738547.jpg,irregular
738576.jpg,irregular
738582.jpg,spiral
738595.jpg,elliptical
738606.jpg,irregular
738628.jpg,irregular
738631.jpg,elliptical
738635.jpg,elliptical
738651.jpg,irregular
738654.jpg,elliptical
738678.jpg,elliptical
738687.jpg,spiral
738692.jpg,elliptical
738704.jpg,spiral
738723.jpg,elliptical
738724.jpg,elliptical
738733.jpg,spiral
738734.jpg,elliptical
738758.jpg,elliptical
738789.jpg,elliptical
738790.jpg,irregular
738852.jpg,irregular
738877.jpg,elliptical
738882.jpg,spiral
738913.jpg,irregular
738925.jpg,elliptical
738927.jpg,irregular
738950.jpg,irregular
738956.jpg,spiral
738958.jpg,elliptical
738981.jpg,irregular
739068.jpg,elliptical
739073.jpg,elliptical
739083.jpg,irregular
739088.jpg,elliptical
739102.jpg,elliptical
739156.jpg,elliptical
739181.jpg,elliptical
739214.jpg,irregular
739231.jpg,spiral
739236.jpg,elliptical
739240.jpg,spiral
739269.jpg,elliptical
739271.jpg,irregular
739283.jpg,irregular
739290.jpg,irregular
739309.jpg,spiral
739321.jpg,elliptical
739325.jpg,elliptical
739338.jpg,elliptical
739360.jpg,elliptical
739429.jpg,elliptical
739435.jpg,elliptical
739462.jpg,elliptical
739493.jpg,spiral
739549.jpg,irregular
739558.jpg,irregular
739561.jpg,spiral
739564.jpg,spiral
739567.jpg,spiral
739577.jpg,elliptical
739595.jpg,spiral
739611.jpg,elliptical
739625.jpg,spiral
739690.jpg,irregular
739700.jpg,spiral
739721.jpg,elliptical
739760.jpg,irregular
739802.jpg,spiral
739853.jpg,elliptical
739859.jpg,elliptical
739868.jpg,irregular
739870.jpg,elliptical
739928.jpg,irregular
739957.jpg,elliptical
739974.jpg,elliptical
740009.jpg,elliptical
740022.jpg,elliptical
740053.jpg,elliptical
740077.jpg,elliptical
740080.jpg,elliptical
740148.jpg,elliptical
740152.jpg,elliptical
740173.jpg,elliptical
740193.jpg,irregular
740199.jpg,elliptical
740201.jpg,elliptical
740215.jpg,elliptical
740216.jpg,spiral
740220.jpg,irregular
740249.jpg,spiral
740252.jpg,spiral
740272.jpg,elliptical
740310.jpg,elliptical
740350.jpg,irregular
740363.jpg,elliptical
740368.jpg,elliptical
740385.jpg,spiral
740427.jpg,elliptical
740435.jpg,elliptical
740462.jpg,irregular
740480.jpg,irregular
740504.jpg,irregular
740516.jpg,elliptical
740529.jpg,elliptical
740579.jpg,spiral
740653.jpg,irregular
740711.jpg,irregular
740712.jpg,elliptical
740723.jpg,elliptical
740771.jpg,irregular
740800.jpg,elliptical
740809.jpg,irregular
740824.jpg,elliptical
740825.jpg,elliptical
740845.jpg,elliptical
740855.jpg,spiral
740895.jpg,elliptical
740905.jpg,elliptical
740923.jpg,elliptical
740925.jpg,elliptical
740940.jpg,irregular
740952.jpg,irregular
740961.jpg,elliptical
740975.jpg,elliptical
740976.jpg,elliptical
740983.jpg,elliptical
741034.jpg,elliptical
741051.jpg,spiral
741052.jpg,elliptical
741062.jpg,elliptical
741063.jpg,elliptical
741139.jpg,irregular
741173.jpg,irregular
741187.jpg,irregular
741193.jpg,elliptical
741223.jpg,elliptical
741263.jpg,spiral
741264.jpg,elliptical
741266.jpg,irregular
741267.jpg,elliptical
741301.jpg,spiral
741331.jpg,elliptical
741339.jpg,elliptical
741346.jpg,irregular
741361.jpg,spiral
741371.jpg,spiral
741428.jpg,elliptical
741469.jpg,elliptical
741489.jpg,irregular
741515.jpg,irregular
741546.jpg,elliptical
741556.jpg,spiral
741574.jpg,elliptical
741577.jpg,elliptical
741582.jpg,elliptical
741604.jpg,spiral
741637.jpg,elliptical
741641.jpg,elliptical
741657.jpg,spiral
741685.jpg,spiral
741693.jpg,elliptical
741718.jpg,irregular
741726.jpg,elliptical
741830.jpg,elliptical
741838.jpg,irregular
741851.jpg,elliptical
741867.jpg,elliptical
741896.jpg,spiral
741898.jpg,spiral
741913.jpg,irregular
741918.jpg,elliptical
741928.jpg,elliptical
741937.jpg,elliptical
741977.jpg,elliptical
742015.jpg,elliptical
742022.jpg,elliptical
742029.jpg,elliptical
742032.jpg,elliptical
742042.jpg,elliptical
742054.jpg,elliptical
742071.jpg,elliptical
742072.jpg,spiral
742094.jpg,elliptical
742111.jpg,spiral
742155.jpg,elliptical
742164.jpg,irregular
742215.jpg,elliptical
742232.jpg,elliptical
742246.jpg,spiral
742247.jpg,elliptical
742288.jpg,spiral
742290.jpg,elliptical
742294.jpg,elliptical
742296.jpg,elliptical
742323.jpg,elliptical
742326.jpg,elliptical
742328.jpg,irregular
742331.jpg,elliptical
742344.jpg,irregular
742376.jpg,irregular
742381.jpg,irregular
742385.jpg,elliptical
742395.jpg,elliptical
742440.jpg,elliptical
742453.jpg,elliptical
742456.jpg,elliptical
742464.jpg,spiral
742471.jpg,irregular
742478.jpg,elliptical
742496.jpg,elliptical
742498.jpg,elliptical
742508.jpg,elliptical
742558.jpg,irregular
742561.jpg,spiral
742562.jpg,irregular
742571.jpg,elliptical
742574.jpg,spiral
742614.jpg,elliptical
742641.jpg,elliptical
742669.jpg,elliptical
742734.jpg,irregular
742759.jpg,irregular
742771.jpg,spiral
742853.jpg,elliptical
742867.jpg,elliptical
742889.jpg,elliptical
742892.jpg,elliptical
742895.jpg,irregular
742911.jpg,elliptical
742916.jpg,elliptical
742938.jpg,elliptical
742974.jpg,irregular
742999.jpg,elliptical
743006.jpg,spiral
743035.jpg,spiral
743090.jpg,elliptical
743113.jpg,spiral
743117.jpg,spiral
743186.jpg,irregular
743187.jpg,irregular
743189.jpg,elliptical
743217.jpg,spiral
743241.jpg,spiral
743272.jpg,elliptical
743286.jpg,elliptical
743331.jpg,elliptical
743337.jpg,elliptical
743373.jpg,irregular
743387.jpg,elliptical
743414.jpg,elliptical
743419.jpg,spiral
743438.jpg,elliptical
743481.jpg,irregular
743497.jpg,elliptical
743514.jpg,spiral
743531.jpg,spiral
743551.jpg,spiral
743560.jpg,elliptical
743598.jpg,elliptical
743602.jpg,elliptical
743610.jpg,irregular
743633.jpg,elliptical
743645.jpg,elliptical
743664.jpg,elliptical
743674.jpg,elliptical
743694.jpg,elliptical
743768.jpg,irregular
743782.jpg,irregular
743791.jpg,spiral
743801.jpg,spiral
743811.jpg,elliptical
743865.jpg,spiral
743920.jpg,irregular
743948.jpg,irregular
743996.jpg,elliptical
744006.jpg,spiral
744027.jpg,spiral
744144.jpg,irregular
744170.jpg,spiral
744186.jpg,elliptical
744188.jpg,spiral
744191.jpg,elliptical
744237.jpg,elliptical
744284.jpg,elliptical
744344.jpg,elliptical
744349.jpg,elliptical
744363.jpg,spiral
744376.jpg,elliptical
744390.jpg,elliptical
744414.jpg,elliptical
744427.jpg,elliptical
744433.jpg,elliptical
744441.jpg,elliptical
744448.jpg,elliptical
744472.jpg,elliptical
744492.jpg,elliptical
744536.jpg,elliptical
744552.jpg,irregular
744562.jpg,spiral
744579.jpg,spiral
744582.jpg,irregular
744597.jpg,irregular
744614.jpg,spiral
744640.jpg,elliptical
744645.jpg,elliptical
744660.jpg,elliptical
744661.jpg,spiral
744668.jpg,elliptical
744703.jpg,elliptical
744705.jpg,elliptical
744707.jpg,elliptical
744714.jpg,elliptical
744719.jpg,elliptical
744725.jpg,irregular
744749.jpg,elliptical
744768.jpg,irregular
744772.jpg,elliptical
744776.jpg,elliptical
744857.jpg,elliptical
744874.jpg,spiral
744900.jpg,irregular
744901.jpg,elliptical
744958.jpg,elliptical
745015.jpg,elliptical
745017.jpg,elliptical
745028.jpg,elliptical
745051.jpg,elliptical
745052.jpg,elliptical
745071.jpg,elliptical
745120.jpg,irregular
745169.jpg,irregular
745182.jpg,spiral
745189.jpg,elliptical
745194.jpg,irregular
745210.jpg,elliptical
745226.jpg,elliptical
745254.jpg,elliptical
745314.jpg,elliptical
745321.jpg,elliptical
745326.jpg,elliptical
745368.jpg,irregular
745372.jpg,elliptical
745382.jpg,irregular
745397.jpg,elliptical
745463.jpg,elliptical
745497.jpg,elliptical
745504.jpg,elliptical
745530.jpg,spiral
745533.jpg,elliptical
745540.jpg,elliptical
745592.jpg,elliptical
745612.jpg,elliptical
745677.jpg,elliptical
745682.jpg,spiral
745693.jpg,elliptical
745716.jpg,spiral
745736.jpg,elliptical
745747.jpg,spiral
745815.jpg,elliptical
745817.jpg,spiral
745829.jpg,elliptical
745835.jpg,irregular
745853.jpg,elliptical
745857.jpg,elliptical
745869.jpg,spiral
745878.jpg,elliptical
745892.jpg,irregular
745907.jpg,irregular
745908.jpg,elliptical
745915.jpg,elliptical
745920.jpg,irregular
745926.jpg,irregular
745928.jpg,elliptical
745957.jpg,elliptical
746023.jpg,spiral
746056.jpg,spiral
746101.jpg,elliptical
746102.jpg,elliptical
746177.jpg,irregular
746205.jpg,irregular
746210.jpg,elliptical
746278.jpg,spiral
746283.jpg,irregular
746302.jpg,spiral
746319.jpg,elliptical
746375.jpg,elliptical
746423.jpg,irregular
746497.jpg,elliptical
746500.jpg,elliptical
746506.jpg,elliptical
746540.jpg,irregular
746560.jpg,spiral
746561.jpg,elliptical
746590.jpg,elliptical
746592.jpg,elliptical
746595.jpg,elliptical
746610.jpg,irregular
746651.jpg,elliptical
746654.jpg,irregular
746665.jpg,spiral
746671.jpg,irregular
746675.jpg,spiral
746706.jpg,elliptical
746732.jpg,elliptical
746756.jpg,irregular
746782.jpg,irregular
746815.jpg,irregular
746818.jpg,elliptical
746869.jpg,elliptical
746871.jpg,elliptical
746905.jpg,elliptical
746913.jpg,elliptical
746931.jpg,elliptical
747044.jpg,elliptical
747120.jpg,elliptical
747206.jpg,elliptical
747228.jpg,elliptical
747232.jpg,irregular
747234.jpg,elliptical
747237.jpg,elliptical
747239.jpg,elliptical
747264.jpg,elliptical
747312.jpg,irregular
747325.jpg,elliptical
747340.jpg,elliptical
747360.jpg,elliptical
747371.jpg,elliptical
747391.jpg,elliptical
747399.jpg,elliptical
747407.jpg,elliptical
747411.jpg,spiral
747425.jpg,irregular
747489.jpg,elliptical
747511.jpg,elliptical
747527.jpg,elliptical
747613.jpg,irregular
747621.jpg,elliptical
747657.jpg,elliptical
747680.jpg,elliptical
747690.jpg,elliptical
747702.jpg,irregular
747707.jpg,elliptical
747723.jpg,elliptical
747734.jpg,elliptical
747739.jpg,spiral
747761.jpg,elliptical
747785.jpg,elliptical
747789.jpg,irregular
747802.jpg,spiral
747813.jpg,spiral
747841.jpg,elliptical
747851.jpg,elliptical
747853.jpg,irregular
747874.jpg,elliptical
747889.jpg,irregular
747908.jpg,elliptical
747939.jpg,elliptical
747948.jpg,irregular
747974.jpg,elliptical
747982.jpg,irregular
748019.jpg,elliptical
748022.jpg,spiral
748027.jpg,irregular
748033.jpg,elliptical
748088.jpg,irregular
748107.jpg,elliptical
748142.jpg,elliptical
748169.jpg,elliptical
748175.jpg,elliptical
748221.jpg,elliptical
748238.jpg,elliptical
748274.jpg,irregular
748341.jpg,elliptical
748359.jpg,elliptical
748409.jpg,spiral
748432.jpg,elliptical
748442.jpg,irregular
748511.jpg,spiral
748512.jpg,spiral
748534.jpg,elliptical
748556.jpg,elliptical
748578.jpg,irregular
748594.jpg,irregular
748615.jpg,elliptical
748675.jpg,elliptical
748689.jpg,elliptical
748699.jpg,spiral
748701.jpg,elliptical
748709.jpg,irregular
748746.jpg,spiral
748747.jpg,irregular
748749.jpg,irregular
748786.jpg,elliptical
748788.jpg,elliptical
748841.jpg,irregular
748922.jpg,spiral
748939.jpg,spiral
748994.jpg,elliptical
749065.jpg,elliptical
749091.jpg,spiral
749124.jpg,spiral
749141.jpg,elliptical
749178.jpg,elliptical
749230.jpg,elliptical
749248.jpg,irregular
749261.jpg,elliptical
749288.jpg,irregular
749306.jpg,elliptical
749363.jpg,elliptical
749367.jpg,irregular
749398.jpg,irregular
749412.jpg,irregular
749414.jpg,elliptical
749455.jpg,elliptical
749464.jpg,spiral
749477.jpg,elliptical
749482.jpg,irregular
749499.jpg,elliptical
749514.jpg,elliptical
749520.jpg,elliptical
749531.jpg,elliptical
749532.jpg,irregular
749545.jpg,elliptical
749580.jpg,elliptical
749612.jpg,irregular
749618.jpg,irregular
749620.jpg,spiral
749625.jpg,elliptical
749632.jpg,elliptical
749637.jpg,elliptical
749644.jpg,irregular
749646.jpg,spiral
749666.jpg,irregular
749741.jpg,elliptical
749756.jpg,elliptical
749786.jpg,elliptical
749826.jpg,elliptical
749831.jpg,elliptical
749832.jpg,elliptical
749862.jpg,spiral
749876.jpg,spiral
749883.jpg,irregular
749886.jpg,elliptical
749905.jpg,elliptical
749942.jpg,elliptical
749951.jpg,irregular
749967.jpg,spiral
749981.jpg,spiral
750036.jpg,elliptical
750039.jpg,spiral
750051.jpg,irregular
750060.jpg,irregular
750077.jpg,irregular
750099.jpg,irregular
750105.jpg,elliptical
750137.jpg,spiral
750144.jpg,irregular
750182.jpg,irregular
750190.jpg,elliptical
750195.jpg,irregular
750216.jpg,elliptical
750221.jpg,irregular
750222.jpg,elliptical
750252.jpg,elliptical
750267.jpg,irregular
750276.jpg,elliptical
750288.jpg,elliptical
750298.jpg,elliptical
750302.jpg,elliptical
750332.jpg,elliptical
750359.jpg,elliptical
750368.jpg,elliptical
750386.jpg,spiral
750403.jpg,irregular
750423.jpg,spiral
750431.jpg,irregular
750437.jpg,elliptical
750456.jpg,irregular
750496.jpg,irregular
750498.jpg,spiral
750514.jpg,elliptical
750523.jpg,elliptical
750529.jpg,elliptical
750530.jpg,irregular
750535.jpg,elliptical
750543.jpg,spiral
750548.jpg,elliptical
750549.jpg,spiral
750674.jpg,elliptical
750679.jpg,spiral
750749.jpg,irregular
750762.jpg,elliptical
750776.jpg,elliptical
750816.jpg,spiral
750844.jpg,elliptical
750845.jpg,elliptical
750859.jpg,elliptical
750862.jpg,spiral
750877.jpg,irregular
750883.jpg,irregular
750933.jpg,elliptical
750943.jpg,irregular
750951.jpg,elliptical
751057.jpg,spiral
751085.jpg,irregular
751100.jpg,spiral
751101.jpg,elliptical
751112.jpg,elliptical
751137.jpg,irregular
751146.jpg,elliptical
751167.jpg,elliptical
751196.jpg,irregular
751213.jpg,elliptical
751221.jpg,spiral
751246.jpg,irregular
751272.jpg,irregular
751281.jpg,elliptical
751298.jpg,elliptical
751311.jpg,elliptical
751322.jpg,elliptical
751327.jpg,irregular
751331.jpg,spiral
751359.jpg,elliptical
751420.jpg,irregular
751425.jpg,elliptical
751443.jpg,elliptical
751448.jpg,spiral
751465.jpg,elliptical
751473.jpg,elliptical
751475.jpg,elliptical
751478.jpg,spiral
751511.jpg,spiral
751517.jpg,elliptical
751521.jpg,irregular
751537.jpg,spiral
751544.jpg,spiral
751568.jpg,elliptical
751607.jpg,irregular
751635.jpg,elliptical
751692.jpg,spiral
751696.jpg,spiral
751705.jpg,spiral
751716.jpg,irregular
751753.jpg,elliptical
751809.jpg,irregular
751811.jpg,spiral
751874.jpg,irregular
751875.jpg,irregular
751906.jpg,elliptical
751908.jpg,elliptical
751945.jpg,elliptical
751980.jpg,spiral
752008.jpg,spiral
752020.jpg,elliptical
752061.jpg,spiral
752093.jpg,elliptical
752103.jpg,spiral
752118.jpg,elliptical
752151.jpg,irregular
752240.jpg,elliptical
752261.jpg,irregular
752326.jpg,elliptical
752336.jpg,spiral
752388.jpg,elliptical
752430.jpg,elliptical
752486.jpg,irregular
752495.jpg,irregular
752502.jpg,irregular
752527.jpg,elliptical
752576.jpg,spiral
752612.jpg,elliptical
752630.jpg,irregular
752655.jpg,elliptical
752686.jpg,elliptical
752690.jpg,elliptical
752715.jpg,irregular
752720.jpg,spiral
752757.jpg,spiral
752784.jpg,elliptical
752811.jpg,elliptical
752821.jpg,elliptical
752834.jpg,elliptical
752873.jpg,elliptical
752880.jpg,spiral
752883.jpg,elliptical
752884.jpg,elliptical
752917.jpg,spiral
752944.jpg,spiral
752945.jpg,spiral
752992.jpg,irregular
753008.jpg,irregular
753022.jpg,spiral
753065.jpg,spiral
753086.jpg,elliptical
753136.jpg,elliptical
753139.jpg,elliptical
753155.jpg,elliptical
753164.jpg,irregular
753198.jpg,spiral
753224.jpg,irregular
753240.jpg,elliptical
753243.jpg,elliptical
753290.jpg,irregular
753292.jpg,elliptical
753309.jpg,elliptical
753354.jpg,elliptical
753361.jpg,spiral
753363.jpg,spiral
753453.jpg,elliptical
753459.jpg,irregular
753505.jpg,elliptical
753561.jpg,elliptical
753573.jpg,spiral
753581.jpg,elliptical
753588.jpg,spiral
753602.jpg,elliptical
753619.jpg,elliptical
753682.jpg,elliptical
753702.jpg,elliptical
753748.jpg,irregular
753756.jpg,elliptical
753766.jpg,spiral
753792.jpg,elliptical
753810.jpg,elliptical
753829.jpg,elliptical
753840.jpg,irregular
753869.jpg,irregular
753885.jpg,elliptical
753911.jpg,spiral
753916.jpg,elliptical
753935.jpg,spiral
753958.jpg,elliptical
753979.jpg,elliptical
754029.jpg,elliptical
754045.jpg,spiral
754058.jpg,elliptical
754078.jpg,elliptical
754081.jpg,elliptical
754098.jpg,elliptical
754179.jpg,elliptical
754201.jpg,spiral
754258.jpg,elliptical
754268.jpg,irregular
754310.jpg,spiral
754337.jpg,irregular
754358.jpg,irregular
754363.jpg,elliptical
754385.jpg,spiral
754442.jpg,elliptical
754449.jpg,elliptical
754453.jpg,irregular
754465.jpg,irregular
754559.jpg,elliptical
754577.jpg,elliptical
754582.jpg,spiral
754585.jpg,elliptical
754594.jpg,elliptical
754620.jpg,elliptical
754627.jpg,spiral
754643.jpg,spiral
754652.jpg,elliptical
754682.jpg,irregular
754688.jpg,elliptical
754696.jpg,irregular
754717.jpg,irregular
754721.jpg,spiral
754739.jpg,elliptical
754743.jpg,elliptical
754763.jpg,elliptical
754808.jpg,elliptical
754812.jpg,elliptical
754823.jpg,elliptical
754835.jpg,elliptical
754847.jpg,elliptical
754894.jpg,elliptical
754990.jpg,spiral
754991.jpg,elliptical
754995.jpg,irregular
755010.jpg,elliptical
755013.jpg,elliptical
755015.jpg,elliptical
755111.jpg,spiral
755143.jpg,spiral
755156.jpg,spiral
755213.jpg,elliptical
755215.jpg,elliptical
755245.jpg,elliptical
755256.jpg,elliptical
755271.jpg,elliptical
755280.jpg,irregular
755303.jpg,elliptical
755316.jpg,elliptical
755318.jpg,elliptical
755348.jpg,elliptical
755358.jpg,spiral
755365.jpg,elliptical
755449.jpg,spiral
755482.jpg,elliptical
755504.jpg,elliptical
755663.jpg,spiral
755666.jpg,spiral
755737.jpg,elliptical
755743.jpg,spiral
755744.jpg,elliptical
755761.jpg,irregular
755788.jpg,elliptical
755797.jpg,irregular
755875.jpg,elliptical
755882.jpg,elliptical
755906.jpg,elliptical
755943.jpg,elliptical
755954.jpg,spiral
756014.jpg,elliptical
756018.jpg,elliptical
756066.jpg,elliptical
756101.jpg,elliptical
756119.jpg,elliptical
756137.jpg,spiral
756150.jpg,elliptical
756157.jpg,elliptical
756171.jpg,irregular
756244.jpg,elliptical
756293.jpg,elliptical
756337.jpg,spiral
756357.jpg,spiral
756385.jpg,irregular
756398.jpg,elliptical
756400.jpg,elliptical
756409.jpg,elliptical
756413.jpg,elliptical
756459.jpg,irregular
756471.jpg,elliptical
756521.jpg,irregular
756528.jpg,spiral
756557.jpg,elliptical
756561.jpg,elliptical
756603.jpg,elliptical
756665.jpg,irregular
756670.jpg,irregular
756671.jpg,elliptical
756711.jpg,spiral
756737.jpg,elliptical
756762.jpg,elliptical
756765.jpg,elliptical
756780.jpg,irregular
756784.jpg,elliptical
756785.jpg,irregular
756820.jpg,elliptical
756860.jpg,elliptical
756861.jpg,elliptical
756909.jpg,spiral
756942.jpg,elliptical
757001.jpg,elliptical
757010.jpg,elliptical
757029.jpg,elliptical
757094.jpg,elliptical
757105.jpg,irregular
757221.jpg,elliptical
757223.jpg,irregular
757253.jpg,elliptical
757285.jpg,elliptical
757298.jpg,elliptical
757344.jpg,elliptical
757373.jpg,spiral
757382.jpg,elliptical
757383.jpg,irregular
757431.jpg,elliptical
757463.jpg,elliptical
757509.jpg,elliptical
757550.jpg,elliptical
757559.jpg,elliptical
757605.jpg,elliptical
757613.jpg,irregular
757620.jpg,irregular
757636.jpg,irregular
757649.jpg,elliptical
757662.jpg,spiral
757687.jpg,elliptical
757723.jpg,spiral
757735.jpg,elliptical
757748.jpg,elliptical
757753.jpg,spiral
757760.jpg,elliptical
757771.jpg,spiral
757807.jpg,elliptical
757849.jpg,spiral
757864.jpg,elliptical
757884.jpg,spiral
757886.jpg,elliptical
757919.jpg,elliptical
757932.jpg,elliptical
757947.jpg,elliptical
757953.jpg,elliptical
757980.jpg,elliptical
757989.jpg,elliptical
757990.jpg,spiral
757994.jpg,elliptical
757996.jpg,irregular
758028.jpg,spiral
758038.jpg,spiral
758077.jpg,irregular
758078.jpg,elliptical
758090.jpg,elliptical
758103.jpg,elliptical
758126.jpg,irregular
758146.jpg,elliptical
758183.jpg,spiral
758184.jpg,irregular
758200.jpg,elliptical
758220.jpg,elliptical
758268.jpg,elliptical
758293.jpg,elliptical
758320.jpg,elliptical
758332.jpg,irregular
758368.jpg,spiral
758381.jpg,irregular
758395.jpg,elliptical
758431.jpg,elliptical
758440.jpg,elliptical
758442.jpg,spiral
758459.jpg,irregular
758472.jpg,elliptical
758486.jpg,spiral
758490.jpg,spiral
758513.jpg,irregular
758520.jpg,elliptical
758550.jpg,irregular
758560.jpg,elliptical
758576.jpg,elliptical
758580.jpg,elliptical
758583.jpg,elliptical
758589.jpg,elliptical
758602.jpg,spiral
758619.jpg,elliptical
758641.jpg,irregular
758643.jpg,elliptical
758656.jpg,irregular
758659.jpg,elliptical
758686.jpg,elliptical
758692.jpg,spiral
758824.jpg,irregular
758839.jpg,elliptical
758867.jpg,elliptical
758974.jpg,elliptical
758991.jpg,elliptical
759007.jpg,spiral
759010.jpg,spiral
759017.jpg,irregular
759027.jpg,elliptical
759041.jpg,elliptical
759070.jpg,irregular
759079.jpg,elliptical
759109.jpg,elliptical
759166.jpg,spiral
759192.jpg,spiral
759226.jpg,spiral
759284.jpg,irregular
759297.jpg,elliptical
759299.jpg,irregular
759313.jpg,spiral
759338.jpg,irregular
759394.jpg,elliptical
759406.jpg,elliptical
759412.jpg,elliptical
759416.jpg,irregular
759429.jpg,elliptical
759468.jpg,elliptical
759476.jpg,elliptical
759504.jpg,elliptical
759525.jpg,elliptical
759530.jpg,elliptical
759532.jpg,spiral
759538.jpg,irregular
759575.jpg,spiral
759602.jpg,spiral
759616.jpg,spiral
759640.jpg,elliptical
759647.jpg,elliptical
759689.jpg,spiral
759693.jpg,elliptical
759697.jpg,spiral
759702.jpg,elliptical
759709.jpg,spiral
759721.jpg,elliptical
759732.jpg,spiral
759751.jpg,elliptical
759818.jpg,spiral
759855.jpg,elliptical
759859.jpg,spiral
759864.jpg,elliptical
759875.jpg,irregular
759886.jpg,spiral
759937.jpg,spiral
759947.jpg,elliptical
759953.jpg,elliptical
759958.jpg,spiral
759996.jpg,elliptical
760016.jpg,elliptical
760039.jpg,irregular
760041.jpg,elliptical
760102.jpg,elliptical
760121.jpg,elliptical
760132.jpg,irregular
760139.jpg,elliptical
760169.jpg,irregular
760180.jpg,elliptical
760182.jpg,irregular
760183.jpg,elliptical
760186.jpg,elliptical
760188.jpg,elliptical
760197.jpg,elliptical
760198.jpg,spiral
760235.jpg,elliptical
760251.jpg,elliptical
760254.jpg,elliptical
760263.jpg,elliptical
760280.jpg,elliptical
760327.jpg,elliptical
760328.jpg,elliptical
760331.jpg,irregular
760335.jpg,elliptical
760349.jpg,irregular
760366.jpg,spiral
760386.jpg,irregular
760402.jpg,elliptical
760408.jpg,elliptical
760425.jpg,elliptical
760433.jpg,elliptical
760451.jpg,elliptical
760477.jpg,irregular
760495.jpg,irregular
760509.jpg,elliptical
760513.jpg,spiral
760525.jpg,irregular
760541.jpg,elliptical
760555.jpg,elliptical
760584.jpg,irregular
760586.jpg,elliptical
760592.jpg,elliptical
760645.jpg,elliptical
760649.jpg,elliptical
760651.jpg,irregular
760656.jpg,spiral
760764.jpg,elliptical
760783.jpg,elliptical
760813.jpg,spiral
760833.jpg,elliptical
760929.jpg,elliptical
760932.jpg,irregular
760942.jpg,irregular
760988.jpg,irregular
761003.jpg,spiral
761019.jpg,spiral
761049.jpg,elliptical
761064.jpg,elliptical
761115.jpg,spiral
761170.jpg,elliptical
761218.jpg,elliptical
761236.jpg,elliptical
761255.jpg,elliptical
761278.jpg,elliptical
761283.jpg,elliptical
761305.jpg,elliptical
761332.jpg,spiral
761333.jpg,elliptical
761361.jpg,elliptical
761372.jpg,elliptical
761380.jpg,elliptical
761395.jpg,elliptical
761420.jpg,elliptical
761437.jpg,elliptical
761483.jpg,spiral
761532.jpg,irregular
761533.jpg,elliptical
761535.jpg,elliptical
761552.jpg,irregular
761590.jpg,spiral
761595.jpg,irregular
761631.jpg,elliptical
761673.jpg,spiral
761675.jpg,spiral
761686.jpg,irregular
761716.jpg,elliptical
761728.jpg,elliptical
761748.jpg,spiral
761765.jpg,elliptical
761778.jpg,irregular
761813.jpg,spiral
761823.jpg,spiral
761872.jpg,elliptical
761881.jpg,spiral
761882.jpg,elliptical
761894.jpg,elliptical
761912.jpg,elliptical
761915.jpg,elliptical
761932.jpg,irregular
761954.jpg,elliptical
761959.jpg,irregular
761971.jpg,irregular
762006.jpg,elliptical
762025.jpg,spiral
762032.jpg,elliptical
762054.jpg,spiral
762082.jpg,elliptical
762093.jpg,elliptical
762103.jpg,elliptical
762138.jpg,spiral
762152.jpg,elliptical
762185.jpg,elliptical
762191.jpg,elliptical
762210.jpg,elliptical
762212.jpg,irregular
762214.jpg,irregular
762242.jpg,spiral
762295.jpg,irregular
762296.jpg,elliptical
762299.jpg,irregular
762316.jpg,elliptical
762357.jpg,spiral
762378.jpg,irregular
762397.jpg,elliptical
762438.jpg,irregular
762445.jpg,irregular
762453.jpg,elliptical
762458.jpg,spiral
762576.jpg,irregular
762592.jpg,elliptical
762618.jpg,irregular
762682.jpg,irregular
762718.jpg,elliptical
762739.jpg,elliptical
762740.jpg,irregular
762743.jpg,spiral
762789.jpg,elliptical
762804.jpg,elliptical
762818.jpg,elliptical
762842.jpg,spiral
762845.jpg,elliptical
762871.jpg,elliptical
762881.jpg,irregular
762898.jpg,irregular
762914.jpg,irregular
762931.jpg,elliptical
762950.jpg,elliptical
762994.jpg,irregular
762995.jpg,elliptical
763005.jpg,irregular
763009.jpg,spiral
763017.jpg,elliptical
763019.jpg,elliptical
763023.jpg,spiral
763074.jpg,irregular
763102.jpg,elliptical
763107.jpg,spiral
763151.jpg,elliptical
763172.jpg,elliptical
763191.jpg,spiral
763199.jpg,elliptical
763206.jpg,spiral
763207.jpg,irregular
763260.jpg,elliptical
763283.jpg,elliptical
763285.jpg,elliptical
763296.jpg,elliptical
763311.jpg,elliptical
763313.jpg,elliptical
763316.jpg,spiral
763342.jpg,irregular
763344.jpg,irregular
763365.jpg,elliptical
763385.jpg,irregular
763387.jpg,irregular
763412.jpg,spiral
763461.jpg,elliptical
763493.jpg,elliptical
763500.jpg,irregular
763520.jpg,irregular
763525.jpg,elliptical
763627.jpg,elliptical
763679.jpg,spiral
763681.jpg,elliptical
763733.jpg,elliptical
763757.jpg,spiral
763769.jpg,irregular
763793.jpg,irregular
763803.jpg,elliptical
763870.jpg,elliptical
763873.jpg,irregular
763874.jpg,elliptical
763889.jpg,spiral
763898.jpg,elliptical
763899.jpg,elliptical
763902.jpg,elliptical
763953.jpg,elliptical
763979.jpg,irregular
763991.jpg,elliptical
764007.jpg,spiral
764034.jpg,elliptical
764038.jpg,spiral
764075.jpg,irregular
764109.jpg,irregular
764119.jpg,elliptical
764147.jpg,elliptical
764153.jpg,elliptical
764157.jpg,spiral
764189.jpg,elliptical
764207.jpg,elliptical
764234.jpg,irregular
764256.jpg,elliptical
764276.jpg,spiral
764299.jpg,elliptical
764302.jpg,spiral
764348.jpg,elliptical
764357.jpg,elliptical
764359.jpg,elliptical
764363.jpg,elliptical
764371.jpg,elliptical
764400.jpg,elliptical
764431.jpg,elliptical
764447.jpg,elliptical
764458.jpg,spiral
764478.jpg,spiral
764482.jpg,spiral
764484.jpg,spiral
764517.jpg,elliptical
764521.jpg,elliptical
764542.jpg,elliptical
764572.jpg,irregular
764587.jpg,elliptical
764611.jpg,elliptical
764622.jpg,spiral
764631.jpg,elliptical
764635.jpg,irregular
764639.jpg,elliptical
764677.jpg,elliptical
764683.jpg,elliptical
764704.jpg,elliptical
764733.jpg,irregular
764747.jpg,elliptical
764766.jpg,spiral
764768.jpg,irregular
764803.jpg,elliptical
764804.jpg,irregular
764806.jpg,elliptical
764829.jpg,elliptical
764862.jpg,elliptical
764878.jpg,irregular
764884.jpg,irregular
764913.jpg,irregular
764926.jpg,elliptical
764971.jpg,elliptical
764979.jpg,irregular
764986.jpg,spiral
765003.jpg,elliptical
765020.jpg,elliptical
765026.jpg,irregular
765058.jpg,elliptical
765064.jpg,elliptical
765065.jpg,elliptical
765092.jpg,elliptical
765094.jpg,elliptical
765124.jpg,elliptical
765134.jpg,spiral
765166.jpg,elliptical
765171.jpg,elliptical
765179.jpg,elliptical
765187.jpg,elliptical
765190.jpg,elliptical
765239.jpg,elliptical
765243.jpg,irregular
765250.jpg,elliptical
765272.jpg,elliptical
765277.jpg,irregular
765289.jpg,elliptical
765324.jpg,irregular
765343.jpg,irregular
765363.jpg,irregular
765373.jpg,elliptical
765386.jpg,elliptical
765422.jpg,elliptical
765478.jpg,elliptical
765529.jpg,irregular
765557.jpg,irregular
765571.jpg,irregular
765585.jpg,spiral
765603.jpg,elliptical
765626.jpg,irregular
765650.jpg,elliptical
765665.jpg,irregular
765673.jpg,elliptical
765678.jpg,elliptical
765693.jpg,irregular
765735.jpg,irregular
765743.jpg,elliptical
765773.jpg,elliptical
765788.jpg,irregular
765811.jpg,elliptical
765815.jpg,spiral
765898.jpg,irregular
765915.jpg,elliptical
765954.jpg,irregular
765995.jpg,elliptical
765998.jpg,irregular
766002.jpg,elliptical
766029.jpg,elliptical
766079.jpg,elliptical
766119.jpg,spiral
766120.jpg,spiral
766177.jpg,irregular
766197.jpg,spiral
766205.jpg,elliptical
766239.jpg,elliptical
766295.jpg,elliptical
766298.jpg,elliptical
766317.jpg,elliptical
766364.jpg,spiral
766393.jpg,irregular
766427.jpg,elliptical
766432.jpg,elliptical
766454.jpg,elliptical
766467.jpg,elliptical
766479.jpg,irregular
766495.jpg,elliptical
766539.jpg,elliptical
766545.jpg,elliptical
766582.jpg,elliptical
766583.jpg,elliptical
766637.jpg,elliptical
766661.jpg,elliptical
766666.jpg,elliptical
766668.jpg,irregular
766697.jpg,elliptical
766707.jpg,irregular
766720.jpg,irregular
766721.jpg,irregular
766739.jpg,spiral
766766.jpg,irregular
766800.jpg,irregular
766833.jpg,spiral
766834.jpg,spiral
766869.jpg,elliptical
766870.jpg,elliptical
766911.jpg,elliptical
766915.jpg,elliptical
766920.jpg,elliptical
766921.jpg,spiral
766935.jpg,irregular
766963.jpg,elliptical
767015.jpg,elliptical
767059.jpg,spiral
767077.jpg,irregular
767080.jpg,elliptical
767098.jpg,elliptical
767123.jpg,irregular
767128.jpg,elliptical
767159.jpg,elliptical
767164.jpg,spiral
767169.jpg,irregular
767172.jpg,elliptical
767220.jpg,spiral
767222.jpg,irregular
767286.jpg,elliptical
767291.jpg,elliptical
767319.jpg,elliptical
767322.jpg,elliptical
767353.jpg,elliptical
767369.jpg,elliptical
767384.jpg,elliptical
767420.jpg,spiral
767459.jpg,elliptical
767471.jpg,spiral
767505.jpg,irregular
767507.jpg,elliptical
767509.jpg,elliptical
767521.jpg,elliptical
767535.jpg,spiral
767546.jpg,spiral
767560.jpg,irregular
767586.jpg,irregular
767612.jpg,elliptical
767637.jpg,elliptical
767645.jpg,elliptical
767688.jpg,elliptical
767713.jpg,elliptical
767720.jpg,irregular
767721.jpg,elliptical
767753.jpg,irregular
767777.jpg,elliptical
767779.jpg,elliptical
767785.jpg,irregular
767826.jpg,elliptical
767843.jpg,spiral
767852.jpg,elliptical
767868.jpg,irregular
767960.jpg,irregular
768001.jpg,elliptical
768012.jpg,spiral
768015.jpg,irregular
768039.jpg,elliptical
768043.jpg,spiral
768047.jpg,elliptical
768072.jpg,elliptical
768095.jpg,elliptical
768103.jpg,irregular
768105.jpg,elliptical
768134.jpg,elliptical
768135.jpg,spiral
768176.jpg,spiral
768221.jpg,elliptical
768238.jpg,elliptical
768270.jpg,irregular
768293.jpg,spiral
768399.jpg,elliptical
768486.jpg,spiral
768488.jpg,elliptical
768540.jpg,irregular
768550.jpg,elliptical
768560.jpg,elliptical
768567.jpg,elliptical
768599.jpg,elliptical
768606.jpg,irregular
768616.jpg,elliptical
768661.jpg,elliptical
768707.jpg,irregular
768738.jpg,spiral
768739.jpg,elliptical
768740.jpg,elliptical
768754.jpg,elliptical
768769.jpg,elliptical
768824.jpg,elliptical
768859.jpg,elliptical
768863.jpg,irregular
768870.jpg,irregular
768871.jpg,elliptical
768892.jpg,elliptical
768927.jpg,elliptical
768942.jpg,elliptical
768957.jpg,irregular
768983.jpg,elliptical
768986.jpg,irregular
768993.jpg,elliptical
768999.jpg,elliptical
769003.jpg,irregular
769012.jpg,elliptical
769020.jpg,elliptical
769028.jpg,elliptical
769050.jpg,elliptical
769055.jpg,irregular
769081.jpg,irregular
769110.jpg,elliptical
769118.jpg,elliptical
769140.jpg,elliptical
769179.jpg,elliptical
769192.jpg,irregular
769193.jpg,elliptical
769209.jpg,elliptical
769217.jpg,spiral
769231.jpg,irregular
769235.jpg,spiral
769251.jpg,elliptical
769285.jpg,elliptical
769372.jpg,elliptical
769376.jpg,irregular
769470.jpg,elliptical
769498.jpg,spiral
769501.jpg,irregular
769528.jpg,elliptical
769570.jpg,irregular
769573.jpg,spiral
769597.jpg,elliptical
769609.jpg,irregular
769647.jpg,elliptical
769652.jpg,spiral
769793.jpg,spiral
769817.jpg,spiral
769852.jpg,elliptical
769853.jpg,elliptical
769877.jpg,elliptical
769886.jpg,elliptical
769900.jpg,elliptical
769910.jpg,spiral
769916.jpg,irregular
769920.jpg,elliptical
769974.jpg,elliptical
770025.jpg,elliptical
770027.jpg,elliptical
770032.jpg,spiral
770054.jpg,elliptical
770077.jpg,elliptical
770085.jpg,spiral
770106.jpg,spiral
770112.jpg,irregular
770131.jpg,irregular
770173.jpg,spiral
770174.jpg,elliptical
770216.jpg,spiral
770226.jpg,elliptical
770227.jpg,spiral
770245.jpg,irregular
770266.jpg,elliptical
770289.jpg,elliptical
770298.jpg,spiral
770320.jpg,elliptical
770360.jpg,elliptical
770361.jpg,spiral
770371.jpg,irregular
770393.jpg,spiral
770396.jpg,elliptical
770404.jpg,irregular
770426.jpg,elliptical
770453.jpg,elliptical
770454.jpg,elliptical
770483.jpg,spiral
770487.jpg,elliptical
770525.jpg,elliptical
770549.jpg,irregular
770564.jpg,irregular
770579.jpg,spiral
770592.jpg,elliptical
770628.jpg,elliptical
770630.jpg,irregular
770635.jpg,spiral
770645.jpg,elliptical
770646.jpg,irregular
770659.jpg,elliptical
770671.jpg,elliptical
770686.jpg,elliptical
770688.jpg,elliptical
770689.jpg,irregular
770710.jpg,elliptical
770731.jpg,irregular
770735.jpg,irregular
770739.jpg,elliptical
770758.jpg,elliptical
770761.jpg,elliptical
770770.jpg,elliptical
770797.jpg,spiral
770804.jpg,elliptical
770866.jpg,spiral
770886.jpg,elliptical
770887.jpg,elliptical
770906.jpg,spiral
770995.jpg,elliptical
771006.jpg,elliptical
771013.jpg,irregular
771072.jpg,elliptical
771100.jpg,elliptical
771155.jpg,spiral
771161.jpg,spiral
771189.jpg,elliptical
771216.jpg,spiral
771236.jpg,irregular
771241.jpg,spiral
771273.jpg,elliptical
771306.jpg,spiral
771308.jpg,elliptical
771315.jpg,elliptical
771342.jpg,elliptical
771383.jpg,elliptical
771384.jpg,elliptical
771386.jpg,spiral
771405.jpg,irregular
771444.jpg,elliptical
771503.jpg,elliptical
771529.jpg,elliptical
771616.jpg,elliptical
771650.jpg,irregular
771672.jpg,elliptical
771680.jpg,elliptical
771723.jpg,elliptical
771729.jpg,elliptical
771735.jpg,elliptical
771739.jpg,elliptical
771740.jpg,elliptical
771756.jpg,irregular
771818.jpg,elliptical
771826.jpg,spiral
771843.jpg,irregular
771845.jpg,elliptical
771850.jpg,elliptical
771855.jpg,elliptical
771865.jpg,elliptical
771895.jpg,elliptical
771909.jpg,irregular
771923.jpg,irregular
771934.jpg,elliptical
771939.jpg,elliptical
771950.jpg,spiral
771967.jpg,spiral
771994.jpg,spiral
772069.jpg,elliptical
772081.jpg,elliptical
772086.jpg,elliptical
772090.jpg,elliptical
772117.jpg,spiral
772162.jpg,elliptical
772211.jpg,elliptical
772223.jpg,irregular
772235.jpg,elliptical
772252.jpg,elliptical
772253.jpg,irregular
772293.jpg,elliptical
772329.jpg,elliptical
772353.jpg,elliptical
772355.jpg,elliptical
772378.jpg,elliptical
772429.jpg,elliptical
772451.jpg,elliptical
772488.jpg,irregular
772499.jpg,elliptical
772527.jpg,elliptical
772549.jpg,irregular
772567.jpg,elliptical
772574.jpg,elliptical
772578.jpg,elliptical
772591.jpg,spiral
772638.jpg,spiral
772640.jpg,elliptical
772643.jpg,irregular
772644.jpg,spiral
772696.jpg,irregular
772700.jpg,elliptical
772705.jpg,elliptical
772708.jpg,elliptical
772729.jpg,elliptical
772749.jpg,elliptical
772795.jpg,elliptical
772799.jpg,elliptical
772807.jpg,elliptical
772809.jpg,irregular
772827.jpg,irregular
772836.jpg,elliptical
772841.jpg,elliptical
772870.jpg,spiral
772906.jpg,elliptical
772930.jpg,spiral
772960.jpg,spiral
772966.jpg,elliptical
772992.jpg,elliptical
773003.jpg,elliptical
773037.jpg,elliptical
773042.jpg,spiral
773044.jpg,irregular
773083.jpg,elliptical
773087.jpg,elliptical
773112.jpg,elliptical
773130.jpg,irregular
773194.jpg,elliptical
773209.jpg,irregular
773229.jpg,elliptical
773233.jpg,irregular
773326.jpg,elliptical
773327.jpg,elliptical
773423.jpg,elliptical
773452.jpg,elliptical
773453.jpg,irregular
773485.jpg,elliptical
773504.jpg,elliptical
773514.jpg,elliptical
773550.jpg,elliptical
773551.jpg,elliptical
773610.jpg,elliptical
773639.jpg,elliptical
773681.jpg,irregular
773709.jpg,irregular
773714.jpg,elliptical
773720.jpg,elliptical
773738.jpg,spiral
773750.jpg,elliptical
773760.jpg,elliptical
773817.jpg,irregular
773846.jpg,elliptical
773868.jpg,elliptical
773873.jpg,elliptical
773878.jpg,irregular
773892.jpg,elliptical
773894.jpg,irregular
773899.jpg,spiral
773928.jpg,spiral
773947.jpg,irregular
773949.jpg,elliptical
773959.jpg,elliptical
773978.jpg,spiral
773983.jpg,elliptical
774019.jpg,irregular
774073.jpg,elliptical
774083.jpg,irregular
774090.jpg,elliptical
774119.jpg,elliptical
774143.jpg,irregular
774158.jpg,elliptical
774159.jpg,elliptical
774243.jpg,elliptical
774254.jpg,elliptical
774260.jpg,elliptical
774306.jpg,spiral
774310.jpg,irregular
774350.jpg,elliptical
774389.jpg,elliptical
774434.jpg,spiral
774456.jpg,elliptical
774476.jpg,spiral
774496.jpg,spiral
774502.jpg,elliptical
774507.jpg,elliptical
774521.jpg,spiral
774530.jpg,elliptical
774537.jpg,elliptical
774631.jpg,irregular
774648.jpg,spiral
774650.jpg,elliptical
774678.jpg,irregular
774705.jpg,elliptical
774708.jpg,elliptical
774719.jpg,spiral
774752.jpg,elliptical
774784.jpg,spiral
774786.jpg,elliptical
774810.jpg,elliptical
774852.jpg,spiral
774879.jpg,irregular
774914.jpg,elliptical
774931.jpg,elliptical
774963.jpg,elliptical
774967.jpg,elliptical
774992.jpg,irregular
775003.jpg,spiral
775011.jpg,elliptical
775015.jpg,spiral
775024.jpg,elliptical
775051.jpg,elliptical
775056.jpg,spiral
775064.jpg,elliptical
775083.jpg,elliptical
775105.jpg,irregular
775106.jpg,elliptical
775171.jpg,elliptical
775244.jpg,spiral
775249.jpg,elliptical
775273.jpg,elliptical
775321.jpg,spiral
775351.jpg,elliptical
775384.jpg,spiral
775405.jpg,spiral
775413.jpg,elliptical
775450.jpg,spiral
775457.jpg,elliptical
775464.jpg,spiral
775467.jpg,elliptical
775492.jpg,elliptical
775517.jpg,irregular
775545.jpg,elliptical
775553.jpg,irregular
775596.jpg,elliptical
775606.jpg,spiral
775625.jpg,irregular
775640.jpg,elliptical
775643.jpg,spiral
775648.jpg,irregular
775649.jpg,irregular
775651.jpg,elliptical
775689.jpg,elliptical
775702.jpg,elliptical
775788.jpg,elliptical
775803.jpg,irregular
775945.jpg,elliptical
776005.jpg,elliptical
776018.jpg,irregular
776044.jpg,elliptical
776053.jpg,elliptical
776079.jpg,spiral
776090.jpg,spiral
776096.jpg,irregular
776102.jpg,elliptical
776155.jpg,irregular
776206.jpg,elliptical
776218.jpg,elliptical
776223.jpg,spiral
776281.jpg,elliptical
776299.jpg,elliptical
776316.jpg,elliptical
776344.jpg,elliptical
776355.jpg,irregular
776358.jpg,irregular
776363.jpg,spiral
776385.jpg,irregular
776388.jpg,spiral
776410.jpg,irregular
776415.jpg,elliptical
776425.jpg,elliptical
776503.jpg,irregular
776536.jpg,elliptical
776550.jpg,irregular
776570.jpg,elliptical
776606.jpg,elliptical
776614.jpg,elliptical
776625.jpg,spiral
776680.jpg,elliptical
776716.jpg,elliptical
776725.jpg,irregular
776727.jpg,spiral
776731.jpg,spiral
776742.jpg,elliptical
776744.jpg,elliptical
776795.jpg,elliptical
776840.jpg,irregular
776849.jpg,elliptical
776855.jpg,elliptical
776861.jpg,spiral
776903.jpg,elliptical
776950.jpg,irregular
776951.jpg,elliptical
776957.jpg,spiral
776964.jpg,irregular
776967.jpg,irregular
776969.jpg,spiral
776980.jpg,elliptical
776995.jpg,spiral
776996.jpg,elliptical
777003.jpg,spiral
777026.jpg,elliptical
777045.jpg,irregular
777066.jpg,spiral
777108.jpg,spiral
777158.jpg,irregular
777159.jpg,irregular
777161.jpg,elliptical
777180.jpg,irregular
777187.jpg,elliptical
777192.jpg,elliptical
777259.jpg,elliptical
777280.jpg,spiral
777302.jpg,elliptical
777314.jpg,elliptical
777326.jpg,elliptical
777412.jpg,irregular
777416.jpg,irregular
777449.jpg,irregular
777510.jpg,elliptical
777513.jpg,elliptical
777514.jpg,elliptical
777533.jpg,irregular
777623.jpg,elliptical
777631.jpg,elliptical
777643.jpg,irregular
777668.jpg,elliptical
777681.jpg,irregular
777690.jpg,elliptical
777695.jpg,elliptical
777703.jpg,irregular
777754.jpg,irregular
777761.jpg,elliptical
777786.jpg,irregular
777799.jpg,elliptical
777813.jpg,spiral
777839.jpg,irregular
777851.jpg,elliptical
777854.jpg,elliptical
777862.jpg,elliptical
777955.jpg,irregular
777986.jpg,irregular
778022.jpg,irregular
778043.jpg,spiral
778087.jpg,elliptical
778090.jpg,elliptical
778142.jpg,elliptical
778171.jpg,irregular
778205.jpg,elliptical
778217.jpg,spiral
778221.jpg,elliptical
778224.jpg,spiral
778249.jpg,spiral
778413.jpg,elliptical
778439.jpg,elliptical
778452.jpg,irregular
778465.jpg,irregular
778498.jpg,spiral
778516.jpg,elliptical
778547.jpg,irregular
778550.jpg,elliptical
778583.jpg,elliptical
778586.jpg,irregular
778608.jpg,elliptical
778618.jpg,elliptical
778646.jpg,elliptical
778649.jpg,irregular
778656.jpg,spiral
778671.jpg,spiral
778687.jpg,irregular
778689.jpg,spiral
778695.jpg,elliptical
778721.jpg,irregular
778747.jpg,spiral
778749.jpg,elliptical
778761.jpg,irregular
778789.jpg,elliptical
778813.jpg,elliptical
778814.jpg,elliptical
778847.jpg,elliptical
778848.jpg,elliptical
778870.jpg,irregular
778882.jpg,irregular
778926.jpg,elliptical
778934.jpg,elliptical
778950.jpg,elliptical
778959.jpg,spiral
778969.jpg,elliptical
779006.jpg,elliptical
779026.jpg,elliptical
779030.jpg,elliptical
779039.jpg,elliptical
779086.jpg,elliptical
779101.jpg,irregular
779111.jpg,spiral
779132.jpg,irregular
779154.jpg,elliptical
779167.jpg,elliptical
779209.jpg,elliptical
779221.jpg,elliptical
779292.jpg,irregular
779298.jpg,elliptical
779302.jpg,irregular
779317.jpg,elliptical
779355.jpg,elliptical
779368.jpg,spiral
779391.jpg,elliptical
779397.jpg,irregular
779425.jpg,irregular
779445.jpg,elliptical
779457.jpg,elliptical
779460.jpg,elliptical
779474.jpg,elliptical
779476.jpg,irregular
779513.jpg,elliptical
779514.jpg,elliptical
779542.jpg,elliptical
779551.jpg,irregular
779552.jpg,irregular
779602.jpg,spiral
779604.jpg,irregular
779617.jpg,elliptical
779638.jpg,irregular
779650.jpg,elliptical
779691.jpg,elliptical
779712.jpg,elliptical
779732.jpg,elliptical
779763.jpg,elliptical
779780.jpg,elliptical
779817.jpg,irregular
779867.jpg,elliptical
779869.jpg,irregular
779909.jpg,irregular
779934.jpg,spiral
779979.jpg,irregular
779983.jpg,irregular
779984.jpg,elliptical
779992.jpg,elliptical
780006.jpg,irregular
780079.jpg,spiral
780090.jpg,elliptical
780092.jpg,elliptical
780101.jpg,irregular
780149.jpg,irregular
780156.jpg,elliptical
780183.jpg,elliptical
780213.jpg,elliptical
780225.jpg,irregular
780238.jpg,spiral
780253.jpg,spiral
780254.jpg,elliptical
780261.jpg,spiral
780262.jpg,irregular
780282.jpg,spiral
780296.jpg,irregular
780310.jpg,spiral
780312.jpg,irregular
780317.jpg,spiral
780330.jpg,spiral
780353.jpg,spiral
780393.jpg,spiral
780409.jpg,elliptical
780420.jpg,elliptical
780430.jpg,elliptical
780440.jpg,elliptical
780483.jpg,elliptical
780497.jpg,irregular
780498.jpg,elliptical
780503.jpg,elliptical
780507.jpg,elliptical
780526.jpg,irregular
780574.jpg,irregular
780590.jpg,spiral
780605.jpg,elliptical
780611.jpg,elliptical
780629.jpg,elliptical
780630.jpg,elliptical
780641.jpg,elliptical
780734.jpg,elliptical
780738.jpg,irregular
780743.jpg,elliptical
780746.jpg,spiral
780749.jpg,spiral
780760.jpg,elliptical
780767.jpg,elliptical
780770.jpg,spiral
780792.jpg,elliptical
780810.jpg,spiral
780841.jpg,elliptical
780849.jpg,irregular
780875.jpg,elliptical
780915.jpg,elliptical
780925.jpg,elliptical
780926.jpg,elliptical
780955.jpg,irregular
780966.jpg,irregular
780991.jpg,irregular
781007.jpg,spiral
781030.jpg,irregular
781035.jpg,irregular
781046.jpg,elliptical
781048.jpg,elliptical
781077.jpg,spiral
781082.jpg,spiral
781120.jpg,elliptical
781144.jpg,irregular
781145.jpg,spiral
781146.jpg,irregular
781155.jpg,spiral
781161.jpg,spiral
781162.jpg,elliptical
781184.jpg,elliptical
781234.jpg,elliptical
781316.jpg,elliptical
781322.jpg,irregular
781343.jpg,spiral
781356.jpg,elliptical
781370.jpg,irregular
781394.jpg,elliptical
781414.jpg,spiral
781451.jpg,elliptical
781463.jpg,elliptical
781481.jpg,elliptical
781492.jpg,elliptical
781507.jpg,spiral
781514.jpg,irregular
781528.jpg,irregular
781545.jpg,elliptical
781547.jpg,elliptical
781555.jpg,elliptical
781590.jpg,elliptical
781591.jpg,elliptical
781596.jpg,spiral
781629.jpg,elliptical
781647.jpg,spiral
781652.jpg,elliptical
781659.jpg,elliptical
781663.jpg,elliptical
781677.jpg,elliptical
781751.jpg,elliptical
781757.jpg,elliptical
781777.jpg,elliptical
781802.jpg,spiral
781807.jpg,elliptical
781824.jpg,elliptical
781829.jpg,elliptical
781851.jpg,elliptical
781876.jpg,irregular
781884.jpg,elliptical
781928.jpg,spiral
781929.jpg,irregular
781946.jpg,elliptical
781958.jpg,elliptical
781959.jpg,spiral
781964.jpg,irregular
782001.jpg,elliptical
782007.jpg,spiral
782018.jpg,irregular
782054.jpg,elliptical
782075.jpg,elliptical
782076.jpg,irregular
782084.jpg,elliptical
782088.jpg,spiral
782089.jpg,elliptical
782094.jpg,elliptical
782104.jpg,irregular
782121.jpg,elliptical
782173.jpg,elliptical
782184.jpg,elliptical
782224.jpg,elliptical
782287.jpg,elliptical
782350.jpg,elliptical
782376.jpg,elliptical
782405.jpg,elliptical
782479.jpg,elliptical
782521.jpg,elliptical
782547.jpg,irregular
782553.jpg,spiral
782559.jpg,elliptical
782568.jpg,irregular
782622.jpg,elliptical
782635.jpg,elliptical
782649.jpg,spiral
782650.jpg,elliptical
782666.jpg,irregular
782678.jpg,spiral
782689.jpg,elliptical
782730.jpg,elliptical
782759.jpg,spiral
782761.jpg,elliptical
782763.jpg,elliptical
782796.jpg,elliptical
782812.jpg,elliptical
782830.jpg,spiral
782885.jpg,elliptical
782911.jpg,elliptical
782947.jpg,irregular
782986.jpg,elliptical
783003.jpg,elliptical
783040.jpg,elliptical
783099.jpg,irregular
783107.jpg,spiral
783165.jpg,elliptical
783200.jpg,irregular
783220.jpg,irregular
783228.jpg,spiral
783239.jpg,irregular
783350.jpg,irregular
783356.jpg,spiral
783417.jpg,elliptical
783429.jpg,spiral
783444.jpg,elliptical
783450.jpg,spiral
783482.jpg,elliptical
783507.jpg,elliptical
783548.jpg,irregular
783588.jpg,irregular
783608.jpg,elliptical
783673.jpg,spiral
783687.jpg,elliptical
783728.jpg,irregular
783742.jpg,elliptical
783744.jpg,elliptical
783746.jpg,elliptical
783799.jpg,irregular
783808.jpg,elliptical
783824.jpg,spiral
783902.jpg,elliptical
783970.jpg,elliptical
783975.jpg,spiral
783996.jpg,elliptical
784007.jpg,elliptical
784012.jpg,elliptical
784048.jpg,elliptical
784078.jpg,elliptical
784090.jpg,elliptical
784135.jpg,irregular
784152.jpg,elliptical
784185.jpg,elliptical
784187.jpg,elliptical
784189.jpg,elliptical
784190.jpg,irregular
784193.jpg,elliptical
784218.jpg,irregular
784233.jpg,spiral
784244.jpg,elliptical
784249.jpg,irregular
784253.jpg,irregular
784265.jpg,elliptical
784287.jpg,elliptical
784310.jpg,elliptical
784351.jpg,elliptical
784385.jpg,elliptical
784458.jpg,spiral
784468.jpg,elliptical
784527.jpg,elliptical
784553.jpg,elliptical
784616.jpg,spiral
784629.jpg,elliptical
784638.jpg,irregular
784644.jpg,elliptical
784648.jpg,elliptical
784693.jpg,elliptical
784701.jpg,irregular
784799.jpg,elliptical
784812.jpg,spiral
784843.jpg,spiral
784869.jpg,spiral
784958.jpg,elliptical
784968.jpg,elliptical
784972.jpg,elliptical
784982.jpg,spiral
785022.jpg,elliptical
785132.jpg,elliptical
785180.jpg,spiral
785207.jpg,elliptical
785240.jpg,irregular
785243.jpg,elliptical
785263.jpg,irregular
785279.jpg,elliptical
785289.jpg,irregular
785298.jpg,irregular
785301.jpg,spiral
785302.jpg,spiral
785309.jpg,irregular
785310.jpg,irregular
785335.jpg,elliptical
785357.jpg,elliptical
785393.jpg,elliptical
785423.jpg,elliptical
785450.jpg,elliptical
785453.jpg,elliptical
785485.jpg,elliptical
785536.jpg,irregular
785539.jpg,elliptical
785541.jpg,irregular
785549.jpg,spiral
785564.jpg,elliptical
785577.jpg,elliptical
785596.jpg,elliptical
785640.jpg,elliptical
785641.jpg,spiral
785662.jpg,elliptical
785666.jpg,irregular
785696.jpg,irregular
785717.jpg,irregular
785724.jpg,elliptical
785729.jpg,irregular
785768.jpg,elliptical
785786.jpg,elliptical
785803.jpg,irregular
785813.jpg,elliptical
785821.jpg,spiral
785829.jpg,elliptical
785862.jpg,elliptical
785886.jpg,elliptical
785923.jpg,spiral
785983.jpg,irregular
785995.jpg,irregular
785998.jpg,spiral
786001.jpg,elliptical
786053.jpg,irregular
786082.jpg,elliptical
786148.jpg,irregular
786151.jpg,elliptical
786160.jpg,spiral
786169.jpg,elliptical
786172.jpg,irregular
786185.jpg,elliptical
786196.jpg,elliptical
786218.jpg,elliptical
786236.jpg,irregular
786255.jpg,irregular
786258.jpg,elliptical
786285.jpg,irregular
786323.jpg,elliptical
786342.jpg,elliptical
786384.jpg,irregular
786411.jpg,irregular
786427.jpg,spiral
786434.jpg,spiral
786461.jpg,elliptical
786476.jpg,elliptical
786480.jpg,spiral
786511.jpg,elliptical
786535.jpg,irregular
786545.jpg,irregular
786567.jpg,elliptical
786585.jpg,elliptical
786637.jpg,irregular
786643.jpg,elliptical
786655.jpg,elliptical
786662.jpg,irregular
786664.jpg,spiral
786685.jpg,elliptical
786690.jpg,elliptical
786707.jpg,elliptical
786715.jpg,elliptical
786738.jpg,irregular
786772.jpg,elliptical
786820.jpg,elliptical
786846.jpg,elliptical
786849.jpg,irregular
786908.jpg,elliptical
786916.jpg,elliptical
786966.jpg,elliptical
787002.jpg,elliptical
787050.jpg,elliptical
787073.jpg,elliptical
787096.jpg,irregular
787121.jpg,elliptical
787206.jpg,spiral
787207.jpg,elliptical
787233.jpg,elliptical
787270.jpg,spiral
787272.jpg,elliptical
787346.jpg,irregular
787366.jpg,elliptical
787414.jpg,elliptical
787421.jpg,elliptical
787434.jpg,elliptical
787477.jpg,spiral
787498.jpg,spiral
787523.jpg,elliptical
787530.jpg,irregular
787544.jpg,elliptical
787579.jpg,spiral
787603.jpg,elliptical
787612.jpg,elliptical
787747.jpg,elliptical
787758.jpg,irregular
787792.jpg,irregular
787818.jpg,irregular
787877.jpg,elliptical
787885.jpg,irregular
787899.jpg,irregular
787908.jpg,elliptical
787918.jpg,irregular
787957.jpg,irregular
787960.jpg,elliptical
787976.jpg,elliptical
788017.jpg,spiral
788018.jpg,elliptical
788040.jpg,spiral
788063.jpg,spiral
788111.jpg,elliptical
788137.jpg,elliptical
788155.jpg,elliptical
788156.jpg,elliptical
788163.jpg,spiral
788202.jpg,elliptical
788214.jpg,elliptical
788220.jpg,elliptical
788231.jpg,elliptical
788249.jpg,spiral
788302.jpg,spiral
788327.jpg,elliptical
788335.jpg,irregular
788347.jpg,irregular
788369.jpg,elliptical
788382.jpg,irregular
788392.jpg,irregular
788408.jpg,elliptical
788418.jpg,elliptical
788450.jpg,elliptical
788456.jpg,spiral
788468.jpg,elliptical
788471.jpg,irregular
788504.jpg,irregular
788522.jpg,irregular
788554.jpg,elliptical
788574.jpg,irregular
788616.jpg,elliptical
788655.jpg,elliptical
788656.jpg,elliptical
788657.jpg,spiral
788690.jpg,elliptical
788704.jpg,irregular
788707.jpg,elliptical
788711.jpg,elliptical
788748.jpg,elliptical
788749.jpg,elliptical
788757.jpg,irregular
788758.jpg,elliptical
788762.jpg,irregular
788765.jpg,elliptical
788773.jpg,spiral
788796.jpg,elliptical
788822.jpg,irregular
788843.jpg,elliptical
788883.jpg,elliptical
788888.jpg,elliptical
788932.jpg,elliptical
788946.jpg,irregular
788965.jpg,elliptical
788998.jpg,elliptical
789050.jpg,irregular
789070.jpg,spiral
789079.jpg,elliptical
789084.jpg,spiral
789155.jpg,elliptical
789264.jpg,spiral
789300.jpg,elliptical
789318.jpg,spiral
789334.jpg,elliptical
789351.jpg,elliptical
789398.jpg,elliptical
789422.jpg,spiral
789445.jpg,elliptical
789446.jpg,spiral
789452.jpg,elliptical
789499.jpg,irregular
789514.jpg,spiral
789594.jpg,elliptical
789627.jpg,spiral
789640.jpg,irregular
789661.jpg,irregular
789666.jpg,elliptical
789677.jpg,spiral
789683.jpg,irregular
789720.jpg,spiral
789778.jpg,elliptical
789784.jpg,spiral
789832.jpg,elliptical
789863.jpg,spiral
789887.jpg,spiral
789902.jpg,elliptical
789920.jpg,elliptical
789929.jpg,elliptical
789955.jpg,spiral
789971.jpg,elliptical
789972.jpg,elliptical
789987.jpg,spiral
790001.jpg,elliptical
790014.jpg,elliptical
790021.jpg,elliptical
790026.jpg,elliptical
790028.jpg,elliptical
790047.jpg,elliptical
790049.jpg,elliptical
790063.jpg,spiral
790068.jpg,elliptical
790129.jpg,irregular
790154.jpg,elliptical
790183.jpg,spiral
790192.jpg,irregular
790199.jpg,irregular
790204.jpg,elliptical
790264.jpg,elliptical
790287.jpg,spiral
790305.jpg,elliptical
790375.jpg,elliptical
790380.jpg,irregular
790435.jpg,elliptical
790457.jpg,irregular
790461.jpg,spiral
790489.jpg,elliptical
790506.jpg,elliptical
790507.jpg,elliptical
790513.jpg,elliptical
790532.jpg,spiral
790566.jpg,elliptical
790577.jpg,irregular
790583.jpg,irregular
790586.jpg,elliptical
790588.jpg,irregular
790612.jpg,elliptical
790619.jpg,irregular
790637.jpg,elliptical
790667.jpg,spiral
790687.jpg,irregular
790696.jpg,irregular
790739.jpg,spiral
790741.jpg,spiral
790761.jpg,spiral
790784.jpg,elliptical
790811.jpg,elliptical
790822.jpg,elliptical
790853.jpg,elliptical
790899.jpg,elliptical
790930.jpg,elliptical
790934.jpg,irregular
790941.jpg,spiral
790957.jpg,elliptical
790964.jpg,elliptical
790978.jpg,irregular
791017.jpg,spiral
791026.jpg,elliptical
791038.jpg,elliptical
791047.jpg,elliptical
791063.jpg,elliptical
791067.jpg,elliptical
791089.jpg,spiral
791091.jpg,elliptical
791098.jpg,spiral
791114.jpg,elliptical
791120.jpg,elliptical
791143.jpg,spiral
791150.jpg,elliptical
791153.jpg,irregular
791160.jpg,elliptical
791183.jpg,elliptical
791184.jpg,elliptical
791188.jpg,elliptical
791223.jpg,spiral
791224.jpg,elliptical
791241.jpg,elliptical
791264.jpg,spiral
791265.jpg,irregular
791285.jpg,irregular
791312.jpg,irregular
791323.jpg,irregular
791337.jpg,irregular
791357.jpg,elliptical
791376.jpg,elliptical
791379.jpg,irregular
791388.jpg,elliptical
791398.jpg,elliptical
791422.jpg,irregular
791434.jpg,spiral
791452.jpg,irregular
791470.jpg,elliptical
791498.jpg,elliptical
791522.jpg,elliptical
791544.jpg,elliptical
791561.jpg,irregular
791575.jpg,irregular
791592.jpg,spiral
791632.jpg,irregular
791637.jpg,elliptical
791643.jpg,elliptical
791661.jpg,spiral
791701.jpg,irregular
791705.jpg,elliptical
791711.jpg,elliptical
791728.jpg,spiral
791731.jpg,spiral
791734.jpg,elliptical
791755.jpg,spiral
791798.jpg,spiral
791814.jpg,irregular
791826.jpg,irregular
791849.jpg,elliptical
791860.jpg,elliptical
791872.jpg,spiral
791949.jpg,spiral
791966.jpg,elliptical
792014.jpg,spiral
792015.jpg,elliptical
792040.jpg,irregular
792074.jpg,irregular
792080.jpg,elliptical
792143.jpg,elliptical
792145.jpg,irregular
792159.jpg,elliptical
792165.jpg,elliptical
792176.jpg,elliptical
792180.jpg,elliptical
792186.jpg,irregular
792198.jpg,irregular
792246.jpg,elliptical
792256.jpg,irregular
792264.jpg,spiral
792285.jpg,elliptical
792305.jpg,irregular
792340.jpg,irregular
792345.jpg,elliptical
792359.jpg,elliptical
792369.jpg,spiral
792435.jpg,elliptical
792438.jpg,elliptical
792471.jpg,elliptical
792490.jpg,elliptical
792497.jpg,elliptical
792536.jpg,irregular
792570.jpg,elliptical
792635.jpg,elliptical
792649.jpg,irregular
792656.jpg,spiral
792661.jpg,spiral
792671.jpg,spiral
792761.jpg,spiral
792764.jpg,spiral
792769.jpg,irregular
792800.jpg,elliptical
792879.jpg,elliptical
792933.jpg,elliptical
792952.jpg,spiral
792959.jpg,irregular
792987.jpg,irregular
793013.jpg,elliptical
793029.jpg,elliptical
793073.jpg,elliptical
793079.jpg,spiral
793091.jpg,elliptical
793131.jpg,elliptical
793143.jpg,elliptical
793189.jpg,elliptical
793213.jpg,elliptical
793307.jpg,spiral
793319.jpg,spiral
793321.jpg,elliptical
793323.jpg,elliptical
793326.jpg,irregular
793327.jpg,irregular
793362.jpg,irregular
793388.jpg,irregular
793389.jpg,elliptical
793411.jpg,elliptical
793415.jpg,elliptical
793492.jpg,spiral
793521.jpg,irregular
793553.jpg,elliptical
793574.jpg,elliptical
793610.jpg,irregular
793622.jpg,elliptical
793624.jpg,spiral
793652.jpg,spiral
793702.jpg,elliptical
793744.jpg,elliptical
793753.jpg,elliptical
793771.jpg,elliptical
793801.jpg,elliptical
793807.jpg,elliptical
793867.jpg,elliptical
793875.jpg,spiral
793917.jpg,elliptical
793977.jpg,elliptical
793979.jpg,elliptical
794028.jpg,elliptical
794029.jpg,irregular
794033.jpg,spiral
794049.jpg,spiral
794053.jpg,irregular
794089.jpg,elliptical
794110.jpg,spiral
794140.jpg,spiral
794149.jpg,elliptical
794162.jpg,elliptical
794224.jpg,elliptical
794243.jpg,elliptical
794244.jpg,elliptical
794265.jpg,spiral
794299.jpg,elliptical
794309.jpg,spiral
794326.jpg,spiral
794339.jpg,elliptical
794356.jpg,elliptical
794364.jpg,irregular
794391.jpg,spiral
794417.jpg,irregular
794436.jpg,irregular
794440.jpg,elliptical
794445.jpg,spiral
794468.jpg,irregular
794475.jpg,elliptical
794479.jpg,elliptical
794517.jpg,irregular
794576.jpg,spiral
794593.jpg,elliptical
794595.jpg,elliptical
794598.jpg,irregular
794621.jpg,elliptical
794630.jpg,elliptical
794653.jpg,irregular
794714.jpg,elliptical
794729.jpg,elliptical
794763.jpg,elliptical
794764.jpg,elliptical
794797.jpg,irregular
794840.jpg,elliptical
794884.jpg,spiral
794905.jpg,elliptical
794914.jpg,spiral
794995.jpg,elliptical
795003.jpg,elliptical
795014.jpg,spiral
795019.jpg,irregular
795035.jpg,elliptical
795046.jpg,spiral
795056.jpg,elliptical
795062.jpg,irregular
795080.jpg,spiral
795083.jpg,elliptical
795097.jpg,spiral
795193.jpg,elliptical
795226.jpg,elliptical
795284.jpg,elliptical
795351.jpg,elliptical
795352.jpg,irregular
795387.jpg,elliptical
795394.jpg,elliptical
795402.jpg,elliptical
795427.jpg,irregular
795461.jpg,spiral
795469.jpg,elliptical
795510.jpg,elliptical
795554.jpg,elliptical
795565.jpg,elliptical
795573.jpg,irregular
795632.jpg,elliptical
795638.jpg,irregular
795644.jpg,elliptical
795688.jpg,elliptical
795713.jpg,elliptical
795740.jpg,spiral
795756.jpg,irregular
795805.jpg,elliptical
795828.jpg,elliptical
795829.jpg,irregular
795845.jpg,elliptical
795881.jpg,elliptical
795893.jpg,elliptical
795897.jpg,elliptical
795909.jpg,irregular
795933.jpg,spiral
795976.jpg,irregular
795985.jpg,elliptical
795991.jpg,irregular
796039.jpg,elliptical
796056.jpg,elliptical
796060.jpg,elliptical
796095.jpg,elliptical
796096.jpg,spiral
796118.jpg,elliptical
796122.jpg,elliptical
796124.jpg,spiral
796128.jpg,elliptical
796153.jpg,elliptical
796163.jpg,elliptical
796175.jpg,spiral
796176.jpg,elliptical
796198.jpg,elliptical
796213.jpg,elliptical
796234.jpg,irregular
796255.jpg,elliptical
796277.jpg,irregular
796340.jpg,irregular
796354.jpg,irregular
796385.jpg,elliptical
796399.jpg,elliptical
796408.jpg,irregular
796441.jpg,elliptical
796451.jpg,spiral
796459.jpg,elliptical
796482.jpg,elliptical
796504.jpg,elliptical
796531.jpg,elliptical
796547.jpg,irregular
796553.jpg,spiral
796568.jpg,elliptical
796708.jpg,elliptical
796710.jpg,irregular
796735.jpg,elliptical
796758.jpg,irregular
796761.jpg,elliptical
796803.jpg,elliptical
796806.jpg,spiral
796864.jpg,elliptical
796890.jpg,spiral
796899.jpg,elliptical
796919.jpg,elliptical
796930.jpg,elliptical
796941.jpg,elliptical
796963.jpg,spiral
796975.jpg,irregular
797040.jpg,irregular
797052.jpg,elliptical
797057.jpg,spiral
797088.jpg,spiral
797099.jpg,spiral
797116.jpg,elliptical
797145.jpg,elliptical
797149.jpg,irregular
797160.jpg,elliptical
797170.jpg,elliptical
797179.jpg,elliptical
797182.jpg,spiral
797193.jpg,elliptical
797224.jpg,spiral
797270.jpg,elliptical
797273.jpg,elliptical
797275.jpg,irregular
797283.jpg,elliptical
797295.jpg,irregular
797298.jpg,spiral
797323.jpg,spiral
797341.jpg,elliptical
797349.jpg,irregular
797359.jpg,spiral
797430.jpg,spiral
797461.jpg,elliptical
797502.jpg,elliptical
797514.jpg,elliptical
797527.jpg,elliptical
797547.jpg,irregular
797562.jpg,irregular
797571.jpg,irregular
797595.jpg,elliptical
797597.jpg,elliptical
797612.jpg,elliptical
797633.jpg,irregular
797642.jpg,elliptical
797674.jpg,spiral
797692.jpg,elliptical
797702.jpg,spiral
797727.jpg,spiral
797754.jpg,spiral
797759.jpg,elliptical
797767.jpg,elliptical
797772.jpg,irregular
797773.jpg,elliptical
797776.jpg,elliptical
797838.jpg,elliptical
797842.jpg,irregular
797843.jpg,elliptical
797854.jpg,elliptical
797895.jpg,spiral
797919.jpg,elliptical
797947.jpg,spiral
797954.jpg,irregular
797966.jpg,elliptical
797994.jpg,spiral
798027.jpg,elliptical
798039.jpg,elliptical
798052.jpg,elliptical
798057.jpg,elliptical
798063.jpg,elliptical
798067.jpg,elliptical
798092.jpg,spiral
798096.jpg,irregular
798126.jpg,spiral
798174.jpg,spiral
798215.jpg,irregular
798225.jpg,elliptical
798231.jpg,irregular
798244.jpg,spiral
798250.jpg,elliptical
798280.jpg,elliptical
798287.jpg,elliptical
798289.jpg,elliptical
798307.jpg,elliptical
798311.jpg,elliptical
798322.jpg,elliptical
798327.jpg,elliptical
798347.jpg,elliptical
798353.jpg,elliptical
798382.jpg,elliptical
798426.jpg,irregular
798468.jpg,irregular
798477.jpg,irregular
798481.jpg,spiral
798493.jpg,elliptical
798500.jpg,irregular
798503.jpg,spiral
798506.jpg,elliptical
798508.jpg,irregular
798519.jpg,elliptical
798552.jpg,irregular
798570.jpg,elliptical
798583.jpg,elliptical
798595.jpg,irregular
798601.jpg,irregular
798602.jpg,elliptical
798629.jpg,elliptical
798656.jpg,elliptical
798707.jpg,elliptical
798770.jpg,irregular
798869.jpg,elliptical
798871.jpg,elliptical
798886.jpg,elliptical
798894.jpg,elliptical
798895.jpg,elliptical
798924.jpg,elliptical
798927.jpg,elliptical
798946.jpg,elliptical
798962.jpg,elliptical
798964.jpg,elliptical
798990.jpg,elliptical
798994.jpg,elliptical
798998.jpg,elliptical
799018.jpg,spiral
799023.jpg,elliptical
799026.jpg,elliptical
799032.jpg,elliptical
799044.jpg,elliptical
799078.jpg,irregular
799089.jpg,elliptical
799091.jpg,elliptical
799100.jpg,irregular
799109.jpg,elliptical
799119.jpg,elliptical
799146.jpg,elliptical
799166.jpg,elliptical
799175.jpg,irregular
799183.jpg,elliptical
799262.jpg,elliptical
799270.jpg,spiral
799335.jpg,spiral
799344.jpg,elliptical
799365.jpg,elliptical
799369.jpg,irregular
799383.jpg,elliptical
799408.jpg,irregular
799472.jpg,elliptical
799487.jpg,elliptical
799498.jpg,spiral
799525.jpg,elliptical
799541.jpg,spiral
799546.jpg,irregular
799549.jpg,elliptical
799598.jpg,elliptical
799612.jpg,spiral
799657.jpg,elliptical
799659.jpg,elliptical
799667.jpg,irregular
799787.jpg,irregular
799815.jpg,spiral
799817.jpg,irregular
799857.jpg,elliptical
799900.jpg,elliptical
799904.jpg,elliptical
799962.jpg,elliptical
799997.jpg,elliptical
799999.jpg,elliptical
800005.jpg,irregular
800035.jpg,elliptical
800075.jpg,spiral
800087.jpg,spiral
800094.jpg,elliptical
800119.jpg,spiral
800120.jpg,elliptical
800140.jpg,elliptical
800147.jpg,spiral
800149.jpg,elliptical
800168.jpg,elliptical
800184.jpg,elliptical
800251.jpg,elliptical
800309.jpg,elliptical
800328.jpg,elliptical
800341.jpg,elliptical
800384.jpg,elliptical
800421.jpg,spiral
800437.jpg,elliptical
800499.jpg,spiral
800565.jpg,spiral
800586.jpg,elliptical
800624.jpg,irregular
800665.jpg,irregular
800719.jpg,elliptical
800769.jpg,spiral
800771.jpg,elliptical
800788.jpg,irregular
800797.jpg,spiral
800812.jpg,spiral
800856.jpg,elliptical
800857.jpg,elliptical
800894.jpg,elliptical
800907.jpg,elliptical
800953.jpg,elliptical
800966.jpg,elliptical
801021.jpg,spiral
801032.jpg,spiral
801059.jpg,elliptical
801060.jpg,elliptical
801064.jpg,elliptical
801082.jpg,spiral
801154.jpg,elliptical
801172.jpg,irregular
801178.jpg,spiral
801179.jpg,elliptical
801181.jpg,elliptical
801184.jpg,irregular
801189.jpg,elliptical
801326.jpg,spiral
801340.jpg,elliptical
801384.jpg,spiral
801403.jpg,elliptical
801429.jpg,elliptical
801452.jpg,spiral
801464.jpg,irregular
801467.jpg,irregular
801469.jpg,elliptical
801486.jpg,elliptical
801504.jpg,elliptical
801507.jpg,spiral
801551.jpg,elliptical
801583.jpg,elliptical
801590.jpg,elliptical
801644.jpg,elliptical
801667.jpg,irregular
801689.jpg,elliptical
801701.jpg,elliptical
801704.jpg,irregular
801775.jpg,elliptical
801807.jpg,irregular
801851.jpg,spiral
801857.jpg,spiral
801871.jpg,spiral
801907.jpg,elliptical
801914.jpg,elliptical
801947.jpg,elliptical
801948.jpg,irregular
802032.jpg,elliptical
802070.jpg,irregular
802097.jpg,elliptical
802103.jpg,irregular
802104.jpg,elliptical
802120.jpg,elliptical
802128.jpg,elliptical
802130.jpg,irregular
802149.jpg,elliptical
802171.jpg,elliptical
802205.jpg,spiral
802212.jpg,irregular
802265.jpg,elliptical
802286.jpg,elliptical
802288.jpg,elliptical
802293.jpg,irregular
802303.jpg,irregular
802328.jpg,elliptical
802423.jpg,elliptical
802452.jpg,elliptical
802455.jpg,elliptical
802479.jpg,irregular
802481.jpg,irregular
802489.jpg,spiral
802491.jpg,spiral
802494.jpg,elliptical
802595.jpg,elliptical
802602.jpg,spiral
802606.jpg,spiral
802612.jpg,spiral
802628.jpg,spiral
802639.jpg,irregular
802648.jpg,irregular
802664.jpg,irregular
802694.jpg,elliptical
802697.jpg,elliptical
802731.jpg,elliptical
802738.jpg,elliptical
802761.jpg,elliptical
802842.jpg,elliptical
802876.jpg,irregular
802887.jpg,elliptical
802891.jpg,elliptical
802922.jpg,elliptical
802926.jpg,elliptical
802943.jpg,elliptical
802962.jpg,elliptical
802989.jpg,elliptical
802994.jpg,irregular
803074.jpg,elliptical
803101.jpg,elliptical
803123.jpg,elliptical
803136.jpg,elliptical
803149.jpg,elliptical
803161.jpg,spiral
803220.jpg,spiral
803230.jpg,irregular
803233.jpg,elliptical
803269.jpg,spiral
803349.jpg,spiral
803376.jpg,irregular
803416.jpg,elliptical
803427.jpg,elliptical
803448.jpg,elliptical
803456.jpg,elliptical
803487.jpg,elliptical
803491.jpg,elliptical
803504.jpg,elliptical
803540.jpg,elliptical
803556.jpg,elliptical
803595.jpg,elliptical
803633.jpg,elliptical
803637.jpg,elliptical
803655.jpg,irregular
803676.jpg,irregular
803707.jpg,spiral
803708.jpg,spiral
803714.jpg,elliptical
803718.jpg,elliptical
803724.jpg,elliptical
803727.jpg,spiral
803736.jpg,elliptical
803747.jpg,irregular
803753.jpg,irregular
803759.jpg,elliptical
803764.jpg,irregular
803782.jpg,elliptical
803787.jpg,irregular
803815.jpg,irregular
803817.jpg,elliptical
803821.jpg,spiral
803825.jpg,elliptical
803839.jpg,elliptical
803853.jpg,elliptical
803854.jpg,irregular
803855.jpg,elliptical
803890.jpg,elliptical
803908.jpg,irregular
803920.jpg,elliptical
803926.jpg,elliptical
803952.jpg,spiral
803964.jpg,spiral
804106.jpg,elliptical
804139.jpg,elliptical
804146.jpg,elliptical
804187.jpg,elliptical
804194.jpg,elliptical
804217.jpg,spiral
804308.jpg,spiral
804314.jpg,spiral
804317.jpg,elliptical
804330.jpg,elliptical
804348.jpg,elliptical
804353.jpg,elliptical
804356.jpg,elliptical
804385.jpg,spiral
804411.jpg,elliptical
804457.jpg,irregular
804459.jpg,irregular
804503.jpg,spiral
804523.jpg,elliptical
804527.jpg,elliptical
804543.jpg,irregular
804561.jpg,spiral
804603.jpg,elliptical
804615.jpg,irregular
804616.jpg,elliptical
804634.jpg,irregular
804651.jpg,elliptical
804659.jpg,elliptical
804660.jpg,elliptical
804666.jpg,elliptical
804696.jpg,elliptical
804743.jpg,elliptical
804746.jpg,irregular
804769.jpg,elliptical
804808.jpg,spiral
804813.jpg,elliptical
804816.jpg,elliptical
804830.jpg,elliptical
804859.jpg,spiral
804981.jpg,spiral
804991.jpg,elliptical
805018.jpg,irregular
805055.jpg,irregular
805069.jpg,spiral
805146.jpg,elliptical
805224.jpg,irregular
805235.jpg,elliptical
805274.jpg,elliptical
805284.jpg,spiral
805314.jpg,elliptical
805352.jpg,elliptical
805355.jpg,elliptical
805420.jpg,spiral
805421.jpg,elliptical
805430.jpg,spiral
805431.jpg,irregular
805470.jpg,irregular
805478.jpg,irregular
805489.jpg,elliptical
805519.jpg,irregular
805522.jpg,elliptical
805531.jpg,irregular
805563.jpg,elliptical
805564.jpg,spiral
805575.jpg,elliptical
805652.jpg,elliptical
805678.jpg,elliptical
805694.jpg,elliptical
805695.jpg,elliptical
805751.jpg,irregular
805755.jpg,elliptical
805785.jpg,spiral
805799.jpg,irregular
805803.jpg,elliptical
805825.jpg,elliptical
805853.jpg,elliptical
805869.jpg,elliptical
805870.jpg,elliptical
805872.jpg,spiral
805880.jpg,elliptical
805923.jpg,spiral
805935.jpg,elliptical
805973.jpg,elliptical
805975.jpg,irregular
805976.jpg,elliptical
806000.jpg,irregular
806004.jpg,elliptical
806021.jpg,irregular
806022.jpg,elliptical
806027.jpg,elliptical
806048.jpg,elliptical
806049.jpg,elliptical
806068.jpg,irregular
806074.jpg,irregular
806098.jpg,elliptical
806131.jpg,elliptical
806140.jpg,elliptical
806163.jpg,elliptical
806170.jpg,irregular
806207.jpg,irregular
806246.jpg,elliptical
806251.jpg,elliptical
806281.jpg,spiral
806286.jpg,elliptical
806287.jpg,elliptical
806290.jpg,spiral
806304.jpg,elliptical
806306.jpg,spiral
806317.jpg,elliptical
806337.jpg,irregular
806363.jpg,elliptical
806411.jpg,spiral
806417.jpg,elliptical
806439.jpg,elliptical
806450.jpg,elliptical
806486.jpg,spiral
806510.jpg,spiral
806534.jpg,irregular
806536.jpg,spiral
806555.jpg,spiral
806578.jpg,elliptical
806582.jpg,elliptical
806592.jpg,elliptical
806634.jpg,irregular
806642.jpg,elliptical
806646.jpg,spiral
806648.jpg,spiral
806666.jpg,irregular
806674.jpg,elliptical
806712.jpg,elliptical
806741.jpg,irregular
806749.jpg,irregular
806753.jpg,spiral
806766.jpg,spiral
806785.jpg,elliptical
806809.jpg,irregular
806815.jpg,elliptical
806885.jpg,elliptical
806895.jpg,irregular
806949.jpg,elliptical
806965.jpg,elliptical
807030.jpg,spiral
807032.jpg,elliptical
807059.jpg,elliptical
807072.jpg,elliptical
807075.jpg,elliptical
807082.jpg,elliptical
807091.jpg,elliptical
807097.jpg,irregular
807105.jpg,spiral
807131.jpg,irregular
807156.jpg,elliptical
807209.jpg,elliptical
807216.jpg,elliptical
807218.jpg,elliptical
807226.jpg,irregular
807231.jpg,spiral
807244.jpg,irregular
807264.jpg,spiral
807282.jpg,spiral
807305.jpg,irregular
807329.jpg,elliptical
807341.jpg,elliptical
807346.jpg,irregular
807376.jpg,elliptical
807386.jpg,elliptical
807396.jpg,irregular
807397.jpg,elliptical
807409.jpg,spiral
807431.jpg,elliptical
807436.jpg,elliptical
807466.jpg,elliptical
807478.jpg,elliptical
807492.jpg,elliptical
807515.jpg,irregular
807516.jpg,spiral
807569.jpg,irregular
807592.jpg,elliptical
807611.jpg,spiral
807622.jpg,elliptical
807627.jpg,elliptical
807643.jpg,spiral
807648.jpg,elliptical
807659.jpg,spiral
807677.jpg,irregular
807680.jpg,elliptical
807682.jpg,irregular
807710.jpg,elliptical
807715.jpg,spiral
807754.jpg,elliptical
807806.jpg,irregular
807843.jpg,irregular
807847.jpg,spiral
807849.jpg,elliptical
807858.jpg,elliptical
807907.jpg,elliptical
807916.jpg,elliptical
807959.jpg,irregular
808013.jpg,spiral
808014.jpg,elliptical
808018.jpg,irregular
808026.jpg,elliptical
808055.jpg,elliptical
808076.jpg,elliptical
808105.jpg,elliptical
808123.jpg,spiral
808190.jpg,elliptical
808207.jpg,elliptical
808264.jpg,elliptical
808284.jpg,spiral
808306.jpg,irregular
808321.jpg,elliptical
808348.jpg,elliptical
808351.jpg,irregular
808367.jpg,irregular
808421.jpg,irregular
808424.jpg,elliptical
808449.jpg,elliptical
808472.jpg,elliptical
808487.jpg,elliptical
808494.jpg,elliptical
808498.jpg,elliptical
808501.jpg,elliptical
808524.jpg,elliptical
808552.jpg,irregular
808557.jpg,elliptical
808580.jpg,elliptical
808601.jpg,elliptical
808607.jpg,elliptical
808626.jpg,elliptical
808634.jpg,irregular
808647.jpg,elliptical
808661.jpg,elliptical
808727.jpg,irregular
808754.jpg,elliptical
808755.jpg,elliptical
808799.jpg,irregular
808822.jpg,elliptical
808827.jpg,spiral
808847.jpg,spiral
808878.jpg,elliptical
808909.jpg,elliptical
808917.jpg,elliptical
808918.jpg,irregular
808930.jpg,spiral
808933.jpg,elliptical
808936.jpg,elliptical
808945.jpg,irregular
808951.jpg,elliptical
808990.jpg,spiral
808996.jpg,irregular
809031.jpg,elliptical
809101.jpg,elliptical
809116.jpg,spiral
809158.jpg,irregular
809197.jpg,elliptical
809208.jpg,spiral
809211.jpg,spiral
809225.jpg,irregular
809258.jpg,irregular
809263.jpg,irregular
809280.jpg,elliptical
809281.jpg,spiral
809293.jpg,irregular
809325.jpg,irregular
809335.jpg,elliptical
809346.jpg,elliptical
809359.jpg,elliptical
809361.jpg,irregular
809404.jpg,elliptical
809414.jpg,irregular
809437.jpg,elliptical
809442.jpg,elliptical
809454.jpg,elliptical
809503.jpg,spiral
809546.jpg,spiral
809572.jpg,elliptical
809650.jpg,elliptical
809654.jpg,irregular
809694.jpg,irregular
809695.jpg,elliptical
809696.jpg,elliptical
809701.jpg,elliptical
809736.jpg,spiral
809750.jpg,elliptical
809769.jpg,spiral
809776.jpg,irregular
809789.jpg,spiral
809815.jpg,elliptical
809821.jpg,elliptical
809826.jpg,elliptical
809830.jpg,elliptical
809872.jpg,elliptical
809884.jpg,spiral
809891.jpg,elliptical
809894.jpg,elliptical
809898.jpg,elliptical
809902.jpg,elliptical
809915.jpg,elliptical
809946.jpg,elliptical
809950.jpg,irregular
809978.jpg,spiral
810072.jpg,spiral
810074.jpg,spiral
810107.jpg,elliptical
810144.jpg,spiral
810158.jpg,irregular
810184.jpg,elliptical
810198.jpg,elliptical
810220.jpg,elliptical
810254.jpg,elliptical
810283.jpg,elliptical
810325.jpg,irregular
810347.jpg,elliptical
810357.jpg,irregular
810404.jpg,elliptical
810454.jpg,irregular
810532.jpg,irregular
810607.jpg,spiral
810645.jpg,elliptical
810654.jpg,elliptical
810658.jpg,elliptical
810694.jpg,elliptical
810758.jpg,elliptical
810844.jpg,elliptical
810871.jpg,irregular
810876.jpg,spiral
810914.jpg,spiral
810917.jpg,elliptical
810950.jpg,elliptical
810953.jpg,spiral
810961.jpg,spiral
810970.jpg,irregular
810986.jpg,elliptical
811016.jpg,elliptical
811028.jpg,elliptical
811035.jpg,elliptical
811038.jpg,elliptical
811080.jpg,irregular
811081.jpg,elliptical
811122.jpg,spiral
811176.jpg,irregular
811200.jpg,elliptical
811229.jpg,elliptical
811261.jpg,elliptical
811264.jpg,elliptical
811288.jpg,elliptical
811314.jpg,elliptical
811316.jpg,elliptical
811320.jpg,irregular
811330.jpg,elliptical
811333.jpg,irregular
811343.jpg,elliptical
811359.jpg,irregular
811388.jpg,elliptical
811391.jpg,spiral
811396.jpg,elliptical
811445.jpg,spiral
811481.jpg,elliptical
811514.jpg,elliptical
811517.jpg,spiral
811535.jpg,elliptical
811539.jpg,spiral
811565.jpg,elliptical
811574.jpg,elliptical
811581.jpg,irregular
811593.jpg,elliptical
811598.jpg,elliptical
811601.jpg,elliptical
811609.jpg,elliptical
811629.jpg,elliptical
811663.jpg,elliptical
811673.jpg,elliptical
811704.jpg,spiral
811729.jpg,irregular
811751.jpg,elliptical
811764.jpg,irregular
811782.jpg,elliptical
811810.jpg,spiral
811861.jpg,elliptical
811865.jpg,irregular
811869.jpg,spiral
811875.jpg,elliptical
811897.jpg,irregular
811908.jpg,elliptical
811925.jpg,elliptical
811957.jpg,elliptical
811963.jpg,irregular
811974.jpg,elliptical
811976.jpg,spiral
811994.jpg,elliptical
812003.jpg,elliptical
812044.jpg,elliptical
812046.jpg,spiral
812056.jpg,spiral
812059.jpg,elliptical
812066.jpg,irregular
812067.jpg,spiral
812069.jpg,irregular
812076.jpg,elliptical
812095.jpg,elliptical
812105.jpg,spiral
812107.jpg,elliptical
812110.jpg,elliptical
812132.jpg,elliptical
812153.jpg,spiral
812173.jpg,spiral
812199.jpg,elliptical
812211.jpg,elliptical
812260.jpg,elliptical
812262.jpg,spiral
812268.jpg,spiral
812280.jpg,elliptical
812294.jpg,elliptical
812336.jpg,elliptical
812367.jpg,elliptical
812376.jpg,elliptical
812462.jpg,elliptical
812477.jpg,spiral
812497.jpg,elliptical
812530.jpg,elliptical
812538.jpg,irregular
812546.jpg,elliptical
812578.jpg,elliptical
812607.jpg,elliptical
812616.jpg,elliptical
812620.jpg,elliptical
812668.jpg,irregular
812695.jpg,elliptical
812709.jpg,spiral
812719.jpg,elliptical
812745.jpg,irregular
812783.jpg,elliptical
812787.jpg,elliptical
812812.jpg,elliptical
812816.jpg,spiral
812841.jpg,elliptical
812853.jpg,elliptical
812861.jpg,elliptical
812875.jpg,elliptical
812889.jpg,elliptical
812893.jpg,irregular
812895.jpg,elliptical
812898.jpg,irregular
812952.jpg,spiral
812974.jpg,spiral
812975.jpg,elliptical
813007.jpg,spiral
813019.jpg,elliptical
813024.jpg,elliptical
813041.jpg,elliptical
813049.jpg,elliptical
813099.jpg,irregular
813120.jpg,elliptical
813129.jpg,irregular
813143.jpg,elliptical
813144.jpg,elliptical
813147.jpg,spiral
813194.jpg,elliptical
813247.jpg,irregular
813260.jpg,elliptical
813279.jpg,elliptical
813298.jpg,elliptical
813329.jpg,elliptical
813376.jpg,spiral
813394.jpg,irregular
813414.jpg,spiral
813432.jpg,elliptical
813447.jpg,elliptical
813454.jpg,elliptical
813475.jpg,spiral
813505.jpg,irregular
813519.jpg,irregular
813524.jpg,elliptical
813562.jpg,irregular
813622.jpg,elliptical
813638.jpg,elliptical
813641.jpg,spiral
813656.jpg,irregular
813668.jpg,elliptical
813695.jpg,spiral
813721.jpg,elliptical
813729.jpg,elliptical
813751.jpg,spiral
813753.jpg,spiral
813778.jpg,irregular
813792.jpg,elliptical
813838.jpg,elliptical
813846.jpg,irregular
813848.jpg,elliptical
813855.jpg,elliptical
813895.jpg,irregular
813906.jpg,spiral
813908.jpg,irregular
813953.jpg,elliptical
813958.jpg,elliptical
813982.jpg,elliptical
814032.jpg,spiral
814043.jpg,elliptical
814057.jpg,elliptical
814067.jpg,elliptical
814110.jpg,elliptical
814119.jpg,elliptical
814211.jpg,irregular
814231.jpg,elliptical
814294.jpg,elliptical
814304.jpg,irregular
814318.jpg,spiral
814326.jpg,elliptical
814359.jpg,irregular
814434.jpg,spiral
814445.jpg,elliptical
814454.jpg,spiral
814480.jpg,spiral
814487.jpg,elliptical
814508.jpg,irregular
814517.jpg,spiral
814537.jpg,spiral
814605.jpg,elliptical
814634.jpg,elliptical
814655.jpg,elliptical
814658.jpg,elliptical
814673.jpg,irregular
814691.jpg,elliptical
814707.jpg,elliptical
814800.jpg,elliptical
814804.jpg,elliptical
814828.jpg,elliptical
814834.jpg,irregular
814868.jpg,irregular
814890.jpg,elliptical
814930.jpg,irregular
814996.jpg,irregular
815039.jpg,elliptical
815058.jpg,elliptical
815070.jpg,irregular
815083.jpg,irregular
815122.jpg,elliptical
815153.jpg,irregular
815157.jpg,elliptical
815176.jpg,spiral
815179.jpg,elliptical
815183.jpg,elliptical
815208.jpg,elliptical
815219.jpg,elliptical
815232.jpg,spiral
815238.jpg,spiral
815253.jpg,elliptical
815296.jpg,elliptical
815303.jpg,elliptical
815310.jpg,elliptical
815320.jpg,elliptical
815327.jpg,elliptical
815346.jpg,elliptical
815413.jpg,elliptical
815416.jpg,irregular
815420.jpg,elliptical
815451.jpg,spiral
815489.jpg,elliptical
815507.jpg,spiral
815517.jpg,elliptical
815568.jpg,elliptical
815573.jpg,elliptical
815600.jpg,irregular
815626.jpg,elliptical
815707.jpg,irregular
815750.jpg,elliptical
815754.jpg,spiral
815759.jpg,spiral
815760.jpg,irregular
815847.jpg,irregular
815926.jpg,spiral
815935.jpg,elliptical
815960.jpg,elliptical
816022.jpg,spiral
816041.jpg,elliptical
816069.jpg,spiral
816112.jpg,spiral
816120.jpg,irregular
816125.jpg,spiral
816126.jpg,elliptical
816139.jpg,spiral
816144.jpg,irregular
816170.jpg,spiral
816173.jpg,elliptical
816187.jpg,elliptical
816198.jpg,elliptical
816210.jpg,elliptical
816225.jpg,spiral
816260.jpg,elliptical
816272.jpg,spiral
816282.jpg,elliptical
816290.jpg,elliptical
816293.jpg,elliptical
816305.jpg,elliptical
816319.jpg,elliptical
816381.jpg,elliptical
816383.jpg,elliptical
816397.jpg,spiral
816428.jpg,elliptical
816490.jpg,elliptical
816499.jpg,elliptical
816517.jpg,elliptical
816525.jpg,elliptical
816530.jpg,spiral
816537.jpg,elliptical
816548.jpg,irregular
816552.jpg,elliptical
816575.jpg,elliptical
816608.jpg,elliptical
816645.jpg,elliptical
816667.jpg,spiral
816703.jpg,elliptical
816723.jpg,elliptical
816766.jpg,elliptical
816783.jpg,elliptical
816787.jpg,spiral
816800.jpg,spiral
816814.jpg,spiral
816897.jpg,elliptical
816948.jpg,elliptical
817039.jpg,irregular
817044.jpg,irregular
817127.jpg,elliptical
817142.jpg,spiral
817177.jpg,elliptical
817190.jpg,elliptical
817191.jpg,spiral
817197.jpg,elliptical
817220.jpg,elliptical
817237.jpg,elliptical
817245.jpg,elliptical
817313.jpg,elliptical
817333.jpg,irregular
817357.jpg,elliptical
817377.jpg,elliptical
817404.jpg,elliptical
817419.jpg,irregular
817431.jpg,elliptical
817445.jpg,irregular
817446.jpg,elliptical
817458.jpg,elliptical
817477.jpg,irregular
817483.jpg,elliptical
817538.jpg,elliptical
817561.jpg,spiral
817591.jpg,elliptical
817610.jpg,elliptical
817627.jpg,elliptical
817632.jpg,elliptical
817685.jpg,elliptical
817690.jpg,spiral
817700.jpg,elliptical
817728.jpg,elliptical
817739.jpg,irregular
817742.jpg,elliptical
817748.jpg,elliptical
817749.jpg,elliptical
817778.jpg,elliptical
817858.jpg,irregular
817869.jpg,spiral
817872.jpg,irregular
817895.jpg,elliptical
817947.jpg,spiral
817985.jpg,elliptical
818001.jpg,irregular
818007.jpg,irregular
818022.jpg,elliptical
818030.jpg,elliptical
818031.jpg,elliptical
818049.jpg,elliptical
818079.jpg,elliptical
818106.jpg,elliptical
818118.jpg,elliptical
818131.jpg,elliptical
818224.jpg,elliptical
818270.jpg,elliptical
818275.jpg,irregular
818290.jpg,elliptical
818294.jpg,elliptical
818296.jpg,elliptical
818330.jpg,elliptical
818366.jpg,elliptical
818367.jpg,elliptical
818390.jpg,elliptical
818406.jpg,elliptical
818421.jpg,irregular
818438.jpg,elliptical
818494.jpg,elliptical
818497.jpg,spiral
818515.jpg,elliptical
818533.jpg,elliptical
818556.jpg,elliptical
818599.jpg,elliptical
818608.jpg,elliptical
818625.jpg,elliptical
818627.jpg,elliptical
818632.jpg,elliptical
818636.jpg,elliptical
818676.jpg,elliptical
818682.jpg,elliptical
818697.jpg,irregular
818760.jpg,elliptical
818763.jpg,elliptical
818765.jpg,elliptical
818790.jpg,elliptical
818838.jpg,elliptical
818844.jpg,spiral
818851.jpg,elliptical
818871.jpg,irregular
818873.jpg,irregular
818889.jpg,spiral
818891.jpg,elliptical
818916.jpg,elliptical
818920.jpg,elliptical
818944.jpg,spiral
818951.jpg,elliptical
818958.jpg,elliptical
818960.jpg,elliptical
818976.jpg,spiral
819065.jpg,elliptical
819070.jpg,elliptical
819091.jpg,spiral
819102.jpg,irregular
819131.jpg,spiral
819227.jpg,spiral
819256.jpg,spiral
819333.jpg,spiral
819356.jpg,elliptical
819364.jpg,elliptical
819367.jpg,spiral
819376.jpg,spiral
819388.jpg,spiral
819400.jpg,spiral
819422.jpg,irregular
819433.jpg,elliptical
819468.jpg,elliptical
819494.jpg,spiral
819495.jpg,elliptical
819506.jpg,spiral
819526.jpg,elliptical
819536.jpg,irregular
819550.jpg,elliptical
819673.jpg,elliptical
819676.jpg,elliptical
819769.jpg,irregular
819807.jpg,elliptical
819816.jpg,elliptical
819840.jpg,elliptical
819895.jpg,elliptical
819899.jpg,elliptical
819923.jpg,elliptical
819956.jpg,elliptical
820002.jpg,elliptical
820031.jpg,irregular
820045.jpg,elliptical
820054.jpg,elliptical
820071.jpg,spiral
820074.jpg,elliptical
820088.jpg,elliptical
820093.jpg,elliptical
820102.jpg,elliptical
820115.jpg,elliptical
820122.jpg,elliptical
820128.jpg,elliptical
820177.jpg,spiral
820179.jpg,spiral
820181.jpg,elliptical
820200.jpg,spiral
820207.jpg,elliptical
820255.jpg,elliptical
820256.jpg,spiral
820345.jpg,elliptical
820353.jpg,spiral
820396.jpg,irregular
820421.jpg,elliptical
820437.jpg,elliptical
820458.jpg,elliptical
820478.jpg,spiral
820523.jpg,elliptical
820532.jpg,elliptical
820542.jpg,spiral
820550.jpg,spiral
820557.jpg,elliptical
820566.jpg,elliptical
820579.jpg,irregular
820582.jpg,elliptical
820622.jpg,elliptical
820648.jpg,elliptical
820663.jpg,elliptical
820688.jpg,irregular
820705.jpg,elliptical
820732.jpg,irregular
820739.jpg,irregular
820743.jpg,elliptical
820767.jpg,elliptical
820772.jpg,elliptical
820777.jpg,elliptical
820787.jpg,elliptical
820796.jpg,spiral
820802.jpg,irregular
820831.jpg,elliptical
820834.jpg,spiral
820841.jpg,elliptical
820887.jpg,spiral
820894.jpg,elliptical
820902.jpg,elliptical
820907.jpg,elliptical
820913.jpg,elliptical
820980.jpg,elliptical
821002.jpg,elliptical
821118.jpg,spiral
821137.jpg,spiral
821146.jpg,spiral
821173.jpg,irregular
821180.jpg,spiral
821240.jpg,irregular
821247.jpg,irregular
821251.jpg,spiral
821278.jpg,irregular
821315.jpg,elliptical
821374.jpg,elliptical
821380.jpg,elliptical
821385.jpg,spiral
821415.jpg,spiral
821419.jpg,elliptical
821442.jpg,elliptical
821472.jpg,irregular
821499.jpg,elliptical
821510.jpg,elliptical
821514.jpg,elliptical
821532.jpg,elliptical
821536.jpg,elliptical
821537.jpg,elliptical
821547.jpg,spiral
821598.jpg,elliptical
821608.jpg,elliptical
821618.jpg,elliptical
821622.jpg,elliptical
821634.jpg,elliptical
821685.jpg,irregular
821710.jpg,elliptical
821714.jpg,irregular
821749.jpg,irregular
821821.jpg,irregular
821827.jpg,spiral
821891.jpg,irregular
821898.jpg,irregular
821928.jpg,spiral
821935.jpg,elliptical
822015.jpg,elliptical
822031.jpg,irregular
822060.jpg,elliptical
822116.jpg,spiral
822119.jpg,spiral
822144.jpg,elliptical
822165.jpg,elliptical
822169.jpg,elliptical
822171.jpg,spiral
822179.jpg,irregular
822215.jpg,spiral
822221.jpg,elliptical
822241.jpg,elliptical
822323.jpg,elliptical
822330.jpg,elliptical
822335.jpg,spiral
822375.jpg,spiral
822393.jpg,irregular
822399.jpg,elliptical
822424.jpg,spiral
822425.jpg,irregular
822472.jpg,elliptical
822484.jpg,spiral
822499.jpg,spiral
822524.jpg,elliptical
822544.jpg,spiral
822547.jpg,elliptical
822553.jpg,irregular
822560.jpg,irregular
822577.jpg,elliptical
822578.jpg,elliptical
822645.jpg,elliptical
822652.jpg,elliptical
822668.jpg,spiral
822669.jpg,elliptical
822736.jpg,elliptical
822752.jpg,elliptical
822787.jpg,elliptical
822837.jpg,elliptical
822840.jpg,elliptical
822860.jpg,elliptical
822895.jpg,irregular
822903.jpg,irregular
822924.jpg,elliptical
822928.jpg,elliptical
822936.jpg,elliptical
822942.jpg,irregular
822972.jpg,elliptical
822985.jpg,spiral
822998.jpg,spiral
823021.jpg,elliptical
823050.jpg,spiral
823068.jpg,irregular
823070.jpg,elliptical
823081.jpg,irregular
823140.jpg,spiral
823159.jpg,elliptical
823180.jpg,irregular
823284.jpg,elliptical
823285.jpg,elliptical
823296.jpg,elliptical
823297.jpg,elliptical
823316.jpg,spiral
823400.jpg,elliptical
823409.jpg,irregular
823437.jpg,elliptical
823456.jpg,spiral
823479.jpg,elliptical
823491.jpg,spiral
823502.jpg,irregular
823504.jpg,irregular
823521.jpg,elliptical
823524.jpg,elliptical
823535.jpg,elliptical
823557.jpg,elliptical
823600.jpg,spiral
823601.jpg,elliptical
823616.jpg,spiral
823637.jpg,elliptical
823643.jpg,elliptical
823667.jpg,spiral
823685.jpg,spiral
823784.jpg,elliptical
823790.jpg,elliptical
823811.jpg,irregular
823825.jpg,elliptical
823888.jpg,elliptical
823923.jpg,elliptical
823949.jpg,elliptical
823964.jpg,elliptical
823984.jpg,elliptical
824027.jpg,elliptical
824040.jpg,spiral
824090.jpg,spiral
824105.jpg,spiral
824148.jpg,irregular
824151.jpg,elliptical
824260.jpg,irregular
824265.jpg,elliptical
824278.jpg,elliptical
824279.jpg,spiral
824302.jpg,elliptical
824319.jpg,spiral
824375.jpg,elliptical
824393.jpg,spiral
824404.jpg,elliptical
824443.jpg,elliptical
824471.jpg,elliptical
824474.jpg,spiral
824483.jpg,elliptical
824536.jpg,elliptical
824549.jpg,elliptical
824561.jpg,elliptical
824564.jpg,irregular
824588.jpg,elliptical
824590.jpg,elliptical
824599.jpg,spiral
824606.jpg,elliptical
824608.jpg,elliptical
824629.jpg,irregular
824650.jpg,elliptical
824705.jpg,elliptical
824743.jpg,irregular
824765.jpg,irregular
824770.jpg,irregular
824792.jpg,irregular
824840.jpg,spiral
824849.jpg,elliptical
824936.jpg,spiral
824949.jpg,elliptical
824959.jpg,irregular
824960.jpg,elliptical
824986.jpg,spiral
825000.jpg,spiral
825005.jpg,spiral
825012.jpg,irregular
825085.jpg,irregular
825183.jpg,irregular
825208.jpg,elliptical
825209.jpg,elliptical
825227.jpg,elliptical
825231.jpg,elliptical
825237.jpg,irregular
825244.jpg,spiral
825250.jpg,elliptical
825265.jpg,elliptical
825278.jpg,irregular
825289.jpg,spiral
825307.jpg,elliptical
825341.jpg,irregular
825346.jpg,elliptical
825354.jpg,spiral
825366.jpg,spiral
825390.jpg,irregular
825422.jpg,elliptical
825437.jpg,elliptical
825450.jpg,irregular
825455.jpg,elliptical
825495.jpg,elliptical
825509.jpg,elliptical
825510.jpg,elliptical
825530.jpg,irregular
825561.jpg,irregular
825584.jpg,elliptical
825589.jpg,irregular
825608.jpg,elliptical
825694.jpg,elliptical
825696.jpg,spiral
825703.jpg,elliptical
825726.jpg,elliptical
825770.jpg,elliptical
825782.jpg,elliptical
825798.jpg,elliptical
825839.jpg,irregular
825881.jpg,elliptical
825882.jpg,spiral
825898.jpg,elliptical
825935.jpg,elliptical
825974.jpg,elliptical
826030.jpg,elliptical
826037.jpg,spiral
826038.jpg,irregular
826039.jpg,elliptical
826067.jpg,irregular
826103.jpg,elliptical
826140.jpg,elliptical
826143.jpg,spiral
826174.jpg,elliptical
826218.jpg,elliptical
826222.jpg,spiral
826296.jpg,irregular
826316.jpg,elliptical
826360.jpg,elliptical
826407.jpg,elliptical
826412.jpg,irregular
826460.jpg,elliptical
826471.jpg,elliptical
826479.jpg,elliptical
826510.jpg,elliptical
826530.jpg,elliptical
826535.jpg,elliptical
826538.jpg,elliptical
826547.jpg,irregular
826563.jpg,elliptical
826569.jpg,spiral
826587.jpg,elliptical
826602.jpg,irregular
826611.jpg,elliptical
826614.jpg,irregular
826618.jpg,elliptical
826686.jpg,spiral
826692.jpg,elliptical
826788.jpg,elliptical
826840.jpg,elliptical
826870.jpg,irregular
826877.jpg,spiral
826901.jpg,spiral
826916.jpg,irregular
826921.jpg,spiral
826926.jpg,spiral
826947.jpg,elliptical
826974.jpg,elliptical
827011.jpg,spiral
827014.jpg,elliptical
827017.jpg,spiral
827025.jpg,spiral
827064.jpg,elliptical
827138.jpg,irregular
827178.jpg,elliptical
827191.jpg,spiral
827196.jpg,irregular
827211.jpg,irregular
827218.jpg,elliptical
827256.jpg,elliptical
827273.jpg,spiral
827301.jpg,elliptical
827325.jpg,elliptical
827347.jpg,elliptical
827398.jpg,spiral
827402.jpg,spiral
827414.jpg,elliptical
827442.jpg,elliptical
827465.jpg,spiral
827504.jpg,elliptical
827508.jpg,irregular
827585.jpg,spiral
827595.jpg,spiral
827621.jpg,elliptical
827641.jpg,elliptical
827642.jpg,elliptical
827657.jpg,irregular
827659.jpg,elliptical
827683.jpg,spiral
827706.jpg,spiral
827720.jpg,spiral
827728.jpg,irregular
827731.jpg,elliptical
827737.jpg,irregular
827743.jpg,elliptical
827748.jpg,spiral
827755.jpg,elliptical
827788.jpg,elliptical
827811.jpg,spiral
827844.jpg,elliptical
827846.jpg,spiral
827871.jpg,elliptical
827874.jpg,elliptical
827918.jpg,elliptical
827983.jpg,irregular
827985.jpg,spiral
828002.jpg,elliptical
828023.jpg,elliptical
828040.jpg,irregular
828041.jpg,elliptical
828047.jpg,elliptical
828050.jpg,elliptical
828051.jpg,elliptical
828068.jpg,elliptical
828101.jpg,elliptical
828102.jpg,elliptical
828126.jpg,elliptical
828163.jpg,spiral
828176.jpg,elliptical
828213.jpg,spiral
828255.jpg,elliptical
828265.jpg,spiral
828266.jpg,elliptical
828319.jpg,elliptical
828323.jpg,elliptical
828335.jpg,spiral
828350.jpg,elliptical
828410.jpg,spiral
828417.jpg,irregular
828438.jpg,elliptical
828440.jpg,irregular
828441.jpg,irregular
828483.jpg,irregular
828496.jpg,spiral
828497.jpg,spiral
828551.jpg,spiral
828552.jpg,elliptical
828614.jpg,elliptical
828636.jpg,irregular
828642.jpg,elliptical
828686.jpg,elliptical
828696.jpg,irregular
828739.jpg,irregular
828744.jpg,elliptical
828777.jpg,elliptical
828819.jpg,elliptical
828836.jpg,elliptical
828854.jpg,irregular
828881.jpg,spiral
828883.jpg,elliptical
828901.jpg,spiral
828930.jpg,elliptical
828947.jpg,elliptical
828971.jpg,elliptical
829014.jpg,elliptical
829018.jpg,irregular
829024.jpg,elliptical
829025.jpg,elliptical
829044.jpg,elliptical
829060.jpg,spiral
829081.jpg,irregular
829098.jpg,elliptical
829100.jpg,irregular
829145.jpg,elliptical
829154.jpg,elliptical
829177.jpg,elliptical
829212.jpg,elliptical
829225.jpg,irregular
829230.jpg,elliptical
829232.jpg,irregular
829235.jpg,irregular
829236.jpg,elliptical
829242.jpg,elliptical
829266.jpg,elliptical
829278.jpg,elliptical
829293.jpg,elliptical
829301.jpg,elliptical
829310.jpg,elliptical
829321.jpg,irregular
829323.jpg,elliptical
829327.jpg,elliptical
829341.jpg,elliptical
829345.jpg,spiral
829401.jpg,irregular
829409.jpg,elliptical
829441.jpg,elliptical
829446.jpg,irregular
829448.jpg,elliptical
829454.jpg,elliptical
829469.jpg,elliptical
829487.jpg,spiral
829515.jpg,elliptical
829544.jpg,elliptical
829550.jpg,irregular
829553.jpg,elliptical
829566.jpg,spiral
829570.jpg,irregular
829605.jpg,elliptical
829641.jpg,elliptical
829674.jpg,irregular
829675.jpg,elliptical
829728.jpg,elliptical
829766.jpg,elliptical
829770.jpg,irregular
829890.jpg,spiral
829898.jpg,elliptical
829910.jpg,spiral
829911.jpg,elliptical
829913.jpg,elliptical
829943.jpg,elliptical
829951.jpg,elliptical
829952.jpg,irregular
829972.jpg,irregular
829979.jpg,elliptical
829984.jpg,elliptical
829996.jpg,elliptical
830040.jpg,elliptical
830050.jpg,spiral
830059.jpg,elliptical
830080.jpg,irregular
830095.jpg,elliptical
830119.jpg,elliptical
830136.jpg,elliptical
830137.jpg,elliptical
830158.jpg,elliptical
830160.jpg,elliptical
830211.jpg,elliptical
830223.jpg,spiral
830227.jpg,spiral
830229.jpg,elliptical
830277.jpg,irregular
830287.jpg,elliptical
830302.jpg,spiral
830324.jpg,spiral
830383.jpg,elliptical
830401.jpg,elliptical
830405.jpg,elliptical
830417.jpg,elliptical
830428.jpg,spiral
830464.jpg,elliptical
830465.jpg,irregular
830494.jpg,irregular
830498.jpg,elliptical
830516.jpg,elliptical
830581.jpg,spiral
830615.jpg,elliptical
830647.jpg,elliptical
830662.jpg,elliptical
830710.jpg,spiral
830740.jpg,spiral
830792.jpg,elliptical
830795.jpg,spiral
830812.jpg,elliptical
830817.jpg,elliptical
830845.jpg,irregular
830850.jpg,elliptical
830856.jpg,elliptical
830868.jpg,elliptical
830916.jpg,elliptical
830936.jpg,irregular
830938.jpg,spiral
830956.jpg,elliptical
830986.jpg,spiral
830989.jpg,elliptical
831014.jpg,irregular
831024.jpg,irregular
831030.jpg,elliptical
831036.jpg,elliptical
831039.jpg,elliptical
831065.jpg,spiral
831067.jpg,irregular
831093.jpg,elliptical
831111.jpg,elliptical
831215.jpg,irregular
831240.jpg,elliptical
831280.jpg,elliptical
831305.jpg,elliptical
831307.jpg,elliptical
831313.jpg,elliptical
831319.jpg,elliptical
831324.jpg,elliptical
831326.jpg,irregular
831357.jpg,elliptical
831378.jpg,elliptical
831380.jpg,elliptical
831397.jpg,elliptical
831405.jpg,irregular
831421.jpg,spiral
831444.jpg,elliptical
831457.jpg,elliptical
831532.jpg,irregular
831557.jpg,elliptical
831574.jpg,elliptical
831577.jpg,elliptical
831599.jpg,spiral
831619.jpg,elliptical
831636.jpg,irregular
831691.jpg,irregular
831704.jpg,irregular
831739.jpg,irregular
831743.jpg,elliptical
831771.jpg,elliptical
831780.jpg,elliptical
831805.jpg,irregular
831806.jpg,elliptical
831845.jpg,elliptical
831895.jpg,spiral
831946.jpg,spiral
831955.jpg,spiral
832019.jpg,elliptical
832043.jpg,irregular
832044.jpg,elliptical
832071.jpg,spiral
832081.jpg,elliptical
832094.jpg,elliptical
832100.jpg,spiral
832115.jpg,irregular
832126.jpg,spiral
832160.jpg,irregular
832232.jpg,spiral
832252.jpg,elliptical
832291.jpg,spiral
832305.jpg,spiral
832333.jpg,irregular
832337.jpg,elliptical
832356.jpg,elliptical
832357.jpg,elliptical
832359.jpg,elliptical
832376.jpg,elliptical
832408.jpg,irregular
832461.jpg,elliptical
832478.jpg,elliptical
832533.jpg,irregular
832538.jpg,elliptical
832558.jpg,elliptical
832583.jpg,elliptical
832584.jpg,irregular
832592.jpg,irregular
832617.jpg,elliptical
832639.jpg,irregular
832649.jpg,spiral
832685.jpg,spiral
832720.jpg,elliptical
832726.jpg,spiral
832729.jpg,spiral
832742.jpg,elliptical
832792.jpg,irregular
832800.jpg,spiral
832881.jpg,irregular
832926.jpg,elliptical
832942.jpg,elliptical
832989.jpg,elliptical
833015.jpg,elliptical
833033.jpg,irregular
833040.jpg,elliptical
833045.jpg,spiral
833049.jpg,irregular
833078.jpg,elliptical
833082.jpg,elliptical
833170.jpg,elliptical
833171.jpg,irregular
833193.jpg,spiral
833197.jpg,irregular
833202.jpg,spiral
833273.jpg,elliptical
833275.jpg,elliptical
833368.jpg,elliptical
833371.jpg,spiral
833383.jpg,elliptical
833398.jpg,irregular
833405.jpg,elliptical
833406.jpg,elliptical
833422.jpg,irregular
833443.jpg,elliptical
833470.jpg,spiral
833481.jpg,spiral
833484.jpg,irregular
833497.jpg,elliptical
833501.jpg,elliptical
833504.jpg,irregular
833559.jpg,elliptical
833632.jpg,spiral
833636.jpg,elliptical
833685.jpg,elliptical
833688.jpg,irregular
833723.jpg,irregular
833725.jpg,spiral
833730.jpg,elliptical
833743.jpg,irregular
833756.jpg,irregular
833758.jpg,elliptical
833760.jpg,elliptical
833778.jpg,elliptical
833795.jpg,spiral
833810.jpg,elliptical
833858.jpg,spiral
833860.jpg,elliptical
833866.jpg,elliptical
833885.jpg,spiral
833895.jpg,spiral
833908.jpg,elliptical
833946.jpg,irregular
833947.jpg,irregular
833955.jpg,elliptical
833956.jpg,elliptical
833963.jpg,elliptical
833989.jpg,irregular
834041.jpg,elliptical
834060.jpg,elliptical
834123.jpg,irregular
834137.jpg,elliptical
834180.jpg,irregular
834257.jpg,elliptical
834333.jpg,irregular
834336.jpg,elliptical
834349.jpg,elliptical
834360.jpg,spiral
834376.jpg,irregular
834387.jpg,elliptical
834402.jpg,elliptical
834411.jpg,spiral
834418.jpg,elliptical
834435.jpg,irregular
834444.jpg,irregular
834508.jpg,irregular
834534.jpg,elliptical
834542.jpg,elliptical
834562.jpg,elliptical
834563.jpg,elliptical
834582.jpg,spiral
834624.jpg,irregular
834629.jpg,elliptical
834646.jpg,spiral
834649.jpg,spiral
834666.jpg,spiral
834678.jpg,irregular
834720.jpg,elliptical
834735.jpg,elliptical
834759.jpg,elliptical
834796.jpg,elliptical
834824.jpg,elliptical
834842.jpg,elliptical
834871.jpg,irregular
834887.jpg,elliptical
834909.jpg,elliptical
834924.jpg,elliptical
834954.jpg,spiral
834971.jpg,elliptical
835000.jpg,elliptical
835007.jpg,elliptical
835015.jpg,elliptical
835035.jpg,irregular
835072.jpg,elliptical
835099.jpg,spiral
835116.jpg,spiral
835126.jpg,spiral
835170.jpg,elliptical
835180.jpg,elliptical
835211.jpg,irregular
835216.jpg,irregular
835226.jpg,elliptical
835233.jpg,irregular
835246.jpg,spiral
835255.jpg,irregular
835279.jpg,irregular
835280.jpg,elliptical
835302.jpg,elliptical
835395.jpg,elliptical
835416.jpg,elliptical
835444.jpg,irregular
835471.jpg,elliptical
835481.jpg,elliptical
835488.jpg,spiral
835505.jpg,elliptical
835515.jpg,elliptical
835562.jpg,irregular
835582.jpg,elliptical
835587.jpg,elliptical
835605.jpg,elliptical
835615.jpg,elliptical
835620.jpg,irregular
835645.jpg,elliptical
835660.jpg,spiral
835676.jpg,irregular
835705.jpg,elliptical
835760.jpg,spiral
835776.jpg,spiral
835807.jpg,elliptical
835842.jpg,irregular
835907.jpg,spiral
835910.jpg,spiral
835939.jpg,spiral
835950.jpg,spiral
835985.jpg,spiral
836008.jpg,spiral
836068.jpg,spiral
836079.jpg,elliptical
836081.jpg,spiral
836091.jpg,irregular
836126.jpg,elliptical
836150.jpg,spiral
836152.jpg,irregular
836153.jpg,elliptical
836154.jpg,elliptical
836179.jpg,elliptical
836267.jpg,elliptical
836272.jpg,elliptical
836298.jpg,elliptical
836344.jpg,elliptical
836358.jpg,spiral
836363.jpg,irregular
836367.jpg,elliptical
836383.jpg,irregular
836435.jpg,irregular
836438.jpg,spiral
836488.jpg,elliptical
836559.jpg,elliptical
836580.jpg,elliptical
836654.jpg,elliptical
836660.jpg,elliptical
836723.jpg,elliptical
836818.jpg,elliptical
836828.jpg,elliptical
836833.jpg,elliptical
836865.jpg,elliptical
836870.jpg,elliptical
836872.jpg,spiral
836902.jpg,elliptical
836911.jpg,irregular
836924.jpg,elliptical
836938.jpg,spiral
836950.jpg,irregular
836951.jpg,elliptical
836976.jpg,elliptical
836984.jpg,elliptical
836990.jpg,elliptical
836998.jpg,elliptical
837016.jpg,elliptical
837020.jpg,spiral
837046.jpg,elliptical
837100.jpg,elliptical
837114.jpg,spiral
837138.jpg,irregular
837147.jpg,elliptical
837150.jpg,elliptical
837162.jpg,elliptical
837203.jpg,spiral
837210.jpg,spiral
837224.jpg,spiral
837246.jpg,elliptical
837276.jpg,elliptical
837281.jpg,elliptical
837282.jpg,elliptical
837360.jpg,elliptical
837361.jpg,elliptical
837364.jpg,elliptical
837368.jpg,spiral
837370.jpg,spiral
837377.jpg,elliptical
837386.jpg,elliptical
837396.jpg,elliptical
837409.jpg,spiral
837443.jpg,elliptical
837470.jpg,spiral
837516.jpg,spiral
837538.jpg,elliptical
837564.jpg,elliptical
837573.jpg,spiral
837607.jpg,elliptical
837638.jpg,spiral
837667.jpg,elliptical
837668.jpg,irregular
837702.jpg,elliptical
837720.jpg,elliptical
837725.jpg,elliptical
837746.jpg,irregular
837826.jpg,elliptical
837862.jpg,elliptical
837864.jpg,irregular
837915.jpg,elliptical
837930.jpg,elliptical
837934.jpg,spiral
837944.jpg,elliptical
837984.jpg,elliptical
837998.jpg,elliptical
838009.jpg,elliptical
838017.jpg,spiral
838018.jpg,elliptical
838054.jpg,irregular
838060.jpg,elliptical
838069.jpg,irregular
838084.jpg,spiral
838136.jpg,elliptical
838142.jpg,elliptical
838145.jpg,elliptical
838183.jpg,spiral
838281.jpg,spiral
838313.jpg,elliptical
838322.jpg,elliptical
838332.jpg,irregular
838384.jpg,elliptical
838389.jpg,spiral
838403.jpg,elliptical
838423.jpg,irregular
838449.jpg,spiral
838467.jpg,elliptical
838503.jpg,irregular
838545.jpg,elliptical
838570.jpg,irregular
838612.jpg,spiral
838627.jpg,elliptical
838662.jpg,irregular
838671.jpg,spiral
838673.jpg,spiral
838696.jpg,elliptical
838770.jpg,elliptical
838777.jpg,irregular
838789.jpg,elliptical
838792.jpg,spiral
838808.jpg,elliptical
838824.jpg,elliptical
838838.jpg,irregular
838842.jpg,elliptical
838851.jpg,elliptical
838881.jpg,elliptical
838885.jpg,elliptical
838914.jpg,elliptical
838932.jpg,spiral
838970.jpg,elliptical
838977.jpg,irregular
838997.jpg,spiral
839033.jpg,spiral
839037.jpg,elliptical
839048.jpg,spiral
839051.jpg,elliptical
839099.jpg,elliptical
839190.jpg,elliptical
839230.jpg,spiral
839293.jpg,spiral
839326.jpg,elliptical
839343.jpg,spiral
839372.jpg,elliptical
839431.jpg,spiral
839488.jpg,elliptical
839496.jpg,elliptical
839509.jpg,irregular
839536.jpg,spiral
839538.jpg,elliptical
839541.jpg,irregular
839565.jpg,spiral
839575.jpg,elliptical
839645.jpg,elliptical
839648.jpg,elliptical
839658.jpg,spiral
839672.jpg,irregular
839676.jpg,spiral
839704.jpg,spiral
839707.jpg,elliptical
839752.jpg,irregular
839756.jpg,elliptical
839790.jpg,spiral
839795.jpg,elliptical
839797.jpg,spiral
839801.jpg,spiral
839804.jpg,spiral
839821.jpg,elliptical
839827.jpg,spiral
839829.jpg,elliptical
839900.jpg,spiral
839902.jpg,elliptical
839942.jpg,elliptical
839987.jpg,spiral
839989.jpg,spiral
839991.jpg,elliptical
839993.jpg,elliptical
840028.jpg,irregular
840051.jpg,spiral
840062.jpg,elliptical
840069.jpg,spiral
840071.jpg,spiral
840105.jpg,irregular
840110.jpg,elliptical
840158.jpg,spiral
840165.jpg,elliptical
840168.jpg,elliptical
840194.jpg,spiral
840218.jpg,elliptical
840249.jpg,elliptical
840263.jpg,elliptical
840273.jpg,elliptical
840278.jpg,elliptical
840280.jpg,elliptical
840286.jpg,spiral
840301.jpg,elliptical
840322.jpg,elliptical
840332.jpg,irregular
840336.jpg,elliptical
840349.jpg,elliptical
840432.jpg,elliptical
840441.jpg,irregular
840443.jpg,irregular
840460.jpg,elliptical
840493.jpg,irregular
840563.jpg,elliptical
840611.jpg,irregular
840628.jpg,elliptical
840651.jpg,spiral
840668.jpg,spiral
840676.jpg,elliptical
840785.jpg,elliptical
840799.jpg,elliptical
840800.jpg,irregular
840813.jpg,spiral
840816.jpg,elliptical
840822.jpg,spiral
840841.jpg,spiral
840855.jpg,irregular
840856.jpg,elliptical
840892.jpg,spiral
840914.jpg,spiral
840939.jpg,elliptical
840958.jpg,elliptical
841010.jpg,elliptical
841085.jpg,spiral
841104.jpg,elliptical
841118.jpg,spiral
841119.jpg,spiral
841139.jpg,elliptical
841143.jpg,elliptical
841148.jpg,elliptical
841149.jpg,spiral
841198.jpg,elliptical
841211.jpg,irregular
841215.jpg,elliptical
841234.jpg,irregular
841245.jpg,elliptical
841283.jpg,elliptical
841286.jpg,elliptical
841309.jpg,irregular
841319.jpg,elliptical
841333.jpg,elliptical
841342.jpg,elliptical
841377.jpg,elliptical
841420.jpg,elliptical
841429.jpg,irregular
841445.jpg,elliptical
841467.jpg,elliptical
841484.jpg,elliptical
841493.jpg,spiral
841502.jpg,elliptical
841504.jpg,elliptical
841523.jpg,irregular
841524.jpg,elliptical
841533.jpg,elliptical
841537.jpg,spiral
841580.jpg,irregular
841593.jpg,spiral
841620.jpg,elliptical
841658.jpg,elliptical
841676.jpg,elliptical
841697.jpg,elliptical
841729.jpg,elliptical
841730.jpg,elliptical
841763.jpg,irregular
841770.jpg,spiral
841783.jpg,irregular
841793.jpg,elliptical
841797.jpg,spiral
841802.jpg,irregular
841809.jpg,spiral
841885.jpg,elliptical
841926.jpg,elliptical
841964.jpg,elliptical
841988.jpg,elliptical
841989.jpg,elliptical
841991.jpg,elliptical
842004.jpg,elliptical
842021.jpg,elliptical
842062.jpg,spiral
842089.jpg,elliptical
842108.jpg,spiral
842128.jpg,elliptical
842137.jpg,spiral
842162.jpg,spiral
842167.jpg,elliptical
842207.jpg,elliptical
842235.jpg,elliptical
842242.jpg,elliptical
842243.jpg,irregular
842244.jpg,irregular
842251.jpg,elliptical
842262.jpg,elliptical
842264.jpg,elliptical
842315.jpg,irregular
842337.jpg,elliptical
842357.jpg,irregular
842361.jpg,elliptical
842378.jpg,elliptical
842387.jpg,spiral
842397.jpg,elliptical
842398.jpg,irregular
842419.jpg,irregular
842425.jpg,elliptical
842471.jpg,elliptical
842517.jpg,elliptical
842521.jpg,spiral
842524.jpg,elliptical
842571.jpg,spiral
842583.jpg,elliptical
842586.jpg,elliptical
842642.jpg,spiral
842657.jpg,elliptical
842663.jpg,elliptical
842675.jpg,elliptical
842706.jpg,spiral
842708.jpg,elliptical
842710.jpg,irregular
842771.jpg,elliptical
842794.jpg,irregular
842795.jpg,irregular
842805.jpg,elliptical
842835.jpg,elliptical
842848.jpg,spiral
842873.jpg,spiral
842903.jpg,elliptical
842937.jpg,elliptical
842954.jpg,spiral
842966.jpg,elliptical
842970.jpg,spiral
842974.jpg,spiral
842998.jpg,elliptical
843016.jpg,spiral
843052.jpg,elliptical
843054.jpg,irregular
843090.jpg,elliptical
843095.jpg,irregular
843107.jpg,elliptical
843140.jpg,elliptical
843185.jpg,elliptical
843201.jpg,elliptical
843216.jpg,elliptical
843322.jpg,elliptical
843366.jpg,elliptical
843419.jpg,elliptical
843423.jpg,elliptical
843431.jpg,spiral
843448.jpg,elliptical
843449.jpg,elliptical
843452.jpg,spiral
843471.jpg,spiral
843477.jpg,elliptical
843505.jpg,spiral
843506.jpg,irregular
843516.jpg,irregular
843556.jpg,elliptical
843579.jpg,elliptical
843620.jpg,elliptical
843626.jpg,elliptical
843649.jpg,elliptical
843678.jpg,elliptical
843715.jpg,elliptical
843721.jpg,elliptical
843729.jpg,irregular
843745.jpg,elliptical
843747.jpg,elliptical
843791.jpg,elliptical
843800.jpg,spiral
843821.jpg,elliptical
843857.jpg,elliptical
843880.jpg,elliptical
843890.jpg,elliptical
843921.jpg,elliptical
844006.jpg,irregular
844017.jpg,spiral
844058.jpg,elliptical
844075.jpg,irregular
844088.jpg,elliptical
844136.jpg,spiral
844148.jpg,elliptical
844158.jpg,spiral
844164.jpg,irregular
844182.jpg,spiral
844218.jpg,irregular
844234.jpg,elliptical
844235.jpg,spiral
844253.jpg,elliptical
844254.jpg,elliptical
844315.jpg,elliptical
844371.jpg,spiral
844373.jpg,irregular
844386.jpg,elliptical
844387.jpg,spiral
844399.jpg,spiral
844404.jpg,elliptical
844448.jpg,elliptical
844460.jpg,elliptical
844491.jpg,irregular
844524.jpg,irregular
844534.jpg,elliptical
844543.jpg,elliptical
844548.jpg,elliptical
844551.jpg,spiral
844589.jpg,irregular
844618.jpg,irregular
844625.jpg,irregular
844629.jpg,elliptical
844633.jpg,elliptical
844639.jpg,elliptical
844684.jpg,irregular
844709.jpg,elliptical
844775.jpg,irregular
844791.jpg,elliptical
844841.jpg,irregular
844855.jpg,spiral
844865.jpg,irregular
844891.jpg,elliptical
844908.jpg,spiral
844951.jpg,elliptical
844956.jpg,elliptical
844963.jpg,elliptical
845032.jpg,elliptical
845043.jpg,elliptical
845064.jpg,elliptical
845074.jpg,irregular
845082.jpg,elliptical
845093.jpg,elliptical
845099.jpg,elliptical
845110.jpg,elliptical
845126.jpg,elliptical
845171.jpg,elliptical
845177.jpg,elliptical
845178.jpg,elliptical
845181.jpg,elliptical
845192.jpg,elliptical
845206.jpg,elliptical
845259.jpg,elliptical
845277.jpg,elliptical
845295.jpg,elliptical
845319.jpg,spiral
845336.jpg,elliptical
845361.jpg,elliptical
845368.jpg,elliptical
845380.jpg,elliptical
845398.jpg,irregular
845427.jpg,irregular
845452.jpg,elliptical
845480.jpg,irregular
845582.jpg,irregular
845596.jpg,elliptical
845601.jpg,elliptical
845612.jpg,elliptical
845613.jpg,spiral
845626.jpg,elliptical
845650.jpg,elliptical
845653.jpg,spiral
845695.jpg,elliptical
845698.jpg,irregular
845716.jpg,spiral
845743.jpg,elliptical
845746.jpg,elliptical
845842.jpg,elliptical
845855.jpg,elliptical
845872.jpg,elliptical
845894.jpg,irregular
845925.jpg,elliptical
845931.jpg,elliptical
845941.jpg,elliptical
845948.jpg,spiral
845949.jpg,spiral
845950.jpg,irregular
846017.jpg,spiral
846031.jpg,elliptical
846035.jpg,spiral
846037.jpg,elliptical
846048.jpg,irregular
846192.jpg,elliptical
846203.jpg,spiral
846222.jpg,spiral
846245.jpg,elliptical
846251.jpg,elliptical
846267.jpg,irregular
846292.jpg,irregular
846307.jpg,elliptical
846308.jpg,irregular
846314.jpg,irregular
846338.jpg,spiral
846366.jpg,elliptical
846397.jpg,spiral
846404.jpg,elliptical
846440.jpg,irregular
846457.jpg,elliptical
846482.jpg,spiral
846484.jpg,elliptical
846502.jpg,irregular
846529.jpg,elliptical
846628.jpg,elliptical
846638.jpg,elliptical
846653.jpg,spiral
846659.jpg,spiral
846708.jpg,elliptical
846728.jpg,spiral
846773.jpg,irregular
846787.jpg,elliptical
846789.jpg,irregular
846802.jpg,elliptical
846817.jpg,spiral
846835.jpg,elliptical
846881.jpg,irregular
846886.jpg,elliptical
846888.jpg,spiral
846897.jpg,elliptical
846907.jpg,elliptical
846916.jpg,elliptical
846968.jpg,spiral
846971.jpg,irregular
847000.jpg,elliptical
847004.jpg,irregular
847005.jpg,elliptical
847016.jpg,elliptical
847113.jpg,elliptical
847126.jpg,elliptical
847171.jpg,spiral
847191.jpg,elliptical
847231.jpg,spiral
847249.jpg,spiral
847258.jpg,elliptical
847286.jpg,elliptical
847320.jpg,spiral
847323.jpg,elliptical
847349.jpg,elliptical
847351.jpg,irregular
847354.jpg,elliptical
847373.jpg,spiral
847395.jpg,elliptical
847422.jpg,elliptical
847423.jpg,spiral
847431.jpg,elliptical
847433.jpg,spiral
847440.jpg,irregular
847443.jpg,elliptical
847450.jpg,spiral
847476.jpg,spiral
847480.jpg,spiral
847542.jpg,elliptical
847552.jpg,elliptical
847569.jpg,elliptical
847612.jpg,elliptical
847657.jpg,elliptical
847665.jpg,irregular
847690.jpg,elliptical
847741.jpg,elliptical
847754.jpg,elliptical
847827.jpg,elliptical
847852.jpg,spiral
847862.jpg,elliptical
847885.jpg,spiral
847947.jpg,elliptical
847995.jpg,spiral
848023.jpg,elliptical
848032.jpg,irregular
848034.jpg,elliptical
848040.jpg,spiral
848055.jpg,spiral
848059.jpg,elliptical
848065.jpg,elliptical
848145.jpg,elliptical
848201.jpg,spiral
848209.jpg,irregular
848222.jpg,elliptical
848245.jpg,elliptical
848377.jpg,irregular
848385.jpg,irregular
848439.jpg,spiral
848450.jpg,irregular
848488.jpg,spiral
848492.jpg,elliptical
848497.jpg,elliptical
848502.jpg,elliptical
848521.jpg,elliptical
848530.jpg,spiral
848551.jpg,spiral
848586.jpg,irregular
848590.jpg,irregular
848594.jpg,elliptical
848617.jpg,elliptical
848641.jpg,irregular
848683.jpg,spiral
848714.jpg,elliptical
848765.jpg,irregular
848772.jpg,elliptical
848789.jpg,elliptical
848803.jpg,spiral
848818.jpg,irregular
848820.jpg,elliptical
848853.jpg,irregular
848867.jpg,irregular
848872.jpg,irregular
848893.jpg,elliptical
848895.jpg,spiral
848931.jpg,irregular
848945.jpg,elliptical
848953.jpg,irregular
848960.jpg,irregular
848985.jpg,elliptical
848986.jpg,elliptical
849029.jpg,elliptical
849036.jpg,spiral
849058.jpg,spiral
849066.jpg,irregular
849073.jpg,spiral
849139.jpg,elliptical
849147.jpg,elliptical
849174.jpg,irregular
849211.jpg,elliptical
849249.jpg,elliptical
849278.jpg,elliptical
849295.jpg,elliptical
849323.jpg,irregular
849328.jpg,elliptical
849409.jpg,elliptical
849458.jpg,elliptical
849477.jpg,irregular
849499.jpg,elliptical
849511.jpg,irregular
849543.jpg,irregular
849624.jpg,spiral
849645.jpg,elliptical
849647.jpg,elliptical
849661.jpg,elliptical
849695.jpg,elliptical
849709.jpg,irregular
849714.jpg,spiral
849716.jpg,spiral
849717.jpg,elliptical
849719.jpg,spiral
849750.jpg,irregular
849756.jpg,elliptical
849785.jpg,irregular
849814.jpg,elliptical
849823.jpg,elliptical
849854.jpg,elliptical
849864.jpg,spiral
849916.jpg,irregular
849922.jpg,elliptical
849996.jpg,elliptical
850002.jpg,elliptical
850023.jpg,elliptical
850035.jpg,spiral
850054.jpg,spiral
850065.jpg,spiral
850072.jpg,elliptical
850073.jpg,elliptical
850075.jpg,elliptical
850080.jpg,spiral
850111.jpg,spiral
850120.jpg,elliptical
850130.jpg,spiral
850161.jpg,spiral
850167.jpg,elliptical
850180.jpg,elliptical
850199.jpg,elliptical
850209.jpg,elliptical
850214.jpg,elliptical
850236.jpg,spiral
850270.jpg,spiral
850273.jpg,elliptical
850277.jpg,spiral
850339.jpg,elliptical
850358.jpg,spiral
850367.jpg,elliptical
850378.jpg,irregular
850380.jpg,irregular
850388.jpg,irregular
850395.jpg,irregular
850450.jpg,elliptical
850451.jpg,spiral
850456.jpg,elliptical
850476.jpg,elliptical
850508.jpg,elliptical
850544.jpg,elliptical
850602.jpg,irregular
850629.jpg,elliptical
850657.jpg,elliptical
850674.jpg,elliptical
850676.jpg,irregular
850681.jpg,irregular
850687.jpg,elliptical
850729.jpg,elliptical
850735.jpg,spiral
850754.jpg,elliptical
850818.jpg,elliptical
850850.jpg,irregular
850866.jpg,elliptical
850906.jpg,irregular
850948.jpg,irregular
850952.jpg,elliptical
850958.jpg,elliptical
850967.jpg,elliptical
850973.jpg,elliptical
851025.jpg,elliptical
851026.jpg,spiral
851077.jpg,elliptical
851122.jpg,elliptical
851183.jpg,spiral
851189.jpg,irregular
851230.jpg,spiral
851241.jpg,elliptical
851256.jpg,irregular
851257.jpg,elliptical
851273.jpg,elliptical
851285.jpg,elliptical
851324.jpg,elliptical
851326.jpg,irregular
851335.jpg,elliptical
851345.jpg,elliptical
851348.jpg,elliptical
851353.jpg,elliptical
851371.jpg,irregular
851440.jpg,irregular
851459.jpg,elliptical
851461.jpg,elliptical
851468.jpg,elliptical
851492.jpg,spiral
851494.jpg,elliptical
851554.jpg,irregular
851563.jpg,elliptical
851589.jpg,irregular
851714.jpg,spiral
851716.jpg,irregular
851717.jpg,spiral
851720.jpg,elliptical
851749.jpg,elliptical
851768.jpg,elliptical
851770.jpg,elliptical
851771.jpg,elliptical
851779.jpg,irregular
851804.jpg,spiral
851840.jpg,irregular
851913.jpg,elliptical
851921.jpg,elliptical
851937.jpg,elliptical
851939.jpg,elliptical
851954.jpg,elliptical
851992.jpg,spiral
852021.jpg,elliptical
852048.jpg,elliptical
852080.jpg,spiral
852089.jpg,spiral
852117.jpg,elliptical
852149.jpg,irregular
852151.jpg,elliptical
852166.jpg,elliptical
852197.jpg,elliptical
852210.jpg,spiral
852211.jpg,spiral
852231.jpg,elliptical
852270.jpg,elliptical
852323.jpg,elliptical
852412.jpg,elliptical
852418.jpg,elliptical
852429.jpg,elliptical
852454.jpg,elliptical
852472.jpg,elliptical
852476.jpg,irregular
852489.jpg,irregular
852536.jpg,irregular
852540.jpg,elliptical
852571.jpg,elliptical
852587.jpg,spiral
852690.jpg,elliptical
852820.jpg,spiral
852828.jpg,elliptical
852849.jpg,elliptical
852877.jpg,spiral
852906.jpg,elliptical
852916.jpg,spiral
852925.jpg,elliptical
852930.jpg,spiral
852933.jpg,spiral
852946.jpg,irregular
853004.jpg,elliptical
853009.jpg,elliptical
853016.jpg,elliptical
853037.jpg,elliptical
853040.jpg,elliptical
853051.jpg,elliptical
853108.jpg,irregular
853174.jpg,elliptical
853181.jpg,elliptical
853221.jpg,spiral
853251.jpg,irregular
853266.jpg,elliptical
853373.jpg,elliptical
853514.jpg,elliptical
853518.jpg,elliptical
853522.jpg,irregular
853547.jpg,irregular
853572.jpg,irregular
853598.jpg,irregular
853606.jpg,elliptical
853633.jpg,elliptical
853643.jpg,irregular
853672.jpg,elliptical
853675.jpg,elliptical
853689.jpg,irregular
853700.jpg,elliptical
853701.jpg,elliptical
853720.jpg,spiral
853724.jpg,spiral
853728.jpg,irregular
853754.jpg,elliptical
853788.jpg,spiral
853789.jpg,elliptical
853794.jpg,spiral
853797.jpg,spiral
853817.jpg,elliptical
853891.jpg,elliptical
853899.jpg,elliptical
853943.jpg,elliptical
853989.jpg,elliptical
854002.jpg,irregular
854013.jpg,elliptical
854028.jpg,elliptical
854057.jpg,spiral
854071.jpg,spiral
854084.jpg,irregular
854186.jpg,irregular
854225.jpg,elliptical
854230.jpg,spiral
854231.jpg,elliptical
854254.jpg,irregular
854257.jpg,spiral
854284.jpg,elliptical
854285.jpg,elliptical
854383.jpg,elliptical
854442.jpg,spiral
854451.jpg,elliptical
854454.jpg,elliptical
854485.jpg,elliptical
854491.jpg,spiral
854492.jpg,elliptical
854496.jpg,elliptical
854503.jpg,irregular
854505.jpg,elliptical
854515.jpg,elliptical
854628.jpg,spiral
854663.jpg,irregular
854665.jpg,elliptical
854684.jpg,spiral
854716.jpg,spiral
854718.jpg,elliptical
854752.jpg,elliptical
854766.jpg,irregular
854827.jpg,elliptical
854840.jpg,spiral
854869.jpg,spiral
854871.jpg,irregular
854899.jpg,spiral
854927.jpg,spiral
854938.jpg,elliptical
854941.jpg,elliptical
854944.jpg,spiral
854964.jpg,irregular
855014.jpg,spiral
855027.jpg,elliptical
855073.jpg,elliptical
855081.jpg,spiral
855099.jpg,elliptical
855128.jpg,irregular
855130.jpg,irregular
855141.jpg,elliptical
855148.jpg,elliptical
855153.jpg,irregular
855156.jpg,elliptical
855172.jpg,elliptical
855195.jpg,elliptical
855216.jpg,elliptical
855259.jpg,elliptical
855275.jpg,elliptical
855320.jpg,elliptical
855363.jpg,elliptical
855384.jpg,elliptical
855454.jpg,elliptical
855503.jpg,spiral
855529.jpg,elliptical
855592.jpg,elliptical
855622.jpg,elliptical
855629.jpg,irregular
855674.jpg,elliptical
855677.jpg,irregular
855686.jpg,elliptical
855695.jpg,elliptical
855696.jpg,elliptical
855701.jpg,elliptical
855706.jpg,elliptical
855718.jpg,elliptical
855727.jpg,elliptical
855746.jpg,elliptical
855748.jpg,elliptical
855784.jpg,elliptical
855799.jpg,irregular
855821.jpg,elliptical
855913.jpg,spiral
855922.jpg,spiral
855945.jpg,irregular
855955.jpg,elliptical
855958.jpg,elliptical
855976.jpg,spiral
855978.jpg,spiral
856014.jpg,elliptical
856035.jpg,irregular
856044.jpg,irregular
856091.jpg,elliptical
856101.jpg,spiral
856125.jpg,elliptical
856132.jpg,elliptical
856160.jpg,elliptical
856167.jpg,elliptical
856181.jpg,elliptical
856236.jpg,irregular
856305.jpg,spiral
856311.jpg,elliptical
856320.jpg,elliptical
856342.jpg,spiral
856459.jpg,elliptical
856479.jpg,elliptical
856513.jpg,elliptical
856542.jpg,elliptical
856580.jpg,spiral
856581.jpg,elliptical
856598.jpg,irregular
856606.jpg,elliptical
856609.jpg,irregular
856616.jpg,elliptical
856723.jpg,elliptical
856733.jpg,elliptical
856745.jpg,irregular
856843.jpg,elliptical
856866.jpg,irregular
856879.jpg,elliptical
856892.jpg,elliptical
856913.jpg,elliptical
856915.jpg,spiral
856917.jpg,elliptical
856931.jpg,elliptical
856939.jpg,elliptical
856950.jpg,irregular
856964.jpg,elliptical
856993.jpg,elliptical
856999.jpg,irregular
857029.jpg,elliptical
857044.jpg,elliptical
857064.jpg,elliptical
857148.jpg,elliptical
857185.jpg,spiral
857260.jpg,elliptical
857274.jpg,elliptical
857328.jpg,irregular
857338.jpg,elliptical
857363.jpg,irregular
857383.jpg,elliptical
857392.jpg,elliptical
857413.jpg,elliptical
857422.jpg,irregular
857424.jpg,elliptical
857490.jpg,irregular
857499.jpg,elliptical
857502.jpg,elliptical
857552.jpg,spiral
857582.jpg,irregular
857589.jpg,spiral
857624.jpg,spiral
857630.jpg,elliptical
857663.jpg,elliptical
857693.jpg,elliptical
857705.jpg,elliptical
857724.jpg,elliptical
857728.jpg,elliptical
857729.jpg,elliptical
857739.jpg,elliptical
857749.jpg,elliptical
857765.jpg,elliptical
857800.jpg,elliptical
857827.jpg,elliptical
857867.jpg,elliptical
857883.jpg,spiral
857900.jpg,elliptical
857925.jpg,spiral
857941.jpg,elliptical
857970.jpg,elliptical
857989.jpg,elliptical
857990.jpg,elliptical
858019.jpg,elliptical
858034.jpg,elliptical
858046.jpg,spiral
858071.jpg,elliptical
858076.jpg,spiral
858082.jpg,irregular
858124.jpg,irregular
858160.jpg,elliptical
858172.jpg,elliptical
858183.jpg,elliptical
858186.jpg,spiral
858233.jpg,elliptical
858238.jpg,elliptical
858246.jpg,elliptical
858279.jpg,elliptical
858293.jpg,elliptical
858306.jpg,irregular
858391.jpg,irregular
858404.jpg,elliptical
858432.jpg,elliptical
858468.jpg,elliptical
858471.jpg,irregular
858478.jpg,spiral
858498.jpg,irregular
858533.jpg,spiral
858539.jpg,elliptical
858601.jpg,elliptical
858659.jpg,elliptical
858671.jpg,irregular
858683.jpg,elliptical
858690.jpg,elliptical
858703.jpg,spiral
858714.jpg,elliptical
858734.jpg,spiral
858735.jpg,elliptical
858787.jpg,elliptical
858805.jpg,spiral
858814.jpg,spiral
858845.jpg,elliptical
858858.jpg,elliptical
858885.jpg,elliptical
858906.jpg,irregular
858912.jpg,elliptical
858930.jpg,elliptical
858937.jpg,elliptical
858943.jpg,irregular
858973.jpg,irregular
858976.jpg,elliptical
858984.jpg,elliptical
858993.jpg,spiral
858994.jpg,elliptical
858996.jpg,elliptical
859004.jpg,irregular
859014.jpg,elliptical
859029.jpg,elliptical
859092.jpg,elliptical
859094.jpg,elliptical
859164.jpg,elliptical
859189.jpg,spiral
859203.jpg,irregular
859231.jpg,irregular
859233.jpg,elliptical
859252.jpg,spiral
859301.jpg,spiral
859312.jpg,elliptical
859315.jpg,irregular
859330.jpg,spiral
859338.jpg,elliptical
859377.jpg,elliptical
859379.jpg,elliptical
859382.jpg,irregular
859423.jpg,elliptical
859424.jpg,elliptical
859488.jpg,spiral
859536.jpg,elliptical
859552.jpg,elliptical
859556.jpg,irregular
859575.jpg,elliptical
859633.jpg,elliptical
859652.jpg,elliptical
859671.jpg,spiral
859720.jpg,elliptical
859745.jpg,elliptical
859774.jpg,elliptical
859806.jpg,spiral
859818.jpg,irregular
859837.jpg,spiral
859851.jpg,elliptical
859871.jpg,elliptical
859900.jpg,elliptical
859961.jpg,elliptical
859994.jpg,spiral
860010.jpg,elliptical
860020.jpg,elliptical
860039.jpg,elliptical
860058.jpg,elliptical
860065.jpg,elliptical
860066.jpg,irregular
860067.jpg,elliptical
860069.jpg,elliptical
860104.jpg,irregular
860109.jpg,elliptical
860177.jpg,elliptical
860190.jpg,spiral
860200.jpg,spiral
860245.jpg,elliptical
860257.jpg,elliptical
860292.jpg,elliptical
860313.jpg,irregular
860327.jpg,elliptical
860328.jpg,spiral
860437.jpg,spiral
860472.jpg,elliptical
860478.jpg,elliptical
860487.jpg,spiral
860491.jpg,spiral
860501.jpg,elliptical
860502.jpg,elliptical
860520.jpg,elliptical
860547.jpg,elliptical
860554.jpg,irregular
860571.jpg,irregular
860586.jpg,spiral
860590.jpg,irregular
860591.jpg,irregular
860604.jpg,elliptical
860621.jpg,elliptical
860657.jpg,spiral
860670.jpg,elliptical
860748.jpg,spiral
860756.jpg,elliptical
860759.jpg,spiral
860766.jpg,elliptical
860773.jpg,elliptical
860790.jpg,irregular
860817.jpg,irregular
860872.jpg,elliptical
860893.jpg,elliptical
860993.jpg,elliptical
861004.jpg,elliptical
861006.jpg,irregular
861022.jpg,elliptical
861025.jpg,spiral
861033.jpg,spiral
861036.jpg,irregular
861045.jpg,elliptical
861047.jpg,elliptical
861070.jpg,elliptical
861074.jpg,irregular
861076.jpg,elliptical
861117.jpg,elliptical
861157.jpg,elliptical
861169.jpg,elliptical
861181.jpg,elliptical
861202.jpg,elliptical
861215.jpg,elliptical
861223.jpg,irregular
861297.jpg,irregular
861322.jpg,elliptical
861323.jpg,elliptical
861328.jpg,elliptical
861339.jpg,elliptical
861362.jpg,elliptical
861378.jpg,elliptical
861402.jpg,spiral
861403.jpg,spiral
861424.jpg,elliptical
861460.jpg,elliptical
861484.jpg,irregular
861598.jpg,spiral
861612.jpg,spiral
861619.jpg,irregular
861638.jpg,elliptical
861662.jpg,spiral
861674.jpg,irregular
861711.jpg,spiral
861712.jpg,irregular
861715.jpg,elliptical
861735.jpg,elliptical
861737.jpg,irregular
861748.jpg,spiral
861773.jpg,irregular
861801.jpg,spiral
861813.jpg,elliptical
861851.jpg,elliptical
861855.jpg,irregular
861857.jpg,elliptical
861899.jpg,elliptical
861933.jpg,elliptical
861934.jpg,irregular
861941.jpg,spiral
861950.jpg,elliptical
861957.jpg,elliptical
861986.jpg,elliptical
862022.jpg,irregular
862029.jpg,elliptical
862057.jpg,irregular
862078.jpg,irregular
862083.jpg,irregular
862103.jpg,elliptical
862136.jpg,spiral
862163.jpg,elliptical
862176.jpg,elliptical
862196.jpg,elliptical
862203.jpg,elliptical
862226.jpg,elliptical
862298.jpg,spiral
862322.jpg,spiral
862358.jpg,irregular
862406.jpg,spiral
862498.jpg,elliptical
862518.jpg,irregular
862600.jpg,irregular
862603.jpg,elliptical
862633.jpg,spiral
862665.jpg,elliptical
862684.jpg,elliptical
862686.jpg,spiral
862720.jpg,irregular
862730.jpg,irregular
862757.jpg,irregular
862758.jpg,elliptical
862777.jpg,elliptical
862784.jpg,elliptical
862807.jpg,irregular
862877.jpg,irregular
862893.jpg,spiral
862934.jpg,elliptical
862957.jpg,elliptical
862963.jpg,irregular
862975.jpg,spiral
862991.jpg,elliptical
862993.jpg,irregular
862998.jpg,irregular
863008.jpg,spiral
863136.jpg,spiral
863139.jpg,irregular
863149.jpg,elliptical
863154.jpg,elliptical
863174.jpg,irregular
863232.jpg,elliptical
863266.jpg,elliptical
863269.jpg,elliptical
863301.jpg,irregular
863315.jpg,elliptical
863330.jpg,elliptical
863333.jpg,elliptical
863337.jpg,elliptical
863361.jpg,irregular
863367.jpg,irregular
863368.jpg,spiral
863397.jpg,elliptical
863436.jpg,spiral
863441.jpg,elliptical
863469.jpg,spiral
863516.jpg,irregular
863528.jpg,spiral
863533.jpg,elliptical
863554.jpg,elliptical
863556.jpg,elliptical
863578.jpg,elliptical
863584.jpg,elliptical
863615.jpg,elliptical
863667.jpg,elliptical
863675.jpg,irregular
863679.jpg,irregular
863688.jpg,elliptical
863818.jpg,elliptical
863824.jpg,elliptical
863841.jpg,spiral
863843.jpg,elliptical
863869.jpg,elliptical
863877.jpg,elliptical
863920.jpg,irregular
863924.jpg,elliptical
864023.jpg,elliptical
864052.jpg,elliptical
864086.jpg,spiral
864095.jpg,elliptical
864110.jpg,elliptical
864121.jpg,spiral
864134.jpg,spiral
864144.jpg,elliptical
864183.jpg,spiral
864200.jpg,elliptical
864220.jpg,irregular
864248.jpg,irregular
864255.jpg,irregular
864258.jpg,irregular
864266.jpg,irregular
864267.jpg,elliptical
864274.jpg,elliptical
864282.jpg,elliptical
864344.jpg,elliptical
864371.jpg,irregular
864372.jpg,irregular
864382.jpg,spiral
864460.jpg,elliptical
864490.jpg,irregular
864498.jpg,elliptical
864499.jpg,elliptical
864506.jpg,irregular
864513.jpg,spiral
864519.jpg,elliptical
864528.jpg,elliptical
864589.jpg,elliptical
864603.jpg,elliptical
864605.jpg,elliptical
864614.jpg,irregular
864627.jpg,irregular
864633.jpg,elliptical
864729.jpg,spiral
864734.jpg,elliptical
864749.jpg,elliptical
864781.jpg,irregular
864831.jpg,elliptical
864867.jpg,elliptical
864878.jpg,elliptical
864904.jpg,elliptical
864905.jpg,elliptical
864910.jpg,irregular
864928.jpg,spiral
864960.jpg,elliptical
864977.jpg,irregular
864981.jpg,elliptical
865006.jpg,elliptical
865030.jpg,spiral
865072.jpg,spiral
865081.jpg,elliptical
865086.jpg,elliptical
865090.jpg,irregular
865106.jpg,elliptical
865121.jpg,elliptical
865145.jpg,irregular
865166.jpg,spiral
865178.jpg,irregular
865231.jpg,spiral
865240.jpg,elliptical
865246.jpg,elliptical
865250.jpg,spiral
865258.jpg,irregular
865259.jpg,elliptical
865298.jpg,elliptical
865336.jpg,elliptical
865358.jpg,spiral
865456.jpg,elliptical
865479.jpg,irregular
865528.jpg,spiral
865555.jpg,elliptical
865558.jpg,elliptical
865583.jpg,irregular
865651.jpg,irregular
865669.jpg,spiral
865671.jpg,elliptical
865694.jpg,elliptical
865722.jpg,elliptical
865725.jpg,irregular
865745.jpg,elliptical
865747.jpg,elliptical
865748.jpg,elliptical
865765.jpg,elliptical
865770.jpg,elliptical
865773.jpg,irregular
865792.jpg,elliptical
865835.jpg,elliptical
865842.jpg,elliptical
865899.jpg,spiral
865904.jpg,elliptical
865948.jpg,elliptical
865958.jpg,spiral
865967.jpg,irregular
865978.jpg,spiral
865979.jpg,elliptical
865986.jpg,elliptical
865987.jpg,elliptical
865989.jpg,irregular
866044.jpg,elliptical
866057.jpg,irregular
866100.jpg,elliptical
866129.jpg,irregular
866131.jpg,elliptical
866143.jpg,elliptical
866145.jpg,elliptical
866153.jpg,spiral
866178.jpg,irregular
866240.jpg,irregular
866293.jpg,irregular
866314.jpg,irregular
866331.jpg,elliptical
866345.jpg,elliptical
866367.jpg,elliptical
866381.jpg,spiral
866408.jpg,irregular
866475.jpg,elliptical
866494.jpg,irregular
866500.jpg,spiral
866519.jpg,spiral
866525.jpg,elliptical
866582.jpg,elliptical
866601.jpg,spiral
866629.jpg,elliptical
866639.jpg,elliptical
866654.jpg,irregular
866672.jpg,elliptical
866735.jpg,spiral
866775.jpg,irregular
866809.jpg,elliptical
866833.jpg,spiral
866839.jpg,elliptical
866876.jpg,irregular
866972.jpg,elliptical
866973.jpg,elliptical
866990.jpg,irregular
867054.jpg,elliptical
867134.jpg,elliptical
867187.jpg,elliptical
867234.jpg,elliptical
867235.jpg,elliptical
867245.jpg,irregular
867266.jpg,elliptical
867310.jpg,elliptical
867326.jpg,irregular
867343.jpg,irregular
867347.jpg,elliptical
867454.jpg,irregular
867455.jpg,elliptical
867514.jpg,elliptical
867525.jpg,irregular
867529.jpg,spiral
867541.jpg,elliptical
867590.jpg,elliptical
867597.jpg,elliptical
867601.jpg,elliptical
867626.jpg,elliptical
867630.jpg,elliptical
867639.jpg,irregular
867661.jpg,irregular
867663.jpg,elliptical
867668.jpg,elliptical
867697.jpg,irregular
867699.jpg,irregular
867707.jpg,elliptical
867718.jpg,irregular
867729.jpg,irregular
867748.jpg,spiral
867811.jpg,elliptical
867848.jpg,spiral
867858.jpg,spiral
867869.jpg,irregular
867902.jpg,spiral
867917.jpg,irregular
867936.jpg,spiral
867946.jpg,spiral
867951.jpg,irregular
867960.jpg,spiral
867965.jpg,spiral
867970.jpg,elliptical
868021.jpg,spiral
868040.jpg,elliptical
868069.jpg,elliptical
868095.jpg,elliptical
868111.jpg,elliptical
868135.jpg,elliptical
868161.jpg,elliptical
868184.jpg,spiral
868190.jpg,elliptical
868242.jpg,spiral
868301.jpg,elliptical
868355.jpg,elliptical
868413.jpg,elliptical
868436.jpg,irregular
868448.jpg,elliptical
868510.jpg,elliptical
868515.jpg,irregular
868526.jpg,elliptical
868648.jpg,elliptical
868661.jpg,elliptical
868686.jpg,elliptical
868689.jpg,elliptical
868702.jpg,elliptical
868724.jpg,elliptical
868733.jpg,elliptical
868755.jpg,elliptical
868815.jpg,irregular
868846.jpg,spiral
868921.jpg,irregular
868935.jpg,elliptical
868951.jpg,spiral
868986.jpg,elliptical
869091.jpg,elliptical
869101.jpg,elliptical
869124.jpg,spiral
869136.jpg,elliptical
869177.jpg,spiral
869207.jpg,elliptical
869273.jpg,elliptical
869291.jpg,elliptical
869304.jpg,irregular
869392.jpg,spiral
869406.jpg,spiral
869419.jpg,spiral
869454.jpg,irregular
869466.jpg,elliptical
869473.jpg,irregular
869499.jpg,irregular
869514.jpg,elliptical
869531.jpg,irregular
869532.jpg,irregular
869584.jpg,spiral
869599.jpg,elliptical
869634.jpg,spiral
869645.jpg,elliptical
869665.jpg,spiral
869684.jpg,spiral
869720.jpg,spiral
869724.jpg,elliptical
869743.jpg,spiral
869756.jpg,spiral
869794.jpg,spiral
869809.jpg,elliptical
869822.jpg,elliptical
869839.jpg,irregular
869845.jpg,elliptical
869869.jpg,elliptical
869901.jpg,irregular
869932.jpg,elliptical
869995.jpg,elliptical
870105.jpg,elliptical
870117.jpg,elliptical
870143.jpg,spiral
870150.jpg,elliptical
870199.jpg,irregular
870216.jpg,elliptical
870268.jpg,elliptical
870273.jpg,spiral
870326.jpg,spiral
870338.jpg,irregular
870344.jpg,elliptical
870358.jpg,spiral
870385.jpg,elliptical
870393.jpg,elliptical
870414.jpg,spiral
870437.jpg,elliptical
870485.jpg,elliptical
870522.jpg,irregular
870539.jpg,elliptical
870602.jpg,irregular
870612.jpg,elliptical
870633.jpg,elliptical
870659.jpg,elliptical
870673.jpg,spiral
870685.jpg,elliptical
870713.jpg,elliptical
870724.jpg,spiral
870733.jpg,elliptical
870738.jpg,elliptical
870747.jpg,elliptical
870808.jpg,elliptical
870809.jpg,spiral
870826.jpg,elliptical
870858.jpg,elliptical
870866.jpg,elliptical
870878.jpg,spiral
870889.jpg,elliptical
870901.jpg,spiral
870920.jpg,spiral
870922.jpg,irregular
870942.jpg,elliptical
870955.jpg,elliptical
870970.jpg,elliptical
870977.jpg,irregular
871019.jpg,elliptical
871069.jpg,elliptical
871116.jpg,irregular
871121.jpg,elliptical
871130.jpg,spiral
871156.jpg,irregular
871181.jpg,elliptical
871212.jpg,spiral
871214.jpg,spiral
871222.jpg,spiral
871234.jpg,elliptical
871261.jpg,elliptical
871271.jpg,spiral
871291.jpg,elliptical
871323.jpg,elliptical
871331.jpg,elliptical
871339.jpg,elliptical
871372.jpg,elliptical
871387.jpg,elliptical
871469.jpg,elliptical
871570.jpg,elliptical
871582.jpg,irregular
871610.jpg,spiral
871636.jpg,elliptical
871672.jpg,spiral
871701.jpg,spiral
871742.jpg,elliptical
871753.jpg,elliptical
871760.jpg,spiral
871869.jpg,elliptical
871881.jpg,elliptical
871925.jpg,elliptical
871950.jpg,elliptical
871995.jpg,elliptical
872023.jpg,spiral
872036.jpg,elliptical
872083.jpg,elliptical
872092.jpg,spiral
872140.jpg,elliptical
872166.jpg,spiral
872176.jpg,irregular
872181.jpg,elliptical
872286.jpg,elliptical
872349.jpg,elliptical
872362.jpg,irregular
872379.jpg,elliptical
872514.jpg,spiral
872533.jpg,spiral
872594.jpg,elliptical
872623.jpg,irregular
872647.jpg,spiral
872649.jpg,spiral
872724.jpg,elliptical
872766.jpg,spiral
872777.jpg,elliptical
872792.jpg,irregular
872806.jpg,elliptical
872808.jpg,irregular
872821.jpg,irregular
872839.jpg,spiral
872881.jpg,spiral
873036.jpg,elliptical
873052.jpg,spiral
873060.jpg,elliptical
873084.jpg,elliptical
873088.jpg,irregular
873149.jpg,irregular
873162.jpg,elliptical
873197.jpg,elliptical
873213.jpg,elliptical
873220.jpg,elliptical
873245.jpg,spiral
873272.jpg,elliptical
873344.jpg,elliptical
873360.jpg,elliptical
873362.jpg,elliptical
873416.jpg,irregular
873430.jpg,irregular
873432.jpg,elliptical
873487.jpg,irregular
873519.jpg,spiral
873553.jpg,elliptical
873567.jpg,elliptical
873588.jpg,irregular
873590.jpg,elliptical
873610.jpg,elliptical
873632.jpg,spiral
873647.jpg,elliptical
873652.jpg,elliptical
873672.jpg,elliptical
873688.jpg,elliptical
873690.jpg,elliptical
873715.jpg,elliptical
873725.jpg,irregular
873741.jpg,elliptical
873744.jpg,elliptical
873757.jpg,elliptical
873764.jpg,irregular
873782.jpg,spiral
873784.jpg,irregular
873839.jpg,irregular
873840.jpg,elliptical
873846.jpg,elliptical
873866.jpg,elliptical
873877.jpg,spiral
873903.jpg,spiral
873912.jpg,elliptical
873914.jpg,irregular
873932.jpg,elliptical
873944.jpg,elliptical
873948.jpg,irregular
873962.jpg,irregular
873973.jpg,irregular
874023.jpg,elliptical
874025.jpg,elliptical
874040.jpg,irregular
874106.jpg,elliptical
874128.jpg,irregular
874134.jpg,irregular
874162.jpg,elliptical
874164.jpg,irregular
874193.jpg,elliptical
874216.jpg,elliptical
874239.jpg,spiral
874286.jpg,elliptical
874288.jpg,spiral
874307.jpg,spiral
874317.jpg,irregular
874334.jpg,irregular
874338.jpg,spiral
874349.jpg,irregular
874359.jpg,spiral
874404.jpg,spiral
874406.jpg,irregular
874412.jpg,elliptical
874420.jpg,elliptical
874445.jpg,irregular
874480.jpg,elliptical
874482.jpg,elliptical
874490.jpg,spiral
874497.jpg,elliptical
874503.jpg,spiral
874537.jpg,elliptical
874560.jpg,elliptical
874596.jpg,irregular
874613.jpg,spiral
874630.jpg,elliptical
874639.jpg,irregular
874642.jpg,elliptical
874651.jpg,elliptical
874701.jpg,elliptical
874705.jpg,elliptical
874786.jpg,elliptical
874934.jpg,elliptical
874950.jpg,spiral
874961.jpg,elliptical
875055.jpg,irregular
875070.jpg,elliptical
875111.jpg,elliptical
875127.jpg,elliptical
875138.jpg,elliptical
875155.jpg,spiral
875174.jpg,irregular
875193.jpg,irregular
875198.jpg,spiral
875259.jpg,elliptical
875293.jpg,elliptical
875333.jpg,elliptical
875341.jpg,elliptical
875358.jpg,irregular
875364.jpg,irregular
875368.jpg,spiral
875372.jpg,elliptical
875405.jpg,irregular
875408.jpg,irregular
875411.jpg,irregular
875481.jpg,elliptical
875485.jpg,elliptical
875490.jpg,elliptical
875545.jpg,elliptical
875571.jpg,spiral
875579.jpg,elliptical
875600.jpg,elliptical
875629.jpg,elliptical
875641.jpg,elliptical
875700.jpg,elliptical
875717.jpg,irregular
875848.jpg,irregular
875854.jpg,elliptical
875876.jpg,spiral
875902.jpg,elliptical
875920.jpg,spiral
875941.jpg,elliptical
875955.jpg,spiral
875961.jpg,elliptical
875996.jpg,spiral
876007.jpg,elliptical
876012.jpg,elliptical
876013.jpg,spiral
876049.jpg,elliptical
876067.jpg,elliptical
876074.jpg,elliptical
876085.jpg,elliptical
876115.jpg,elliptical
876125.jpg,irregular
876130.jpg,elliptical
876163.jpg,spiral
876173.jpg,elliptical
876181.jpg,spiral
876234.jpg,elliptical
876245.jpg,spiral
876252.jpg,spiral
876263.jpg,elliptical
876299.jpg,elliptical
876346.jpg,elliptical
876384.jpg,elliptical
876474.jpg,spiral
876479.jpg,irregular
876486.jpg,elliptical
876504.jpg,elliptical
876505.jpg,spiral
876600.jpg,spiral
876616.jpg,spiral
876620.jpg,irregular
876626.jpg,elliptical
876634.jpg,spiral
876647.jpg,elliptical
876686.jpg,irregular
876726.jpg,elliptical
876729.jpg,spiral
876741.jpg,spiral
876802.jpg,elliptical
876808.jpg,elliptical
876833.jpg,spiral
876857.jpg,spiral
876860.jpg,irregular
876878.jpg,elliptical
876920.jpg,elliptical
876955.jpg,elliptical
876959.jpg,elliptical
876989.jpg,spiral
877006.jpg,elliptical
877009.jpg,elliptical
877015.jpg,irregular
877025.jpg,spiral
877039.jpg,elliptical
877046.jpg,elliptical
877081.jpg,elliptical
877091.jpg,spiral
877096.jpg,elliptical
877139.jpg,elliptical
877142.jpg,elliptical
877177.jpg,irregular
877185.jpg,spiral
877265.jpg,spiral
877297.jpg,spiral
877303.jpg,spiral
877321.jpg,elliptical
877327.jpg,irregular
877398.jpg,elliptical
877425.jpg,elliptical
877448.jpg,elliptical
877460.jpg,spiral
877475.jpg,elliptical
877504.jpg,irregular
877520.jpg,elliptical
877600.jpg,elliptical
877618.jpg,irregular
877628.jpg,irregular
877660.jpg,elliptical
877696.jpg,elliptical
877708.jpg,spiral
877768.jpg,elliptical
877791.jpg,elliptical
877793.jpg,elliptical
877804.jpg,spiral
877806.jpg,spiral
877828.jpg,elliptical
877865.jpg,elliptical
877867.jpg,spiral
877879.jpg,elliptical
877907.jpg,elliptical
877909.jpg,elliptical
877924.jpg,elliptical
877930.jpg,irregular
877945.jpg,elliptical
877968.jpg,elliptical
878001.jpg,spiral
878013.jpg,elliptical
878019.jpg,spiral
878051.jpg,irregular
878061.jpg,spiral
878119.jpg,elliptical
878132.jpg,elliptical
878159.jpg,spiral
878177.jpg,elliptical
878188.jpg,elliptical
878194.jpg,elliptical
878199.jpg,elliptical
878239.jpg,spiral
878260.jpg,elliptical
878265.jpg,elliptical
878288.jpg,spiral
878295.jpg,spiral
878298.jpg,irregular
878308.jpg,irregular
878323.jpg,irregular
878326.jpg,elliptical
878337.jpg,elliptical
878340.jpg,elliptical
878360.jpg,elliptical
878368.jpg,elliptical
878376.jpg,spiral
878404.jpg,elliptical
878462.jpg,elliptical
878500.jpg,irregular
878516.jpg,irregular
878531.jpg,elliptical
878565.jpg,spiral
878572.jpg,elliptical
878590.jpg,elliptical
878597.jpg,elliptical
878631.jpg,spiral
878668.jpg,elliptical
878686.jpg,elliptical
878717.jpg,elliptical
878738.jpg,elliptical
878765.jpg,elliptical
878804.jpg,elliptical
878820.jpg,spiral
878824.jpg,elliptical
878825.jpg,irregular
878826.jpg,elliptical
878835.jpg,elliptical
878870.jpg,elliptical
878874.jpg,elliptical
878883.jpg,spiral
878899.jpg,irregular
878905.jpg,irregular
878914.jpg,elliptical
878920.jpg,spiral
878947.jpg,spiral
878967.jpg,spiral
878979.jpg,elliptical
879008.jpg,elliptical
879010.jpg,spiral
879021.jpg,irregular
879025.jpg,irregular
879037.jpg,irregular
879058.jpg,elliptical
879071.jpg,irregular
879074.jpg,spiral
879124.jpg,elliptical
879132.jpg,elliptical
879145.jpg,elliptical
879148.jpg,elliptical
879209.jpg,elliptical
879221.jpg,elliptical
879256.jpg,irregular
879284.jpg,spiral
879329.jpg,elliptical
879362.jpg,irregular
879364.jpg,elliptical
879365.jpg,elliptical
879378.jpg,spiral
879390.jpg,spiral
879404.jpg,elliptical
879411.jpg,elliptical
879464.jpg,elliptical
879481.jpg,irregular
879537.jpg,irregular
879540.jpg,irregular
879544.jpg,elliptical
879585.jpg,elliptical
879591.jpg,irregular
879592.jpg,elliptical
879607.jpg,elliptical
879608.jpg,elliptical
879626.jpg,elliptical
879632.jpg,elliptical
879640.jpg,elliptical
879666.jpg,spiral
879675.jpg,elliptical
879677.jpg,elliptical
879710.jpg,elliptical
879732.jpg,elliptical
879885.jpg,elliptical
879902.jpg,elliptical
879909.jpg,elliptical
879911.jpg,elliptical
879913.jpg,elliptical
879937.jpg,elliptical
879939.jpg,elliptical
879946.jpg,elliptical
879947.jpg,irregular
879998.jpg,spiral
880054.jpg,elliptical
880107.jpg,spiral
880140.jpg,elliptical
880189.jpg,elliptical
880199.jpg,elliptical
880206.jpg,elliptical
880218.jpg,spiral
880227.jpg,irregular
880231.jpg,spiral
880260.jpg,elliptical
880293.jpg,elliptical
880355.jpg,spiral
880357.jpg,irregular
880378.jpg,spiral
880394.jpg,elliptical
880434.jpg,elliptical
880479.jpg,elliptical
880501.jpg,elliptical
880511.jpg,irregular
880514.jpg,irregular
880539.jpg,spiral
880548.jpg,elliptical
880555.jpg,elliptical
880616.jpg,spiral
880628.jpg,spiral
880638.jpg,irregular
880660.jpg,spiral
880679.jpg,elliptical
880686.jpg,elliptical
880703.jpg,elliptical
880706.jpg,irregular
880733.jpg,elliptical
880741.jpg,elliptical
880758.jpg,elliptical
880766.jpg,elliptical
880768.jpg,elliptical
880781.jpg,spiral
880804.jpg,spiral
880821.jpg,irregular
880834.jpg,elliptical
880865.jpg,irregular
880892.jpg,spiral
880901.jpg,spiral
880934.jpg,elliptical
880953.jpg,elliptical
880973.jpg,irregular
880982.jpg,elliptical
880993.jpg,spiral
880995.jpg,elliptical
881016.jpg,elliptical
881079.jpg,elliptical
881087.jpg,irregular
881123.jpg,irregular
881129.jpg,elliptical
881169.jpg,spiral
881182.jpg,spiral
881196.jpg,elliptical
881203.jpg,spiral
881240.jpg,spiral
881267.jpg,elliptical
881279.jpg,elliptical
881312.jpg,elliptical
881317.jpg,elliptical
881324.jpg,spiral
881407.jpg,elliptical
881444.jpg,elliptical
881473.jpg,irregular
881488.jpg,elliptical
881490.jpg,spiral
881510.jpg,elliptical
881512.jpg,irregular
881513.jpg,elliptical
881527.jpg,elliptical
881533.jpg,elliptical
881550.jpg,irregular
881551.jpg,elliptical
881621.jpg,elliptical
881641.jpg,elliptical
881654.jpg,elliptical
881669.jpg,elliptical
881674.jpg,elliptical
881688.jpg,elliptical
881732.jpg,elliptical
881738.jpg,spiral
881743.jpg,elliptical
881787.jpg,elliptical
881792.jpg,elliptical
881811.jpg,spiral
881812.jpg,irregular
881815.jpg,elliptical
881863.jpg,irregular
881925.jpg,spiral
881958.jpg,spiral
882017.jpg,spiral
882030.jpg,irregular
882056.jpg,irregular
882063.jpg,irregular
882072.jpg,spiral
882081.jpg,elliptical
882093.jpg,irregular
882136.jpg,elliptical
882147.jpg,elliptical
882244.jpg,elliptical
882261.jpg,elliptical
882284.jpg,irregular
882286.jpg,elliptical
882296.jpg,irregular
882304.jpg,elliptical
882356.jpg,elliptical
882366.jpg,elliptical
882378.jpg,irregular
882432.jpg,elliptical
882492.jpg,elliptical
882496.jpg,irregular
882503.jpg,elliptical
882506.jpg,spiral
882516.jpg,elliptical
882517.jpg,elliptical
882531.jpg,irregular
882540.jpg,elliptical
882551.jpg,spiral
882602.jpg,irregular
882691.jpg,elliptical
882767.jpg,irregular
882772.jpg,spiral
882773.jpg,elliptical
882774.jpg,irregular
882775.jpg,elliptical
882787.jpg,elliptical
882812.jpg,elliptical
882879.jpg,irregular
882884.jpg,elliptical
882887.jpg,irregular
882942.jpg,elliptical
882954.jpg,elliptical
883039.jpg,irregular
883066.jpg,irregular
883090.jpg,elliptical
883110.jpg,irregular
883121.jpg,spiral
883170.jpg,elliptical
883258.jpg,elliptical
883261.jpg,irregular
883271.jpg,elliptical
883278.jpg,elliptical
883323.jpg,elliptical
883325.jpg,elliptical
883331.jpg,elliptical
883332.jpg,elliptical
883375.jpg,spiral
883383.jpg,elliptical
883411.jpg,spiral
883485.jpg,elliptical
883489.jpg,irregular
883491.jpg,elliptical
883532.jpg,elliptical
883570.jpg,elliptical
883602.jpg,spiral
883645.jpg,elliptical
883667.jpg,irregular
883690.jpg,spiral
883695.jpg,elliptical
883697.jpg,spiral
883707.jpg,elliptical
883751.jpg,spiral
883778.jpg,elliptical
883782.jpg,elliptical
883815.jpg,spiral
883834.jpg,elliptical
883874.jpg,spiral
883910.jpg,spiral
883911.jpg,irregular
883919.jpg,elliptical
883935.jpg,elliptical
883961.jpg,elliptical
883973.jpg,spiral
883977.jpg,elliptical
884015.jpg,irregular
884020.jpg,spiral
884046.jpg,elliptical
884070.jpg,elliptical
884082.jpg,irregular
884126.jpg,elliptical
884175.jpg,elliptical
884182.jpg,elliptical
884216.jpg,spiral
884217.jpg,elliptical
884218.jpg,spiral
884229.jpg,elliptical
884231.jpg,elliptical
884232.jpg,elliptical
884236.jpg,spiral
884242.jpg,elliptical
884255.jpg,spiral
884289.jpg,elliptical
884315.jpg,elliptical
884338.jpg,spiral
884339.jpg,irregular
884356.jpg,elliptical
884380.jpg,elliptical
884396.jpg,spiral
884402.jpg,elliptical
884413.jpg,spiral
884431.jpg,spiral
884441.jpg,elliptical
884450.jpg,spiral
884474.jpg,elliptical
884492.jpg,elliptical
884506.jpg,spiral
884531.jpg,elliptical
884563.jpg,spiral
884565.jpg,elliptical
884583.jpg,elliptical
884598.jpg,elliptical
884610.jpg,spiral
884628.jpg,irregular
884642.jpg,irregular
884714.jpg,elliptical
884838.jpg,elliptical
884853.jpg,irregular
884858.jpg,irregular
884860.jpg,irregular
884883.jpg,elliptical
884885.jpg,elliptical
884889.jpg,spiral
884917.jpg,spiral
884928.jpg,spiral
884936.jpg,irregular
885014.jpg,elliptical
885036.jpg,elliptical
885065.jpg,irregular
885109.jpg,elliptical
885137.jpg,elliptical
885167.jpg,spiral
885221.jpg,irregular
885237.jpg,irregular
885248.jpg,elliptical
885257.jpg,elliptical
885282.jpg,elliptical
885306.jpg,irregular
885342.jpg,elliptical
885353.jpg,spiral
885375.jpg,elliptical
885413.jpg,irregular
885478.jpg,irregular
885512.jpg,elliptical
885532.jpg,spiral
885542.jpg,spiral
885552.jpg,elliptical
885575.jpg,elliptical
885579.jpg,elliptical
885581.jpg,elliptical
885609.jpg,irregular
885616.jpg,irregular
885623.jpg,elliptical
885651.jpg,elliptical
885660.jpg,elliptical
885704.jpg,irregular
885741.jpg,elliptical
885764.jpg,elliptical
885769.jpg,elliptical
885777.jpg,elliptical
885826.jpg,elliptical
885836.jpg,irregular
885853.jpg,elliptical
885945.jpg,elliptical
885979.jpg,elliptical
885984.jpg,elliptical
886013.jpg,spiral
886037.jpg,elliptical
886042.jpg,spiral
886046.jpg,elliptical
886052.jpg,spiral
886075.jpg,elliptical
886091.jpg,elliptical
886094.jpg,elliptical
886119.jpg,elliptical
886130.jpg,elliptical
886170.jpg,elliptical
886194.jpg,elliptical
886214.jpg,spiral
886215.jpg,elliptical
886304.jpg,elliptical
886322.jpg,spiral
886435.jpg,irregular
886438.jpg,elliptical
886442.jpg,irregular
886474.jpg,elliptical
886508.jpg,elliptical
886512.jpg,spiral
886517.jpg,elliptical
886520.jpg,elliptical
886559.jpg,elliptical
886590.jpg,elliptical
886610.jpg,irregular
886621.jpg,elliptical
886627.jpg,elliptical
886629.jpg,irregular
886636.jpg,elliptical
886638.jpg,spiral
886645.jpg,elliptical
886671.jpg,elliptical
886709.jpg,elliptical
886715.jpg,irregular
886753.jpg,elliptical
886825.jpg,elliptical
886836.jpg,elliptical
886892.jpg,irregular
886945.jpg,elliptical
886957.jpg,elliptical
886996.jpg,elliptical
887038.jpg,irregular
887040.jpg,irregular
887052.jpg,spiral
887058.jpg,elliptical
887069.jpg,irregular
887117.jpg,elliptical
887267.jpg,elliptical
887291.jpg,irregular
887292.jpg,spiral
887301.jpg,spiral
887309.jpg,irregular
887331.jpg,elliptical
887353.jpg,elliptical
887359.jpg,elliptical
887379.jpg,irregular
887395.jpg,elliptical
887402.jpg,spiral
887418.jpg,irregular
887426.jpg,spiral
887436.jpg,elliptical
887439.jpg,elliptical
887445.jpg,irregular
887446.jpg,elliptical
887463.jpg,elliptical
887559.jpg,elliptical
887598.jpg,elliptical
887609.jpg,elliptical
887628.jpg,irregular
887634.jpg,spiral
887648.jpg,irregular
887650.jpg,elliptical
887719.jpg,irregular
887724.jpg,elliptical
887727.jpg,spiral
887764.jpg,spiral
887798.jpg,elliptical
887852.jpg,irregular
887854.jpg,elliptical
887888.jpg,elliptical
887895.jpg,irregular
887910.jpg,elliptical
887954.jpg,elliptical
888100.jpg,spiral
888112.jpg,spiral
888155.jpg,elliptical
888170.jpg,elliptical
888238.jpg,elliptical
888245.jpg,elliptical
888282.jpg,elliptical
888294.jpg,elliptical
888311.jpg,elliptical
888357.jpg,elliptical
888380.jpg,elliptical
888452.jpg,elliptical
888502.jpg,elliptical
888529.jpg,irregular
888531.jpg,elliptical
888534.jpg,elliptical
888560.jpg,spiral
888591.jpg,elliptical
888603.jpg,elliptical
888609.jpg,elliptical
888610.jpg,irregular
888615.jpg,irregular
888629.jpg,elliptical
888735.jpg,elliptical
888736.jpg,irregular
888796.jpg,spiral
888803.jpg,elliptical
888827.jpg,elliptical
888828.jpg,elliptical
888847.jpg,irregular
888860.jpg,elliptical
888866.jpg,elliptical
888892.jpg,elliptical
888917.jpg,elliptical
888939.jpg,elliptical
889019.jpg,elliptical
889039.jpg,irregular
889064.jpg,elliptical
889108.jpg,irregular
889135.jpg,spiral
889157.jpg,irregular
889158.jpg,elliptical
889161.jpg,elliptical
889201.jpg,spiral
889219.jpg,elliptical
889225.jpg,spiral
889247.jpg,irregular
889257.jpg,elliptical
889304.jpg,elliptical
889309.jpg,spiral
889313.jpg,spiral
889317.jpg,spiral
889335.jpg,spiral
889337.jpg,elliptical
889345.jpg,elliptical
889367.jpg,elliptical
889379.jpg,spiral
889407.jpg,elliptical
889430.jpg,spiral
889448.jpg,spiral
889470.jpg,elliptical
889496.jpg,spiral
889541.jpg,irregular
889556.jpg,irregular
889574.jpg,elliptical
889576.jpg,elliptical
889601.jpg,elliptical
889645.jpg,elliptical
889649.jpg,spiral
889653.jpg,irregular
889660.jpg,irregular
889661.jpg,spiral
889672.jpg,elliptical
889694.jpg,irregular
889702.jpg,elliptical
889714.jpg,irregular
889743.jpg,irregular
889768.jpg,elliptical
889785.jpg,elliptical
889794.jpg,irregular
889802.jpg,elliptical
889851.jpg,irregular
889854.jpg,spiral
889863.jpg,spiral
889903.jpg,irregular
889912.jpg,elliptical
889915.jpg,spiral
889941.jpg,spiral
889959.jpg,elliptical
890008.jpg,spiral
890010.jpg,elliptical
890066.jpg,elliptical
890087.jpg,irregular
890105.jpg,irregular
890124.jpg,irregular
890147.jpg,elliptical
890199.jpg,elliptical
890211.jpg,elliptical
890279.jpg,spiral
890285.jpg,elliptical
890318.jpg,elliptical
890327.jpg,elliptical
890360.jpg,irregular
890361.jpg,spiral
890362.jpg,elliptical
890383.jpg,elliptical
890415.jpg,spiral
890482.jpg,spiral
890491.jpg,irregular
890517.jpg,elliptical
890518.jpg,elliptical
890525.jpg,irregular
890535.jpg,spiral
890548.jpg,spiral
890559.jpg,elliptical
890577.jpg,elliptical
890602.jpg,elliptical
890608.jpg,spiral
890621.jpg,elliptical
890634.jpg,elliptical
890676.jpg,elliptical
890689.jpg,elliptical
890697.jpg,elliptical
890707.jpg,elliptical
890712.jpg,spiral
890723.jpg,elliptical
890774.jpg,elliptical
890808.jpg,irregular
890839.jpg,elliptical
890882.jpg,elliptical
890889.jpg,elliptical
890921.jpg,elliptical
890947.jpg,spiral
891008.jpg,elliptical
891036.jpg,irregular
891063.jpg,irregular
891093.jpg,spiral
891095.jpg,elliptical
891122.jpg,elliptical
891129.jpg,spiral
891145.jpg,elliptical
891199.jpg,elliptical
891233.jpg,elliptical
891265.jpg,elliptical
891279.jpg,irregular
891301.jpg,spiral
891313.jpg,elliptical
891319.jpg,elliptical
891342.jpg,elliptical
891379.jpg,elliptical
891396.jpg,elliptical
891429.jpg,spiral
891460.jpg,elliptical
891506.jpg,irregular
891520.jpg,elliptical
891530.jpg,elliptical
891535.jpg,elliptical
891540.jpg,irregular
891551.jpg,irregular
891579.jpg,elliptical
891597.jpg,elliptical
891607.jpg,elliptical
891610.jpg,spiral
891693.jpg,elliptical
891705.jpg,irregular
891779.jpg,elliptical
891838.jpg,elliptical
891876.jpg,elliptical
891888.jpg,spiral
891903.jpg,elliptical
891908.jpg,elliptical
891922.jpg,elliptical
891926.jpg,elliptical
891927.jpg,elliptical
891983.jpg,elliptical
891984.jpg,elliptical
892029.jpg,elliptical
892069.jpg,spiral
892094.jpg,spiral
892136.jpg,spiral
892137.jpg,spiral
892154.jpg,elliptical
892168.jpg,elliptical
892169.jpg,spiral
892227.jpg,elliptical
892229.jpg,spiral
892304.jpg,elliptical
892307.jpg,spiral
892313.jpg,elliptical
892340.jpg,spiral
892355.jpg,elliptical
892443.jpg,elliptical
892455.jpg,elliptical
892469.jpg,spiral
892476.jpg,irregular
892507.jpg,irregular
892532.jpg,elliptical
892533.jpg,elliptical
892550.jpg,elliptical
892555.jpg,elliptical
892557.jpg,elliptical
892577.jpg,elliptical
892582.jpg,elliptical
892655.jpg,elliptical
892776.jpg,elliptical
892795.jpg,spiral
892838.jpg,elliptical
892841.jpg,irregular
892855.jpg,elliptical
892862.jpg,elliptical
892883.jpg,elliptical
892904.jpg,elliptical
892926.jpg,spiral
892947.jpg,elliptical
892973.jpg,irregular
893010.jpg,elliptical
893011.jpg,spiral
893022.jpg,elliptical
893038.jpg,spiral
893064.jpg,elliptical
893076.jpg,spiral
893085.jpg,spiral
893087.jpg,irregular
893088.jpg,elliptical
893094.jpg,elliptical
893100.jpg,elliptical
893172.jpg,elliptical
893173.jpg,irregular
893209.jpg,elliptical
893224.jpg,elliptical
893226.jpg,irregular
893234.jpg,elliptical
893249.jpg,elliptical
893291.jpg,elliptical
893341.jpg,elliptical
893353.jpg,irregular
893396.jpg,elliptical
893401.jpg,elliptical
893423.jpg,spiral
893451.jpg,irregular
893495.jpg,irregular
893500.jpg,elliptical
893515.jpg,irregular
893560.jpg,spiral
893652.jpg,elliptical
893653.jpg,elliptical
893659.jpg,elliptical
893660.jpg,elliptical
893677.jpg,elliptical
893706.jpg,elliptical
893714.jpg,elliptical
893717.jpg,irregular
893736.jpg,irregular
893755.jpg,irregular
893768.jpg,irregular
893799.jpg,elliptical
893855.jpg,spiral
893863.jpg,spiral
893904.jpg,spiral
893973.jpg,irregular
893990.jpg,spiral
894029.jpg,elliptical
894043.jpg,elliptical
894092.jpg,elliptical
894114.jpg,spiral
894127.jpg,elliptical
894146.jpg,elliptical
894154.jpg,irregular
894156.jpg,elliptical
894160.jpg,elliptical
894169.jpg,irregular
894195.jpg,elliptical
894233.jpg,elliptical
894251.jpg,irregular
894267.jpg,elliptical
894288.jpg,elliptical
894382.jpg,spiral
894389.jpg,irregular
894478.jpg,irregular
894488.jpg,spiral
894496.jpg,elliptical
894549.jpg,elliptical
894575.jpg,spiral
894605.jpg,elliptical
894612.jpg,elliptical
894625.jpg,spiral
894689.jpg,spiral
894704.jpg,elliptical
894736.jpg,elliptical
894755.jpg,elliptical
894784.jpg,elliptical
894803.jpg,spiral
894811.jpg,elliptical
894860.jpg,elliptical
894910.jpg,elliptical
894931.jpg,elliptical
894938.jpg,irregular
894974.jpg,elliptical
895010.jpg,elliptical
895106.jpg,spiral
895107.jpg,spiral
895125.jpg,irregular
895149.jpg,spiral
895170.jpg,irregular
895199.jpg,elliptical
895229.jpg,elliptical
895233.jpg,elliptical
895300.jpg,elliptical
895374.jpg,irregular
895378.jpg,elliptical
895431.jpg,elliptical
895469.jpg,elliptical
895515.jpg,elliptical
895543.jpg,elliptical
895560.jpg,irregular
895565.jpg,spiral
895589.jpg,spiral
895614.jpg,elliptical
895718.jpg,elliptical
895729.jpg,elliptical
895741.jpg,irregular
895835.jpg,elliptical
895841.jpg,elliptical
895843.jpg,spiral
895846.jpg,elliptical
895878.jpg,irregular
895884.jpg,elliptical
895929.jpg,irregular
895960.jpg,irregular
895977.jpg,spiral
896000.jpg,elliptical
896016.jpg,elliptical
896033.jpg,elliptical
896039.jpg,elliptical
896053.jpg,elliptical
896058.jpg,elliptical
896082.jpg,irregular
896117.jpg,irregular
896120.jpg,elliptical
896126.jpg,elliptical
896213.jpg,elliptical
896218.jpg,elliptical
896247.jpg,elliptical
896249.jpg,elliptical
896255.jpg,elliptical
896265.jpg,elliptical
896271.jpg,elliptical
896345.jpg,spiral
896349.jpg,spiral
896367.jpg,elliptical
896373.jpg,elliptical
896414.jpg,elliptical
896448.jpg,irregular
896473.jpg,irregular
896540.jpg,elliptical
896541.jpg,spiral
896554.jpg,spiral
896686.jpg,elliptical
896687.jpg,irregular
896695.jpg,elliptical
896711.jpg,spiral
896718.jpg,spiral
896764.jpg,elliptical
896826.jpg,spiral
896835.jpg,elliptical
896860.jpg,irregular
896862.jpg,elliptical
896872.jpg,irregular
896897.jpg,elliptical
896931.jpg,elliptical
896937.jpg,spiral
896954.jpg,elliptical
897022.jpg,spiral
897088.jpg,elliptical
897118.jpg,elliptical
897144.jpg,irregular
897151.jpg,elliptical
897154.jpg,elliptical
897250.jpg,elliptical
897252.jpg,elliptical
897265.jpg,irregular
897307.jpg,spiral
897336.jpg,elliptical
897387.jpg,elliptical
897394.jpg,elliptical
897413.jpg,elliptical
897415.jpg,spiral
897499.jpg,elliptical
897505.jpg,elliptical
897529.jpg,spiral
897582.jpg,elliptical
897596.jpg,spiral
897603.jpg,irregular
897615.jpg,irregular
897648.jpg,elliptical
897655.jpg,elliptical
897675.jpg,elliptical
897689.jpg,irregular
897697.jpg,irregular
897701.jpg,elliptical
897703.jpg,spiral
897730.jpg,irregular
897766.jpg,elliptical
897790.jpg,elliptical
897805.jpg,irregular
897813.jpg,elliptical
897834.jpg,spiral
897873.jpg,elliptical
897891.jpg,elliptical
897907.jpg,irregular
897914.jpg,elliptical
897924.jpg,irregular
897939.jpg,elliptical
897944.jpg,spiral
897968.jpg,irregular
898102.jpg,spiral
898110.jpg,elliptical
898164.jpg,elliptical
898195.jpg,elliptical
898198.jpg,irregular
898210.jpg,spiral
898223.jpg,elliptical
898226.jpg,irregular
898228.jpg,elliptical
898239.jpg,elliptical
898259.jpg,elliptical
898310.jpg,elliptical
898334.jpg,elliptical
898344.jpg,elliptical
898362.jpg,elliptical
898364.jpg,spiral
898365.jpg,elliptical
898379.jpg,elliptical
898390.jpg,elliptical
898418.jpg,elliptical
898427.jpg,irregular
898449.jpg,elliptical
898450.jpg,spiral
898468.jpg,elliptical
898500.jpg,irregular
898518.jpg,elliptical
898545.jpg,elliptical
898588.jpg,elliptical
898608.jpg,elliptical
898619.jpg,spiral
898641.jpg,spiral
898644.jpg,elliptical
898658.jpg,irregular
898745.jpg,spiral
898753.jpg,spiral
898765.jpg,spiral
898798.jpg,elliptical
898816.jpg,elliptical
898841.jpg,elliptical
898857.jpg,irregular
898907.jpg,spiral
898909.jpg,elliptical
898950.jpg,spiral
899013.jpg,spiral
899069.jpg,irregular
899128.jpg,spiral
899144.jpg,elliptical
899152.jpg,elliptical
899154.jpg,elliptical
899164.jpg,irregular
899165.jpg,spiral
899203.jpg,elliptical
899241.jpg,elliptical
899248.jpg,irregular
899258.jpg,elliptical
899302.jpg,irregular
899303.jpg,elliptical
899334.jpg,spiral
899344.jpg,elliptical
899346.jpg,elliptical
899381.jpg,elliptical
899389.jpg,irregular
899400.jpg,elliptical
899406.jpg,elliptical
899427.jpg,spiral
899464.jpg,elliptical
899474.jpg,irregular
899491.jpg,irregular
899502.jpg,elliptical
899530.jpg,elliptical
899572.jpg,elliptical
899593.jpg,elliptical
899632.jpg,elliptical
899675.jpg,irregular
899726.jpg,irregular
899739.jpg,irregular
899756.jpg,elliptical
899761.jpg,elliptical
899765.jpg,irregular
899787.jpg,elliptical
899788.jpg,elliptical
899791.jpg,irregular
899814.jpg,irregular
899892.jpg,elliptical
899896.jpg,elliptical
899903.jpg,irregular
899906.jpg,elliptical
899958.jpg,spiral
899959.jpg,irregular
899963.jpg,elliptical
899969.jpg,elliptical
900009.jpg,elliptical
900040.jpg,elliptical
900054.jpg,elliptical
900077.jpg,irregular
900078.jpg,elliptical
900085.jpg,elliptical
900102.jpg,spiral
900124.jpg,elliptical
900125.jpg,elliptical
900136.jpg,elliptical
900172.jpg,elliptical
900180.jpg,elliptical
900224.jpg,elliptical
900230.jpg,elliptical
900237.jpg,spiral
900309.jpg,elliptical
900317.jpg,irregular
900341.jpg,elliptical
900395.jpg,spiral
900407.jpg,elliptical
900444.jpg,spiral
900451.jpg,elliptical
900494.jpg,elliptical
900545.jpg,irregular
900591.jpg,irregular
900614.jpg,spiral
900657.jpg,elliptical
900666.jpg,elliptical
900704.jpg,elliptical
900708.jpg,elliptical
900723.jpg,elliptical
900727.jpg,irregular
900762.jpg,elliptical
900781.jpg,irregular
900787.jpg,spiral
900797.jpg,elliptical
900836.jpg,elliptical
900837.jpg,elliptical
900877.jpg,elliptical
900950.jpg,elliptical
900987.jpg,elliptical
901020.jpg,irregular
901040.jpg,elliptical
901044.jpg,spiral
901090.jpg,elliptical
901104.jpg,elliptical
901108.jpg,irregular
901110.jpg,irregular
901133.jpg,elliptical
901163.jpg,elliptical
901200.jpg,elliptical
901247.jpg,elliptical
901262.jpg,irregular
901290.jpg,elliptical
901308.jpg,elliptical
901350.jpg,elliptical
901377.jpg,spiral
901394.jpg,spiral
901413.jpg,elliptical
901470.jpg,elliptical
901484.jpg,elliptical
901490.jpg,elliptical
901491.jpg,elliptical
901508.jpg,spiral
901510.jpg,elliptical
901533.jpg,irregular
901542.jpg,spiral
901559.jpg,irregular
901581.jpg,spiral
901598.jpg,elliptical
901615.jpg,elliptical
901621.jpg,elliptical
901626.jpg,elliptical
901635.jpg,elliptical
901650.jpg,irregular
901659.jpg,spiral
901660.jpg,elliptical
901664.jpg,elliptical
901674.jpg,spiral
901718.jpg,spiral
901821.jpg,elliptical
901854.jpg,elliptical
901883.jpg,irregular
901899.jpg,irregular
901900.jpg,elliptical
901954.jpg,elliptical
901958.jpg,elliptical
901960.jpg,irregular
901993.jpg,irregular
902060.jpg,irregular
902077.jpg,spiral
902085.jpg,elliptical
902086.jpg,elliptical
902091.jpg,irregular
902108.jpg,elliptical
902112.jpg,elliptical
902145.jpg,irregular
902192.jpg,elliptical
902208.jpg,elliptical
902220.jpg,elliptical
902227.jpg,elliptical
902252.jpg,elliptical
902264.jpg,spiral
902300.jpg,elliptical
902373.jpg,spiral
902399.jpg,elliptical
902400.jpg,elliptical
902436.jpg,elliptical
902447.jpg,elliptical
902468.jpg,irregular
902505.jpg,elliptical
902506.jpg,elliptical
902510.jpg,elliptical
902569.jpg,elliptical
902574.jpg,elliptical
902627.jpg,irregular
902628.jpg,spiral
902652.jpg,elliptical
902654.jpg,spiral
902658.jpg,irregular
902673.jpg,irregular
902696.jpg,spiral
902705.jpg,elliptical
902713.jpg,elliptical
902749.jpg,spiral
902815.jpg,spiral
902835.jpg,elliptical
902960.jpg,irregular
902977.jpg,irregular
903055.jpg,elliptical
903087.jpg,elliptical
903101.jpg,elliptical
903104.jpg,elliptical
903107.jpg,spiral
903131.jpg,elliptical
903136.jpg,elliptical
903137.jpg,elliptical
903160.jpg,spiral
903183.jpg,irregular
903185.jpg,elliptical
903206.jpg,irregular
903216.jpg,elliptical
903218.jpg,elliptical
903222.jpg,elliptical
903235.jpg,irregular
903256.jpg,irregular
903261.jpg,elliptical
903268.jpg,elliptical
903279.jpg,elliptical
903281.jpg,elliptical
903294.jpg,spiral
903302.jpg,spiral
903331.jpg,elliptical
903410.jpg,elliptical
903432.jpg,spiral
903470.jpg,elliptical
903475.jpg,elliptical
903493.jpg,irregular
903513.jpg,elliptical
903518.jpg,elliptical
903528.jpg,elliptical
903538.jpg,spiral
903595.jpg,spiral
903626.jpg,elliptical
903637.jpg,irregular
903640.jpg,elliptical
903653.jpg,elliptical
903672.jpg,elliptical
903695.jpg,irregular
903771.jpg,elliptical
903774.jpg,elliptical
903785.jpg,spiral
903823.jpg,elliptical
903891.jpg,elliptical
903897.jpg,elliptical
903903.jpg,elliptical
903905.jpg,irregular
903951.jpg,irregular
903953.jpg,elliptical
903960.jpg,irregular
903977.jpg,elliptical
904007.jpg,irregular
904013.jpg,elliptical
904051.jpg,elliptical
904074.jpg,elliptical
904079.jpg,elliptical
904105.jpg,spiral
904116.jpg,elliptical
904122.jpg,elliptical
904139.jpg,elliptical
904145.jpg,elliptical
904151.jpg,spiral
904154.jpg,spiral
904159.jpg,elliptical
904222.jpg,elliptical
904244.jpg,elliptical
904282.jpg,elliptical
904305.jpg,elliptical
904309.jpg,elliptical
904392.jpg,elliptical
904422.jpg,elliptical
904458.jpg,spiral
904466.jpg,spiral
904471.jpg,elliptical
904476.jpg,elliptical
904541.jpg,spiral
904552.jpg,elliptical
904557.jpg,spiral
904622.jpg,elliptical
904630.jpg,irregular
904633.jpg,elliptical
904644.jpg,elliptical
904662.jpg,elliptical
904668.jpg,elliptical
904673.jpg,elliptical
904679.jpg,irregular
904682.jpg,irregular
904684.jpg,spiral
904692.jpg,elliptical
904715.jpg,spiral
904734.jpg,elliptical
904738.jpg,spiral
904740.jpg,spiral
904750.jpg,elliptical
904763.jpg,spiral
904789.jpg,elliptical
904807.jpg,elliptical
904810.jpg,elliptical
904811.jpg,irregular
904866.jpg,elliptical
904927.jpg,irregular
904953.jpg,elliptical
904960.jpg,elliptical
904993.jpg,irregular
905026.jpg,elliptical
905028.jpg,spiral
905029.jpg,elliptical
905079.jpg,elliptical
905173.jpg,irregular
905252.jpg,elliptical
905258.jpg,spiral
905265.jpg,elliptical
905308.jpg,elliptical
905366.jpg,elliptical
905486.jpg,irregular
905516.jpg,spiral
905562.jpg,irregular
905571.jpg,elliptical
905582.jpg,elliptical
905592.jpg,spiral
905607.jpg,elliptical
905659.jpg,elliptical
905701.jpg,elliptical
905742.jpg,spiral
905773.jpg,elliptical
905779.jpg,elliptical
905784.jpg,elliptical
905803.jpg,spiral
905829.jpg,spiral
905835.jpg,irregular
905856.jpg,spiral
905888.jpg,elliptical
905900.jpg,spiral
905904.jpg,elliptical
905939.jpg,spiral
906035.jpg,elliptical
906043.jpg,elliptical
906053.jpg,spiral
906056.jpg,elliptical
906058.jpg,elliptical
906062.jpg,irregular
906092.jpg,spiral
906098.jpg,elliptical
906118.jpg,elliptical
906159.jpg,elliptical
906214.jpg,elliptical
906241.jpg,irregular
906284.jpg,elliptical
906289.jpg,spiral
906364.jpg,elliptical
906380.jpg,spiral
906404.jpg,spiral
906409.jpg,elliptical
906411.jpg,spiral
906413.jpg,elliptical
906424.jpg,elliptical
906462.jpg,elliptical
906498.jpg,irregular
906516.jpg,spiral
906518.jpg,irregular
906552.jpg,elliptical
906616.jpg,spiral
906623.jpg,spiral
906683.jpg,elliptical
906726.jpg,irregular
906741.jpg,elliptical
906745.jpg,elliptical
906758.jpg,elliptical
906769.jpg,spiral
906823.jpg,irregular
906855.jpg,irregular
906859.jpg,elliptical
906893.jpg,spiral
906925.jpg,irregular
906948.jpg,spiral
906959.jpg,elliptical
906989.jpg,irregular
906999.jpg,elliptical
907012.jpg,elliptical
907019.jpg,elliptical
907025.jpg,elliptical
907027.jpg,elliptical
907080.jpg,spiral
907135.jpg,spiral
907199.jpg,elliptical
907209.jpg,elliptical
907212.jpg,elliptical
907236.jpg,elliptical
907240.jpg,elliptical
907272.jpg,spiral
907295.jpg,elliptical
907301.jpg,elliptical
907316.jpg,spiral
907365.jpg,elliptical
907442.jpg,elliptical
907472.jpg,irregular
907499.jpg,irregular
907505.jpg,elliptical
907585.jpg,elliptical
907590.jpg,elliptical
907692.jpg,elliptical
907697.jpg,elliptical
907701.jpg,elliptical
907744.jpg,elliptical
907749.jpg,spiral
907752.jpg,irregular
907774.jpg,elliptical
907802.jpg,elliptical
907812.jpg,elliptical
907813.jpg,elliptical
907842.jpg,elliptical
907849.jpg,elliptical
907873.jpg,elliptical
907890.jpg,elliptical
907901.jpg,elliptical
907911.jpg,spiral
907914.jpg,spiral
907940.jpg,elliptical
907972.jpg,elliptical
908000.jpg,spiral
908027.jpg,spiral
908089.jpg,elliptical
908095.jpg,elliptical
908109.jpg,irregular
908113.jpg,elliptical
908130.jpg,elliptical
908141.jpg,irregular
908173.jpg,spiral
908209.jpg,elliptical
908215.jpg,elliptical
908216.jpg,elliptical
908225.jpg,elliptical
908227.jpg,spiral
908264.jpg,spiral
908275.jpg,irregular
908278.jpg,elliptical
908284.jpg,elliptical
908296.jpg,elliptical
908310.jpg,spiral
908323.jpg,spiral
908374.jpg,irregular
908399.jpg,elliptical
908403.jpg,irregular
908405.jpg,elliptical
908425.jpg,irregular
908459.jpg,irregular
908460.jpg,elliptical
908478.jpg,elliptical
908481.jpg,elliptical
908482.jpg,elliptical
908499.jpg,elliptical
908525.jpg,spiral
908549.jpg,elliptical
908591.jpg,elliptical
908612.jpg,elliptical
908637.jpg,elliptical
908638.jpg,irregular
908679.jpg,elliptical
908700.jpg,elliptical
908726.jpg,elliptical
908739.jpg,elliptical
908790.jpg,elliptical
908825.jpg,irregular
908829.jpg,elliptical
908832.jpg,elliptical
908880.jpg,elliptical
908891.jpg,elliptical
908892.jpg,spiral
908925.jpg,elliptical
908928.jpg,elliptical
908947.jpg,elliptical
908959.jpg,irregular
909014.jpg,elliptical
909064.jpg,elliptical
909114.jpg,spiral
909120.jpg,spiral
909136.jpg,irregular
909146.jpg,irregular
909162.jpg,elliptical
909171.jpg,spiral
909178.jpg,elliptical
909216.jpg,elliptical
909225.jpg,elliptical
909281.jpg,irregular
909288.jpg,elliptical
909299.jpg,spiral
909324.jpg,elliptical
909361.jpg,spiral
909365.jpg,elliptical
909406.jpg,irregular
909408.jpg,irregular
909438.jpg,irregular
909445.jpg,irregular
909455.jpg,irregular
909461.jpg,elliptical
909487.jpg,elliptical
909534.jpg,elliptical
909548.jpg,elliptical
909553.jpg,irregular
909585.jpg,elliptical
909619.jpg,elliptical
909624.jpg,irregular
909637.jpg,spiral
909652.jpg,elliptical
909665.jpg,spiral
909681.jpg,elliptical
909709.jpg,irregular
909775.jpg,elliptical
909833.jpg,elliptical
909858.jpg,elliptical
909941.jpg,elliptical
909977.jpg,elliptical
910033.jpg,elliptical
910076.jpg,elliptical
910092.jpg,elliptical
910118.jpg,elliptical
910163.jpg,irregular
910189.jpg,elliptical
910238.jpg,spiral
910262.jpg,elliptical
910267.jpg,irregular
910284.jpg,elliptical
910288.jpg,spiral
910290.jpg,elliptical
910314.jpg,elliptical
910340.jpg,elliptical
910341.jpg,irregular
910365.jpg,irregular
910381.jpg,elliptical
910404.jpg,elliptical
910417.jpg,elliptical
910443.jpg,elliptical
910453.jpg,elliptical
910474.jpg,elliptical
910505.jpg,irregular
910509.jpg,elliptical
910544.jpg,spiral
910562.jpg,elliptical
910568.jpg,elliptical
910583.jpg,spiral
910590.jpg,elliptical
910622.jpg,elliptical
910639.jpg,elliptical
910645.jpg,elliptical
910681.jpg,elliptical
910704.jpg,elliptical
910711.jpg,elliptical
910720.jpg,elliptical
910729.jpg,elliptical
910737.jpg,elliptical
910754.jpg,irregular
910817.jpg,irregular
910820.jpg,spiral
910829.jpg,elliptical
910846.jpg,elliptical
910855.jpg,elliptical
910861.jpg,elliptical
910863.jpg,spiral
910893.jpg,irregular
910945.jpg,elliptical
910965.jpg,irregular
910967.jpg,spiral
910976.jpg,spiral
911009.jpg,spiral
911066.jpg,elliptical
911069.jpg,elliptical
911082.jpg,irregular
911084.jpg,irregular
911086.jpg,elliptical
911092.jpg,spiral
911110.jpg,spiral
911142.jpg,elliptical
911146.jpg,elliptical
911179.jpg,irregular
911196.jpg,elliptical
911234.jpg,elliptical
911238.jpg,elliptical
911254.jpg,elliptical
911319.jpg,elliptical
911365.jpg,elliptical
911383.jpg,elliptical
911404.jpg,elliptical
911430.jpg,spiral
911437.jpg,irregular
911498.jpg,elliptical
911507.jpg,spiral
911527.jpg,elliptical
911537.jpg,irregular
911542.jpg,elliptical
911571.jpg,spiral
911588.jpg,elliptical
911617.jpg,irregular
911619.jpg,elliptical
911637.jpg,elliptical
911644.jpg,elliptical
911645.jpg,elliptical
911668.jpg,elliptical
911681.jpg,elliptical
911719.jpg,spiral
911781.jpg,irregular
911824.jpg,spiral
911825.jpg,elliptical
911847.jpg,elliptical
911958.jpg,elliptical
912006.jpg,elliptical
912008.jpg,irregular
912047.jpg,elliptical
912058.jpg,irregular
912144.jpg,elliptical
912169.jpg,elliptical
912199.jpg,elliptical
912200.jpg,elliptical
912218.jpg,elliptical
912235.jpg,elliptical
912242.jpg,elliptical
912259.jpg,elliptical
912267.jpg,spiral
912293.jpg,irregular
912308.jpg,elliptical
912315.jpg,elliptical
912341.jpg,elliptical
912342.jpg,elliptical
912351.jpg,spiral
912368.jpg,elliptical
912390.jpg,elliptical
912393.jpg,elliptical
912411.jpg,spiral
912416.jpg,spiral
912421.jpg,irregular
912461.jpg,elliptical
912471.jpg,elliptical
912476.jpg,irregular
912505.jpg,irregular
912506.jpg,elliptical
912513.jpg,irregular
912540.jpg,irregular
912550.jpg,elliptical
912586.jpg,spiral
912606.jpg,elliptical
912629.jpg,elliptical
912637.jpg,spiral
912651.jpg,elliptical
912682.jpg,elliptical
912722.jpg,irregular
912728.jpg,elliptical
912818.jpg,elliptical
912820.jpg,irregular
912825.jpg,elliptical
912843.jpg,spiral
912856.jpg,elliptical
912859.jpg,spiral
912860.jpg,elliptical
912861.jpg,elliptical
912885.jpg,irregular
912888.jpg,elliptical
912891.jpg,irregular
912906.jpg,irregular
912948.jpg,elliptical
912970.jpg,spiral
912983.jpg,elliptical
913021.jpg,elliptical
913032.jpg,irregular
913049.jpg,elliptical
913055.jpg,spiral
913058.jpg,elliptical
913070.jpg,elliptical
913076.jpg,elliptical
913098.jpg,irregular
913104.jpg,elliptical
913114.jpg,elliptical
913124.jpg,elliptical
913126.jpg,irregular
913136.jpg,spiral
913152.jpg,spiral
913166.jpg,elliptical
913187.jpg,elliptical
913188.jpg,irregular
913238.jpg,elliptical
913281.jpg,elliptical
913322.jpg,irregular
913327.jpg,irregular
913430.jpg,spiral
913433.jpg,irregular
913441.jpg,elliptical
913444.jpg,elliptical
913480.jpg,spiral
913493.jpg,elliptical
913543.jpg,irregular
913570.jpg,elliptical
913623.jpg,elliptical
913628.jpg,elliptical
913640.jpg,elliptical
913657.jpg,elliptical
913722.jpg,elliptical
913723.jpg,elliptical
913728.jpg,elliptical
913752.jpg,irregular
913790.jpg,elliptical
913816.jpg,spiral
913829.jpg,elliptical
913833.jpg,elliptical
913945.jpg,elliptical
913955.jpg,elliptical
913962.jpg,elliptical
913998.jpg,spiral
914003.jpg,spiral
914008.jpg,elliptical
914031.jpg,elliptical
914036.jpg,spiral
914044.jpg,elliptical
914047.jpg,irregular
914084.jpg,irregular
914089.jpg,elliptical
914090.jpg,elliptical
914114.jpg,elliptical
914153.jpg,elliptical
914228.jpg,elliptical
914244.jpg,elliptical
914251.jpg,spiral
914277.jpg,elliptical
914290.jpg,irregular
914302.jpg,spiral
914337.jpg,irregular
914360.jpg,elliptical
914386.jpg,elliptical
914389.jpg,elliptical
914402.jpg,irregular
914429.jpg,elliptical
914433.jpg,irregular
914441.jpg,spiral
914504.jpg,irregular
914513.jpg,elliptical
914515.jpg,irregular
914550.jpg,spiral
914553.jpg,irregular
914560.jpg,elliptical
914581.jpg,elliptical
914637.jpg,elliptical
914672.jpg,spiral
914733.jpg,irregular
914759.jpg,elliptical
914775.jpg,elliptical
914788.jpg,spiral
914794.jpg,spiral
914805.jpg,spiral
914806.jpg,elliptical
914826.jpg,spiral
914843.jpg,elliptical
914873.jpg,elliptical
914932.jpg,elliptical
914964.jpg,elliptical
914987.jpg,irregular
915007.jpg,spiral
915046.jpg,elliptical
915047.jpg,elliptical
915104.jpg,spiral
915121.jpg,irregular
915145.jpg,elliptical
915190.jpg,elliptical
915209.jpg,elliptical
915231.jpg,irregular
915288.jpg,irregular
915313.jpg,elliptical
915322.jpg,irregular
915334.jpg,elliptical
915335.jpg,elliptical
915345.jpg,elliptical
915358.jpg,elliptical
915421.jpg,spiral
915432.jpg,elliptical
915443.jpg,irregular
915447.jpg,elliptical
915459.jpg,elliptical
915476.jpg,elliptical
915482.jpg,spiral
915495.jpg,elliptical
915513.jpg,elliptical
915516.jpg,irregular
915518.jpg,elliptical
915521.jpg,elliptical
915523.jpg,elliptical
915555.jpg,irregular
915568.jpg,spiral
915619.jpg,elliptical
915633.jpg,irregular
915639.jpg,elliptical
915648.jpg,elliptical
915661.jpg,elliptical
915680.jpg,elliptical
915693.jpg,irregular
915706.jpg,spiral
915718.jpg,irregular
915729.jpg,irregular
915738.jpg,irregular
915765.jpg,elliptical
915768.jpg,irregular
915778.jpg,spiral
915888.jpg,elliptical
915897.jpg,elliptical
915958.jpg,elliptical
915967.jpg,elliptical
915978.jpg,spiral
916020.jpg,elliptical
916029.jpg,irregular
916044.jpg,elliptical
916062.jpg,elliptical
916068.jpg,elliptical
916099.jpg,irregular
916109.jpg,spiral
916131.jpg,elliptical
916139.jpg,irregular
916151.jpg,elliptical
916168.jpg,spiral
916169.jpg,spiral
916190.jpg,elliptical
916199.jpg,elliptical
916219.jpg,irregular
916223.jpg,irregular
916269.jpg,spiral
916271.jpg,elliptical
916272.jpg,elliptical
916274.jpg,spiral
916283.jpg,elliptical
916297.jpg,spiral
916323.jpg,elliptical
916357.jpg,elliptical
916394.jpg,elliptical
916422.jpg,elliptical
916424.jpg,elliptical
916455.jpg,spiral
916470.jpg,spiral
916475.jpg,elliptical
916489.jpg,elliptical
916490.jpg,irregular
916497.jpg,irregular
916498.jpg,elliptical
916515.jpg,elliptical
916520.jpg,elliptical
916556.jpg,elliptical
916616.jpg,elliptical
916664.jpg,elliptical
916672.jpg,elliptical
916691.jpg,elliptical
916707.jpg,elliptical
916756.jpg,spiral
916757.jpg,irregular
916769.jpg,elliptical
916783.jpg,elliptical
916805.jpg,spiral
916854.jpg,elliptical
916861.jpg,elliptical
916908.jpg,elliptical
916924.jpg,spiral
916925.jpg,irregular
916945.jpg,spiral
916958.jpg,elliptical
916966.jpg,elliptical
916977.jpg,irregular
916980.jpg,elliptical
917021.jpg,elliptical
917027.jpg,irregular
917096.jpg,elliptical
917098.jpg,elliptical
917099.jpg,elliptical
917118.jpg,elliptical
917145.jpg,elliptical
917151.jpg,irregular
917163.jpg,spiral
917207.jpg,elliptical
917231.jpg,irregular
917256.jpg,irregular
917289.jpg,elliptical
917290.jpg,irregular
917295.jpg,spiral
917385.jpg,elliptical
917398.jpg,elliptical
917407.jpg,irregular
917444.jpg,elliptical
917445.jpg,irregular
917452.jpg,spiral
917455.jpg,elliptical
917496.jpg,elliptical
917500.jpg,spiral
917544.jpg,spiral
917570.jpg,elliptical
917582.jpg,elliptical
917585.jpg,elliptical
917586.jpg,elliptical
917588.jpg,elliptical
917625.jpg,elliptical
917632.jpg,irregular
917648.jpg,spiral
917671.jpg,spiral
917692.jpg,spiral
917721.jpg,elliptical
917731.jpg,spiral
917741.jpg,spiral
917748.jpg,elliptical
917775.jpg,elliptical
917776.jpg,elliptical
917778.jpg,elliptical
917782.jpg,irregular
917802.jpg,spiral
917804.jpg,elliptical
917819.jpg,spiral
917824.jpg,elliptical
917827.jpg,elliptical
917839.jpg,irregular
917851.jpg,spiral
917879.jpg,irregular
917899.jpg,elliptical
917913.jpg,elliptical
917920.jpg,elliptical
917958.jpg,elliptical
917973.jpg,irregular
917993.jpg,elliptical
918042.jpg,irregular
918067.jpg,irregular
918094.jpg,elliptical
918098.jpg,irregular
918183.jpg,elliptical
918197.jpg,elliptical
918201.jpg,irregular
918202.jpg,irregular
918212.jpg,irregular
918243.jpg,elliptical
918262.jpg,elliptical
918288.jpg,spiral
918306.jpg,elliptical
918308.jpg,irregular
918334.jpg,elliptical
918343.jpg,spiral
918385.jpg,elliptical
918403.jpg,irregular
918448.jpg,spiral
918481.jpg,spiral
918519.jpg,spiral
918531.jpg,elliptical
918533.jpg,elliptical
918542.jpg,spiral
918544.jpg,elliptical
918556.jpg,elliptical
918575.jpg,elliptical
918602.jpg,irregular
918608.jpg,spiral
918621.jpg,elliptical
918704.jpg,irregular
918730.jpg,elliptical
918744.jpg,elliptical
918764.jpg,irregular
918777.jpg,spiral
918782.jpg,spiral
918797.jpg,irregular
918842.jpg,spiral
918868.jpg,spiral
918872.jpg,elliptical
918882.jpg,elliptical
918897.jpg,elliptical
918906.jpg,elliptical
918922.jpg,elliptical
918931.jpg,elliptical
918942.jpg,irregular
918962.jpg,elliptical
918971.jpg,elliptical
918981.jpg,elliptical
919096.jpg,elliptical
919106.jpg,elliptical
919133.jpg,elliptical
919174.jpg,elliptical
919175.jpg,elliptical
919187.jpg,spiral
919193.jpg,spiral
919229.jpg,elliptical
919279.jpg,elliptical
919292.jpg,irregular
919313.jpg,spiral
919317.jpg,elliptical
919319.jpg,elliptical
919371.jpg,spiral
919374.jpg,elliptical
919376.jpg,elliptical
919378.jpg,elliptical
919385.jpg,elliptical
919395.jpg,elliptical
919405.jpg,spiral
919422.jpg,irregular
919434.jpg,elliptical
919505.jpg,elliptical
919515.jpg,elliptical
919521.jpg,spiral
919524.jpg,elliptical
919532.jpg,spiral
919535.jpg,elliptical
919536.jpg,spiral
919550.jpg,elliptical
919577.jpg,spiral
919612.jpg,irregular
919623.jpg,elliptical
919632.jpg,spiral
919633.jpg,spiral
919639.jpg,irregular
919669.jpg,elliptical
919672.jpg,irregular
919678.jpg,elliptical
919705.jpg,spiral
919707.jpg,spiral
919708.jpg,spiral
919816.jpg,irregular
919842.jpg,elliptical
919861.jpg,irregular
919867.jpg,irregular
919878.jpg,elliptical
919895.jpg,elliptical
919914.jpg,elliptical
919934.jpg,spiral
919996.jpg,elliptical
920035.jpg,elliptical
920061.jpg,spiral
920062.jpg,elliptical
920111.jpg,elliptical
920138.jpg,elliptical
920141.jpg,irregular
920145.jpg,elliptical
920180.jpg,elliptical
920199.jpg,irregular
920217.jpg,spiral
920247.jpg,elliptical
920260.jpg,elliptical
920279.jpg,elliptical
920293.jpg,elliptical
920305.jpg,elliptical
920319.jpg,spiral
920358.jpg,elliptical
920453.jpg,elliptical
920487.jpg,elliptical
920506.jpg,spiral
920537.jpg,elliptical
920541.jpg,irregular
920545.jpg,spiral
920558.jpg,irregular
920564.jpg,elliptical
920584.jpg,elliptical
920588.jpg,elliptical
920597.jpg,elliptical
920610.jpg,elliptical
920628.jpg,irregular
920637.jpg,elliptical
920647.jpg,spiral
920667.jpg,elliptical
920682.jpg,spiral
920706.jpg,elliptical
920717.jpg,elliptical
920774.jpg,spiral
920791.jpg,spiral
920801.jpg,elliptical
920803.jpg,elliptical
920815.jpg,irregular
920819.jpg,irregular
920849.jpg,elliptical
920851.jpg,elliptical
920886.jpg,spiral
920904.jpg,irregular
920918.jpg,elliptical
920933.jpg,irregular
920937.jpg,spiral
920942.jpg,spiral
920951.jpg,elliptical
921015.jpg,elliptical
921019.jpg,spiral
921035.jpg,elliptical
921048.jpg,elliptical
921140.jpg,elliptical
921163.jpg,irregular
921166.jpg,elliptical
921168.jpg,irregular
921209.jpg,spiral
921241.jpg,elliptical
921253.jpg,elliptical
921256.jpg,irregular
921272.jpg,elliptical
921286.jpg,spiral
921303.jpg,elliptical
921304.jpg,elliptical
921347.jpg,elliptical
921381.jpg,spiral
921385.jpg,elliptical
921438.jpg,elliptical
921445.jpg,spiral
921453.jpg,elliptical
921462.jpg,spiral
921505.jpg,elliptical
921557.jpg,elliptical
921572.jpg,elliptical
921586.jpg,elliptical
921609.jpg,elliptical
921615.jpg,elliptical
921619.jpg,spiral
921661.jpg,elliptical
921662.jpg,elliptical
921671.jpg,irregular
921719.jpg,spiral
921747.jpg,irregular
921761.jpg,irregular
921763.jpg,elliptical
921795.jpg,spiral
921824.jpg,spiral
921839.jpg,elliptical
921873.jpg,elliptical
921900.jpg,spiral
921916.jpg,spiral
921928.jpg,spiral
921934.jpg,elliptical
922026.jpg,elliptical
922036.jpg,elliptical
922055.jpg,irregular
922067.jpg,elliptical
922069.jpg,elliptical
922079.jpg,elliptical
922140.jpg,irregular
922142.jpg,elliptical
922158.jpg,irregular
922173.jpg,spiral
922184.jpg,elliptical
922185.jpg,elliptical
922187.jpg,spiral
922194.jpg,elliptical
922203.jpg,elliptical
922206.jpg,elliptical
922210.jpg,irregular
922239.jpg,spiral
922263.jpg,spiral
922279.jpg,elliptical
922306.jpg,elliptical
922387.jpg,elliptical
922390.jpg,elliptical
922397.jpg,spiral
922420.jpg,spiral
922435.jpg,elliptical
922485.jpg,spiral
922503.jpg,spiral
922518.jpg,irregular
922524.jpg,elliptical
922544.jpg,elliptical
922631.jpg,elliptical
922648.jpg,spiral
922667.jpg,spiral
922714.jpg,spiral
922718.jpg,elliptical
922732.jpg,spiral
922772.jpg,irregular
922781.jpg,spiral
922801.jpg,irregular
922837.jpg,irregular
922840.jpg,elliptical
922854.jpg,elliptical
922871.jpg,elliptical
922885.jpg,elliptical
922887.jpg,irregular
922993.jpg,spiral
923015.jpg,spiral
923017.jpg,elliptical
923028.jpg,spiral
923044.jpg,spiral
923074.jpg,elliptical
923078.jpg,elliptical
923089.jpg,elliptical
923134.jpg,elliptical
923139.jpg,elliptical
923140.jpg,spiral
923188.jpg,elliptical
923215.jpg,elliptical
923277.jpg,elliptical
923290.jpg,elliptical
923311.jpg,elliptical
923318.jpg,elliptical
923397.jpg,irregular
923407.jpg,elliptical
923413.jpg,elliptical
923430.jpg,elliptical
923431.jpg,elliptical
923449.jpg,elliptical
923456.jpg,elliptical
923480.jpg,elliptical
923484.jpg,elliptical
923487.jpg,irregular
923510.jpg,spiral
923537.jpg,elliptical
923554.jpg,spiral
923566.jpg,elliptical
923578.jpg,elliptical
923593.jpg,elliptical
923609.jpg,elliptical
923629.jpg,elliptical
923632.jpg,irregular
923662.jpg,elliptical
923682.jpg,elliptical
923693.jpg,elliptical
923769.jpg,elliptical
923772.jpg,spiral
923803.jpg,elliptical
923829.jpg,elliptical
923843.jpg,elliptical
923881.jpg,spiral
923889.jpg,spiral
923894.jpg,elliptical
923938.jpg,elliptical
923945.jpg,irregular
924019.jpg,spiral
924133.jpg,spiral
924138.jpg,spiral
924153.jpg,irregular
924158.jpg,elliptical
924211.jpg,spiral
924223.jpg,elliptical
924238.jpg,elliptical
924310.jpg,elliptical
924319.jpg,elliptical
924324.jpg,elliptical
924337.jpg,elliptical
924354.jpg,elliptical
924376.jpg,elliptical
924379.jpg,elliptical
924436.jpg,irregular
924489.jpg,elliptical
924512.jpg,elliptical
924545.jpg,irregular
924548.jpg,elliptical
924555.jpg,elliptical
924606.jpg,spiral
924618.jpg,elliptical
924626.jpg,elliptical
924635.jpg,elliptical
924659.jpg,elliptical
924730.jpg,irregular
924748.jpg,elliptical
924760.jpg,elliptical
924771.jpg,elliptical
924779.jpg,elliptical
924786.jpg,elliptical
924790.jpg,elliptical
924848.jpg,elliptical
924874.jpg,elliptical
924887.jpg,elliptical
924904.jpg,spiral
924948.jpg,spiral
924950.jpg,elliptical
924959.jpg,spiral
924961.jpg,irregular
924977.jpg,irregular
924988.jpg,spiral
925009.jpg,spiral
925058.jpg,elliptical
925104.jpg,elliptical
925116.jpg,elliptical
925134.jpg,elliptical
925153.jpg,elliptical
925190.jpg,irregular
925200.jpg,elliptical
925240.jpg,spiral
925258.jpg,elliptical
925274.jpg,elliptical
925286.jpg,elliptical
925297.jpg,elliptical
925318.jpg,elliptical
925328.jpg,spiral
925337.jpg,irregular
925372.jpg,elliptical
925400.jpg,elliptical
925406.jpg,elliptical
925461.jpg,spiral
925544.jpg,irregular
925717.jpg,elliptical
925740.jpg,elliptical
925804.jpg,spiral
925820.jpg,spiral
925882.jpg,elliptical
925905.jpg,elliptical
925914.jpg,elliptical
925918.jpg,irregular
925923.jpg,irregular
925966.jpg,spiral
925969.jpg,elliptical
925986.jpg,elliptical
926030.jpg,spiral
926054.jpg,elliptical
926105.jpg,elliptical
926113.jpg,irregular
926195.jpg,elliptical
926199.jpg,spiral
926207.jpg,elliptical
926223.jpg,spiral
926241.jpg,irregular
926247.jpg,elliptical
926261.jpg,elliptical
926275.jpg,spiral
926279.jpg,elliptical
926368.jpg,elliptical
926372.jpg,elliptical
926384.jpg,irregular
926387.jpg,elliptical
926425.jpg,elliptical
926426.jpg,elliptical
926448.jpg,elliptical
926453.jpg,elliptical
926462.jpg,elliptical
926478.jpg,elliptical
926480.jpg,elliptical
926488.jpg,spiral
926509.jpg,elliptical
926544.jpg,elliptical
926602.jpg,elliptical
926630.jpg,elliptical
926649.jpg,elliptical
926655.jpg,elliptical
926657.jpg,elliptical
926676.jpg,irregular
926696.jpg,elliptical
926739.jpg,elliptical
926750.jpg,elliptical
926842.jpg,elliptical
926939.jpg,spiral
926982.jpg,elliptical
926985.jpg,elliptical
926999.jpg,irregular
927032.jpg,irregular
927038.jpg,elliptical
927058.jpg,spiral
927117.jpg,elliptical
927120.jpg,elliptical
927128.jpg,elliptical
927129.jpg,elliptical
927132.jpg,spiral
927133.jpg,irregular
927157.jpg,spiral
927185.jpg,irregular
927193.jpg,elliptical
927207.jpg,elliptical
927275.jpg,spiral
927282.jpg,elliptical
927324.jpg,elliptical
927341.jpg,spiral
927349.jpg,elliptical
927356.jpg,elliptical
927419.jpg,irregular
927428.jpg,elliptical
927440.jpg,elliptical
927442.jpg,elliptical
927452.jpg,spiral
927455.jpg,elliptical
927473.jpg,elliptical
927489.jpg,elliptical
927527.jpg,elliptical
927529.jpg,elliptical
927537.jpg,spiral
927563.jpg,elliptical
927621.jpg,elliptical
927639.jpg,irregular
927651.jpg,elliptical
927677.jpg,irregular
927722.jpg,irregular
927737.jpg,irregular
927747.jpg,spiral
927795.jpg,elliptical
927802.jpg,elliptical
927814.jpg,elliptical
927820.jpg,irregular
927843.jpg,spiral
927872.jpg,irregular
927879.jpg,elliptical
927881.jpg,elliptical
927930.jpg,elliptical
927957.jpg,spiral
928008.jpg,elliptical
928033.jpg,irregular
928043.jpg,elliptical
928090.jpg,spiral
928121.jpg,irregular
928129.jpg,elliptical
928149.jpg,irregular
928158.jpg,elliptical
928186.jpg,elliptical
928238.jpg,irregular
928247.jpg,elliptical
928252.jpg,elliptical
928321.jpg,irregular
928349.jpg,elliptical
928408.jpg,elliptical
928413.jpg,elliptical
928435.jpg,elliptical
928490.jpg,irregular
928535.jpg,elliptical
928581.jpg,elliptical
928603.jpg,elliptical
928619.jpg,elliptical
928626.jpg,elliptical
928662.jpg,elliptical
928682.jpg,irregular
928702.jpg,spiral
928707.jpg,elliptical
928712.jpg,elliptical
928721.jpg,spiral
928730.jpg,irregular
928776.jpg,elliptical
928778.jpg,spiral
928828.jpg,spiral
928836.jpg,irregular
928888.jpg,irregular
928901.jpg,elliptical
928921.jpg,irregular
928925.jpg,irregular
928928.jpg,elliptical
928941.jpg,elliptical
928945.jpg,elliptical
928979.jpg,elliptical
928995.jpg,spiral
929045.jpg,elliptical
929051.jpg,elliptical
929071.jpg,elliptical
929080.jpg,elliptical
929087.jpg,elliptical
929104.jpg,spiral
929123.jpg,elliptical
929136.jpg,elliptical
929152.jpg,irregular
929243.jpg,elliptical
929297.jpg,elliptical
929299.jpg,spiral
929333.jpg,irregular
929374.jpg,elliptical
929406.jpg,spiral
929414.jpg,irregular
929416.jpg,elliptical
929417.jpg,spiral
929447.jpg,elliptical
929488.jpg,elliptical
929523.jpg,elliptical
929573.jpg,elliptical
929586.jpg,elliptical
929606.jpg,irregular
929614.jpg,irregular
929654.jpg,spiral
929670.jpg,elliptical
929683.jpg,elliptical
929690.jpg,elliptical
929693.jpg,elliptical
929731.jpg,irregular
929743.jpg,spiral
929750.jpg,spiral
929790.jpg,spiral
929796.jpg,irregular
929810.jpg,elliptical
929825.jpg,spiral
929840.jpg,irregular
929879.jpg,irregular
929901.jpg,elliptical
929902.jpg,elliptical
929908.jpg,elliptical
929945.jpg,elliptical
929951.jpg,elliptical
929956.jpg,elliptical
929967.jpg,irregular
929972.jpg,spiral
929974.jpg,spiral
930047.jpg,irregular
930082.jpg,irregular
930083.jpg,elliptical
930094.jpg,elliptical
930101.jpg,spiral
930133.jpg,irregular
930144.jpg,elliptical
930148.jpg,irregular
930163.jpg,irregular
930187.jpg,elliptical
930213.jpg,elliptical
930275.jpg,elliptical
930282.jpg,spiral
930354.jpg,spiral
930358.jpg,irregular
930367.jpg,elliptical
930378.jpg,spiral
930381.jpg,elliptical
930387.jpg,spiral
930405.jpg,elliptical
930429.jpg,spiral
930438.jpg,elliptical
930442.jpg,elliptical
930461.jpg,elliptical
930463.jpg,elliptical
930538.jpg,elliptical
930630.jpg,elliptical
930633.jpg,spiral
930645.jpg,elliptical
930648.jpg,elliptical
930655.jpg,spiral
930658.jpg,irregular
930659.jpg,elliptical
930674.jpg,elliptical
930678.jpg,elliptical
930700.jpg,elliptical
930710.jpg,elliptical
930742.jpg,spiral
930776.jpg,irregular
930797.jpg,elliptical
930801.jpg,elliptical
930805.jpg,elliptical
930876.jpg,elliptical
930879.jpg,irregular
930883.jpg,spiral
930908.jpg,elliptical
930946.jpg,irregular
930962.jpg,elliptical
930997.jpg,elliptical
931013.jpg,spiral
931092.jpg,elliptical
931120.jpg,elliptical
931131.jpg,elliptical
931141.jpg,irregular
931146.jpg,spiral
931174.jpg,elliptical
931178.jpg,elliptical
931199.jpg,elliptical
931201.jpg,spiral
931215.jpg,elliptical
931221.jpg,spiral
931228.jpg,irregular
931233.jpg,elliptical
931279.jpg,spiral
931292.jpg,irregular
931324.jpg,elliptical
931336.jpg,irregular
931350.jpg,spiral
931359.jpg,irregular
931386.jpg,spiral
931389.jpg,elliptical
931403.jpg,elliptical
931425.jpg,elliptical
931430.jpg,elliptical
931440.jpg,elliptical
931449.jpg,elliptical
931517.jpg,spiral
931531.jpg,elliptical
931534.jpg,spiral
931540.jpg,elliptical
931542.jpg,irregular
931554.jpg,elliptical
931559.jpg,elliptical
931576.jpg,elliptical
931598.jpg,elliptical
931621.jpg,elliptical
931645.jpg,irregular
931681.jpg,spiral
931688.jpg,irregular
931701.jpg,elliptical
931710.jpg,elliptical
931720.jpg,irregular
931768.jpg,spiral
931781.jpg,irregular
931792.jpg,elliptical
931813.jpg,spiral
931832.jpg,spiral
931868.jpg,elliptical
931873.jpg,irregular
931879.jpg,elliptical
931901.jpg,elliptical
931934.jpg,irregular
931938.jpg,irregular
931985.jpg,elliptical
932036.jpg,elliptical
932106.jpg,elliptical
932124.jpg,spiral
932213.jpg,elliptical
932214.jpg,elliptical
932227.jpg,elliptical
932246.jpg,elliptical
932253.jpg,elliptical
932254.jpg,irregular
932258.jpg,elliptical
932270.jpg,elliptical
932331.jpg,elliptical
932390.jpg,spiral
932424.jpg,elliptical
932485.jpg,irregular
932597.jpg,irregular
932618.jpg,irregular
932643.jpg,irregular
932674.jpg,elliptical
932680.jpg,spiral
932720.jpg,elliptical
932723.jpg,spiral
932727.jpg,elliptical
932775.jpg,irregular
932836.jpg,spiral
932840.jpg,elliptical
932842.jpg,elliptical
932884.jpg,spiral
932902.jpg,elliptical
932910.jpg,elliptical
932917.jpg,irregular
932923.jpg,elliptical
932984.jpg,elliptical
932991.jpg,elliptical
932995.jpg,irregular
933037.jpg,elliptical
933071.jpg,spiral
933084.jpg,spiral
933121.jpg,elliptical
933122.jpg,irregular
933144.jpg,spiral
933152.jpg,elliptical
933185.jpg,spiral
933220.jpg,elliptical
933222.jpg,irregular
933297.jpg,spiral
933332.jpg,spiral
933375.jpg,elliptical
933378.jpg,spiral
933412.jpg,elliptical
933438.jpg,irregular
933449.jpg,spiral
933457.jpg,elliptical
933491.jpg,spiral
933507.jpg,elliptical
933527.jpg,spiral
933530.jpg,elliptical
933556.jpg,elliptical
933567.jpg,elliptical
933574.jpg,elliptical
933600.jpg,irregular
933629.jpg,irregular
933642.jpg,irregular
933646.jpg,elliptical
933650.jpg,spiral
933661.jpg,elliptical
933663.jpg,elliptical
933693.jpg,elliptical
933712.jpg,elliptical
933718.jpg,elliptical
933729.jpg,elliptical
933737.jpg,elliptical
933768.jpg,elliptical
933788.jpg,elliptical
933796.jpg,irregular
933804.jpg,elliptical
933815.jpg,elliptical
933817.jpg,irregular
933849.jpg,elliptical
933865.jpg,elliptical
933870.jpg,elliptical
933897.jpg,elliptical
933912.jpg,spiral
933926.jpg,irregular
933929.jpg,elliptical
933959.jpg,elliptical
933995.jpg,elliptical
934001.jpg,elliptical
934030.jpg,irregular
934047.jpg,irregular
934049.jpg,spiral
934073.jpg,elliptical
934077.jpg,elliptical
934082.jpg,spiral
934086.jpg,spiral
934089.jpg,irregular
934097.jpg,elliptical
934128.jpg,elliptical
934137.jpg,spiral
934138.jpg,spiral
934144.jpg,elliptical
934154.jpg,spiral
934169.jpg,spiral
934237.jpg,elliptical
934240.jpg,spiral
934258.jpg,elliptical
934281.jpg,elliptical
934286.jpg,elliptical
934293.jpg,elliptical
934324.jpg,spiral
934328.jpg,elliptical
934345.jpg,elliptical
934348.jpg,irregular
934417.jpg,spiral
934428.jpg,elliptical
934460.jpg,elliptical
934474.jpg,irregular
934475.jpg,elliptical
934479.jpg,elliptical
934499.jpg,elliptical
934501.jpg,spiral
934503.jpg,elliptical
934539.jpg,elliptical
934543.jpg,elliptical
934572.jpg,irregular
934610.jpg,elliptical
934622.jpg,elliptical
934676.jpg,elliptical
934693.jpg,elliptical
934694.jpg,elliptical
934706.jpg,irregular
934769.jpg,spiral
934793.jpg,spiral
934797.jpg,elliptical
934815.jpg,spiral
934829.jpg,spiral
934832.jpg,elliptical
934859.jpg,elliptical
934890.jpg,spiral
934895.jpg,irregular
934899.jpg,elliptical
934905.jpg,elliptical
934906.jpg,spiral
934910.jpg,spiral
934915.jpg,elliptical
934918.jpg,irregular
934921.jpg,elliptical
934935.jpg,irregular
934936.jpg,elliptical
934962.jpg,elliptical
935000.jpg,irregular
935003.jpg,elliptical
935008.jpg,irregular
935015.jpg,irregular
935032.jpg,elliptical
935057.jpg,elliptical
935075.jpg,spiral
935087.jpg,elliptical
935101.jpg,elliptical
935150.jpg,elliptical
935165.jpg,elliptical
935169.jpg,spiral
935229.jpg,elliptical
935252.jpg,elliptical
935314.jpg,elliptical
935423.jpg,spiral
935424.jpg,elliptical
935436.jpg,spiral
935479.jpg,spiral
935495.jpg,elliptical
935502.jpg,elliptical
935507.jpg,elliptical
935511.jpg,elliptical
935518.jpg,spiral
935524.jpg,elliptical
935539.jpg,spiral
935549.jpg,irregular
935584.jpg,elliptical
935606.jpg,irregular
935630.jpg,irregular
935648.jpg,irregular
935687.jpg,irregular
935708.jpg,elliptical
935727.jpg,elliptical
935735.jpg,irregular
935756.jpg,irregular
935802.jpg,irregular
935820.jpg,spiral
935822.jpg,irregular
935845.jpg,elliptical
935847.jpg,elliptical
935850.jpg,elliptical
935898.jpg,elliptical
935927.jpg,elliptical
935976.jpg,spiral
936022.jpg,elliptical
936077.jpg,elliptical
936084.jpg,elliptical
936095.jpg,elliptical
936097.jpg,irregular
936109.jpg,irregular
936125.jpg,elliptical
936134.jpg,elliptical
936174.jpg,elliptical
936183.jpg,elliptical
936214.jpg,spiral
936221.jpg,elliptical
936245.jpg,elliptical
936287.jpg,elliptical
936345.jpg,irregular
936379.jpg,spiral
936440.jpg,elliptical
936475.jpg,elliptical
936534.jpg,elliptical
936546.jpg,spiral
936569.jpg,elliptical
936602.jpg,elliptical
936606.jpg,elliptical
936629.jpg,elliptical
936654.jpg,elliptical
936668.jpg,elliptical
936674.jpg,elliptical
936686.jpg,elliptical
936696.jpg,spiral
936697.jpg,spiral
936722.jpg,elliptical
936733.jpg,elliptical
936737.jpg,elliptical
936759.jpg,elliptical
936785.jpg,spiral
936788.jpg,elliptical
936789.jpg,spiral
936791.jpg,spiral
936824.jpg,elliptical
936841.jpg,spiral
936877.jpg,elliptical
936891.jpg,elliptical
936910.jpg,irregular
936911.jpg,elliptical
936978.jpg,spiral
936987.jpg,elliptical
937005.jpg,spiral
937013.jpg,elliptical
937089.jpg,elliptical
937091.jpg,elliptical
937102.jpg,elliptical
937168.jpg,spiral
937174.jpg,elliptical
937187.jpg,spiral
937267.jpg,elliptical
937370.jpg,elliptical
937391.jpg,elliptical
937393.jpg,irregular
937410.jpg,elliptical
937421.jpg,irregular
937442.jpg,spiral
937443.jpg,irregular
937504.jpg,elliptical
937514.jpg,elliptical
937553.jpg,spiral
937586.jpg,elliptical
937624.jpg,elliptical
937694.jpg,irregular
937707.jpg,elliptical
937722.jpg,elliptical
937725.jpg,irregular
937797.jpg,elliptical
937814.jpg,irregular
937837.jpg,elliptical
937846.jpg,elliptical
937932.jpg,spiral
937937.jpg,elliptical
937954.jpg,elliptical
937959.jpg,elliptical
937984.jpg,spiral
938002.jpg,elliptical
938019.jpg,elliptical
938024.jpg,elliptical
938041.jpg,elliptical
938067.jpg,elliptical
938142.jpg,elliptical
938173.jpg,irregular
938178.jpg,elliptical
938195.jpg,elliptical
938197.jpg,irregular
938247.jpg,elliptical
938252.jpg,spiral
938264.jpg,irregular
938269.jpg,elliptical
938271.jpg,elliptical
938299.jpg,elliptical
938301.jpg,spiral
938307.jpg,spiral
938312.jpg,spiral
938321.jpg,irregular
938324.jpg,irregular
938352.jpg,elliptical
938363.jpg,elliptical
938369.jpg,elliptical
938379.jpg,elliptical
938430.jpg,elliptical
938443.jpg,irregular
938452.jpg,irregular
938455.jpg,elliptical
938492.jpg,irregular
938502.jpg,elliptical
938503.jpg,elliptical
938526.jpg,elliptical
938533.jpg,elliptical
938576.jpg,elliptical
938650.jpg,elliptical
938659.jpg,elliptical
938668.jpg,spiral
938673.jpg,elliptical
938675.jpg,irregular
938708.jpg,elliptical
938711.jpg,elliptical
938728.jpg,spiral
938731.jpg,elliptical
938742.jpg,irregular
938767.jpg,elliptical
938774.jpg,elliptical
938777.jpg,irregular
938810.jpg,elliptical
938845.jpg,spiral
938872.jpg,irregular
938942.jpg,spiral
938960.jpg,spiral
938961.jpg,spiral
938967.jpg,elliptical
938977.jpg,elliptical
938994.jpg,irregular
939011.jpg,spiral
939026.jpg,elliptical
939031.jpg,elliptical
939045.jpg,irregular
939095.jpg,elliptical
939102.jpg,spiral
939132.jpg,elliptical
939175.jpg,spiral
939202.jpg,spiral
939222.jpg,elliptical
939233.jpg,elliptical
939235.jpg,spiral
939246.jpg,elliptical
939258.jpg,elliptical
939274.jpg,irregular
939288.jpg,elliptical
939295.jpg,elliptical
939340.jpg,spiral
939353.jpg,elliptical
939378.jpg,elliptical
939409.jpg,irregular
939410.jpg,spiral
939466.jpg,irregular
939480.jpg,elliptical
939551.jpg,spiral
939558.jpg,irregular
939567.jpg,irregular
939592.jpg,elliptical
939636.jpg,spiral
939659.jpg,elliptical
939660.jpg,elliptical
939772.jpg,irregular
939785.jpg,elliptical
939797.jpg,irregular
939821.jpg,elliptical
939882.jpg,irregular
939885.jpg,elliptical
939897.jpg,elliptical
939899.jpg,elliptical
939929.jpg,elliptical
939934.jpg,spiral
940000.jpg,spiral
940025.jpg,elliptical
940029.jpg,elliptical
940044.jpg,spiral
940063.jpg,irregular
940065.jpg,irregular
940068.jpg,irregular
940085.jpg,elliptical
940106.jpg,elliptical
940114.jpg,elliptical
940128.jpg,elliptical
940134.jpg,elliptical
940164.jpg,irregular
940167.jpg,elliptical
940242.jpg,elliptical
940257.jpg,elliptical
940287.jpg,spiral
940317.jpg,irregular
940320.jpg,elliptical
940378.jpg,irregular
940380.jpg,elliptical
940436.jpg,elliptical
940457.jpg,elliptical
940527.jpg,elliptical
940538.jpg,elliptical
940539.jpg,elliptical
940543.jpg,elliptical
940552.jpg,elliptical
940555.jpg,elliptical
940570.jpg,irregular
940577.jpg,elliptical
940617.jpg,spiral
940622.jpg,elliptical
940636.jpg,elliptical
940651.jpg,irregular
940661.jpg,elliptical
940721.jpg,irregular
940732.jpg,elliptical
940753.jpg,elliptical
940762.jpg,irregular
940763.jpg,spiral
940819.jpg,elliptical
940833.jpg,elliptical
940959.jpg,elliptical
940972.jpg,irregular
941005.jpg,irregular
941012.jpg,spiral
941030.jpg,elliptical
941038.jpg,irregular
941104.jpg,elliptical
941110.jpg,spiral
941134.jpg,spiral
941194.jpg,elliptical
941201.jpg,elliptical
941233.jpg,irregular
941247.jpg,elliptical
941267.jpg,spiral
941326.jpg,irregular
941378.jpg,spiral
941380.jpg,elliptical
941387.jpg,spiral
941428.jpg,elliptical
941431.jpg,elliptical
941451.jpg,irregular
941490.jpg,spiral
941494.jpg,elliptical
941503.jpg,irregular
941512.jpg,spiral
941527.jpg,irregular
941557.jpg,irregular
941574.jpg,spiral
941587.jpg,elliptical
941612.jpg,elliptical
941636.jpg,elliptical
941644.jpg,spiral
941647.jpg,irregular
941701.jpg,elliptical
941735.jpg,elliptical
941741.jpg,elliptical
941751.jpg,irregular
941773.jpg,elliptical
941809.jpg,spiral
941814.jpg,spiral
941818.jpg,elliptical
941844.jpg,elliptical
941852.jpg,elliptical
941929.jpg,spiral
941962.jpg,elliptical
941981.jpg,spiral
942064.jpg,elliptical
942068.jpg,spiral
942076.jpg,elliptical
942101.jpg,elliptical
942137.jpg,elliptical
942158.jpg,spiral
942160.jpg,elliptical
942183.jpg,elliptical
942187.jpg,elliptical
942239.jpg,spiral
942241.jpg,elliptical
942248.jpg,elliptical
942285.jpg,spiral
942321.jpg,elliptical
942339.jpg,irregular
942359.jpg,elliptical
942362.jpg,elliptical
942391.jpg,irregular
942394.jpg,elliptical
942415.jpg,spiral
942432.jpg,elliptical
942438.jpg,irregular
942486.jpg,elliptical
942524.jpg,spiral
942534.jpg,spiral
942573.jpg,elliptical
942579.jpg,irregular
942603.jpg,elliptical
942608.jpg,irregular
942624.jpg,elliptical
942630.jpg,elliptical
942644.jpg,spiral
942652.jpg,elliptical
942726.jpg,elliptical
942765.jpg,elliptical
942776.jpg,spiral
942834.jpg,irregular
942890.jpg,elliptical
942946.jpg,irregular
943001.jpg,elliptical
943033.jpg,elliptical
943054.jpg,elliptical
943080.jpg,elliptical
943093.jpg,elliptical
943132.jpg,spiral
943146.jpg,elliptical
943155.jpg,irregular
943226.jpg,elliptical
943251.jpg,elliptical
943253.jpg,spiral
943313.jpg,elliptical
943342.jpg,elliptical
943354.jpg,spiral
943388.jpg,elliptical
943552.jpg,elliptical
943571.jpg,spiral
943575.jpg,irregular
943601.jpg,elliptical
943608.jpg,irregular
943610.jpg,irregular
943632.jpg,elliptical
943635.jpg,irregular
943709.jpg,irregular
943754.jpg,elliptical
943772.jpg,spiral
943800.jpg,elliptical
943809.jpg,elliptical
943823.jpg,elliptical
943837.jpg,elliptical
943850.jpg,elliptical
943855.jpg,elliptical
943862.jpg,elliptical
943966.jpg,elliptical
944006.jpg,elliptical
944010.jpg,elliptical
944045.jpg,spiral
944049.jpg,elliptical
944058.jpg,elliptical
944078.jpg,elliptical
944099.jpg,spiral
944106.jpg,elliptical
944115.jpg,elliptical
944130.jpg,spiral
944180.jpg,elliptical
944183.jpg,spiral
944212.jpg,spiral
944229.jpg,elliptical
944254.jpg,elliptical
944307.jpg,elliptical
944312.jpg,elliptical
944332.jpg,elliptical
944339.jpg,elliptical
944391.jpg,elliptical
944414.jpg,elliptical
944415.jpg,elliptical
944416.jpg,irregular
944453.jpg,spiral
944462.jpg,elliptical
944475.jpg,elliptical
944515.jpg,irregular
944524.jpg,elliptical
944526.jpg,spiral
944536.jpg,spiral
944556.jpg,elliptical
944589.jpg,irregular
944642.jpg,elliptical
944649.jpg,irregular
944684.jpg,elliptical
944698.jpg,irregular
944722.jpg,elliptical
944723.jpg,elliptical
944738.jpg,elliptical
944760.jpg,elliptical
944772.jpg,elliptical
944782.jpg,elliptical
944803.jpg,spiral
944832.jpg,elliptical
944869.jpg,elliptical
944938.jpg,elliptical
944951.jpg,elliptical
944960.jpg,elliptical
945054.jpg,elliptical
945106.jpg,elliptical
945109.jpg,spiral
945117.jpg,elliptical
945137.jpg,irregular
945190.jpg,elliptical
945206.jpg,spiral
945301.jpg,elliptical
945303.jpg,elliptical
945315.jpg,elliptical
945357.jpg,spiral
945370.jpg,irregular
945372.jpg,elliptical
945379.jpg,spiral
945407.jpg,irregular
945414.jpg,elliptical
945417.jpg,elliptical
945438.jpg,spiral
945444.jpg,irregular
945455.jpg,irregular
945496.jpg,elliptical
945544.jpg,elliptical
945595.jpg,elliptical
945603.jpg,elliptical
945609.jpg,elliptical
945614.jpg,elliptical
945650.jpg,elliptical
945654.jpg,spiral
945667.jpg,elliptical
945685.jpg,spiral
945687.jpg,elliptical
945690.jpg,spiral
945747.jpg,irregular
945754.jpg,elliptical
945755.jpg,spiral
945773.jpg,elliptical
945798.jpg,spiral
945811.jpg,irregular
945815.jpg,spiral
945865.jpg,elliptical
945882.jpg,spiral
945891.jpg,elliptical
945904.jpg,irregular
945912.jpg,irregular
945930.jpg,elliptical
945952.jpg,elliptical
945974.jpg,irregular
945981.jpg,elliptical
945990.jpg,elliptical
945994.jpg,elliptical
946007.jpg,elliptical
946014.jpg,elliptical
946042.jpg,spiral
946113.jpg,elliptical
946133.jpg,elliptical
946168.jpg,elliptical
946170.jpg,elliptical
946182.jpg,spiral
946199.jpg,spiral
946216.jpg,elliptical
946253.jpg,elliptical
946260.jpg,elliptical
946274.jpg,spiral
946299.jpg,spiral
946334.jpg,irregular
946338.jpg,elliptical
946342.jpg,elliptical
946361.jpg,spiral
946387.jpg,spiral
946421.jpg,elliptical
946422.jpg,spiral
946429.jpg,spiral
946441.jpg,elliptical
946467.jpg,spiral
946514.jpg,spiral
946519.jpg,elliptical
946540.jpg,elliptical
946604.jpg,irregular
946616.jpg,elliptical
946621.jpg,elliptical
946626.jpg,spiral
946639.jpg,irregular
946712.jpg,elliptical
946716.jpg,elliptical
946744.jpg,spiral
946748.jpg,spiral
946751.jpg,irregular
946776.jpg,spiral
946854.jpg,spiral
946855.jpg,elliptical
946875.jpg,elliptical
946893.jpg,elliptical
946921.jpg,elliptical
946923.jpg,elliptical
946928.jpg,elliptical
946959.jpg,elliptical
946960.jpg,spiral
946984.jpg,elliptical
947010.jpg,spiral
947045.jpg,irregular
947050.jpg,spiral
947090.jpg,spiral
947111.jpg,elliptical
947129.jpg,elliptical
947166.jpg,spiral
947184.jpg,spiral
947189.jpg,elliptical
947224.jpg,elliptical
947255.jpg,spiral
947260.jpg,elliptical
947291.jpg,elliptical
947303.jpg,irregular
947337.jpg,spiral
947387.jpg,spiral
947391.jpg,irregular
947404.jpg,elliptical
947424.jpg,elliptical
947435.jpg,elliptical
947442.jpg,elliptical
947483.jpg,irregular
947536.jpg,irregular
947537.jpg,elliptical
947544.jpg,elliptical
947546.jpg,elliptical
947552.jpg,elliptical
947554.jpg,elliptical
947574.jpg,elliptical
947579.jpg,spiral
947594.jpg,irregular
947616.jpg,spiral
947618.jpg,elliptical
947621.jpg,elliptical
947699.jpg,spiral
947708.jpg,elliptical
947770.jpg,elliptical
947801.jpg,elliptical
947816.jpg,spiral
947822.jpg,irregular
947868.jpg,elliptical
947882.jpg,elliptical
947889.jpg,irregular
947890.jpg,elliptical
947945.jpg,irregular
947957.jpg,elliptical
947978.jpg,elliptical
948013.jpg,elliptical
948091.jpg,elliptical
948109.jpg,spiral
948177.jpg,irregular
948178.jpg,spiral
948191.jpg,elliptical
948192.jpg,irregular
948206.jpg,spiral
948218.jpg,elliptical
948260.jpg,elliptical
948268.jpg,spiral
948277.jpg,elliptical
948285.jpg,elliptical
948294.jpg,elliptical
948299.jpg,elliptical
948318.jpg,spiral
948320.jpg,elliptical
948366.jpg,elliptical
948375.jpg,elliptical
948381.jpg,elliptical
948382.jpg,spiral
948387.jpg,elliptical
948401.jpg,spiral
948460.jpg,elliptical
948467.jpg,elliptical
948488.jpg,spiral
948501.jpg,elliptical
948503.jpg,elliptical
948535.jpg,elliptical
948544.jpg,elliptical
948573.jpg,elliptical
948586.jpg,elliptical
948625.jpg,elliptical
948660.jpg,irregular
948692.jpg,elliptical
948709.jpg,spiral
948736.jpg,elliptical
948793.jpg,elliptical
948852.jpg,irregular
948858.jpg,elliptical
948880.jpg,elliptical
948881.jpg,elliptical
948917.jpg,spiral
948938.jpg,elliptical
948971.jpg,elliptical
948986.jpg,irregular
949012.jpg,irregular
949062.jpg,irregular
949074.jpg,elliptical
949087.jpg,elliptical
949095.jpg,spiral
949096.jpg,irregular
949097.jpg,irregular
949192.jpg,elliptical
949261.jpg,elliptical
949271.jpg,irregular
949289.jpg,elliptical
949297.jpg,irregular
949303.jpg,irregular
949309.jpg,spiral
949318.jpg,spiral
949361.jpg,spiral
949393.jpg,spiral
949415.jpg,spiral
949417.jpg,elliptical
949434.jpg,elliptical
949489.jpg,irregular
949561.jpg,irregular
949595.jpg,irregular
949596.jpg,elliptical
949606.jpg,elliptical
949655.jpg,elliptical
949688.jpg,spiral
949692.jpg,spiral
949705.jpg,spiral
949714.jpg,spiral
949723.jpg,irregular
949738.jpg,elliptical
949756.jpg,elliptical
949778.jpg,elliptical
949779.jpg,elliptical
949792.jpg,elliptical
949864.jpg,elliptical
949927.jpg,spiral
949930.jpg,irregular
949933.jpg,irregular
949934.jpg,spiral
949953.jpg,elliptical
949974.jpg,spiral
950017.jpg,elliptical
950021.jpg,irregular
950027.jpg,irregular
950034.jpg,elliptical
950062.jpg,spiral
950108.jpg,irregular
950122.jpg,elliptical
950126.jpg,elliptical
950142.jpg,elliptical
950149.jpg,spiral
950249.jpg,spiral
950268.jpg,irregular
950321.jpg,elliptical
950325.jpg,elliptical
950332.jpg,elliptical
950335.jpg,elliptical
950356.jpg,elliptical
950360.jpg,elliptical
950386.jpg,irregular
950439.jpg,spiral
950457.jpg,elliptical
950485.jpg,elliptical
950487.jpg,elliptical
950521.jpg,spiral
950614.jpg,spiral
950626.jpg,spiral
950629.jpg,irregular
950633.jpg,irregular
950746.jpg,elliptical
950750.jpg,elliptical
950762.jpg,spiral
950815.jpg,spiral
950816.jpg,irregular
950850.jpg,elliptical
950881.jpg,elliptical
950908.jpg,elliptical
950942.jpg,elliptical
950964.jpg,elliptical
950980.jpg,elliptical
950985.jpg,irregular
950987.jpg,elliptical
951011.jpg,elliptical
951017.jpg,irregular
951022.jpg,spiral
951034.jpg,elliptical
951044.jpg,spiral
951046.jpg,spiral
951048.jpg,elliptical
951073.jpg,elliptical
951130.jpg,elliptical
951202.jpg,spiral
951264.jpg,spiral
951273.jpg,irregular
951303.jpg,elliptical
951320.jpg,elliptical
951349.jpg,elliptical
951354.jpg,elliptical
951355.jpg,elliptical
951382.jpg,spiral
951397.jpg,spiral
951417.jpg,elliptical
951432.jpg,elliptical
951439.jpg,spiral
951455.jpg,elliptical
951460.jpg,elliptical
951481.jpg,elliptical
951507.jpg,elliptical
951552.jpg,spiral
951556.jpg,elliptical
951582.jpg,elliptical
951586.jpg,elliptical
951589.jpg,spiral
951604.jpg,spiral
951615.jpg,elliptical
951630.jpg,spiral
951640.jpg,spiral
951650.jpg,elliptical
951675.jpg,elliptical
951718.jpg,elliptical
951726.jpg,spiral
951756.jpg,elliptical
951762.jpg,elliptical
951792.jpg,elliptical
951830.jpg,spiral
951838.jpg,elliptical
951866.jpg,elliptical
951878.jpg,irregular
951880.jpg,elliptical
951891.jpg,irregular
951909.jpg,elliptical
951919.jpg,spiral
951941.jpg,irregular
951948.jpg,spiral
952014.jpg,elliptical
952029.jpg,elliptical
952031.jpg,elliptical
952088.jpg,elliptical
952089.jpg,elliptical
952109.jpg,spiral
952118.jpg,irregular
952146.jpg,elliptical
952179.jpg,elliptical
952186.jpg,spiral
952202.jpg,spiral
952211.jpg,elliptical
952220.jpg,elliptical
952235.jpg,spiral
952242.jpg,elliptical
952262.jpg,spiral
952277.jpg,elliptical
952378.jpg,elliptical
952388.jpg,elliptical
952469.jpg,irregular
952473.jpg,elliptical
952483.jpg,elliptical
952507.jpg,elliptical
952511.jpg,spiral
952529.jpg,irregular
952537.jpg,elliptical
952543.jpg,elliptical
952577.jpg,elliptical
952600.jpg,irregular
952609.jpg,spiral
952648.jpg,elliptical
952660.jpg,irregular
952672.jpg,elliptical
952745.jpg,elliptical
952755.jpg,irregular
952787.jpg,elliptical
952801.jpg,elliptical
952811.jpg,spiral
952813.jpg,irregular
952836.jpg,irregular
952844.jpg,spiral
952846.jpg,elliptical
952902.jpg,spiral
952914.jpg,elliptical
952926.jpg,elliptical
952932.jpg,spiral
952940.jpg,irregular
952945.jpg,elliptical
952980.jpg,elliptical
952985.jpg,elliptical
953004.jpg,elliptical
953008.jpg,irregular
953014.jpg,irregular
953022.jpg,irregular
953044.jpg,elliptical
953069.jpg,elliptical
953079.jpg,elliptical
953092.jpg,spiral
953109.jpg,elliptical
953144.jpg,elliptical
953167.jpg,irregular
953213.jpg,irregular
953269.jpg,elliptical
953270.jpg,elliptical
953281.jpg,elliptical
953352.jpg,elliptical
953376.jpg,elliptical
953377.jpg,elliptical
953382.jpg,elliptical
953435.jpg,irregular
953470.jpg,elliptical
953543.jpg,elliptical
953553.jpg,elliptical
953571.jpg,spiral
953593.jpg,irregular
953597.jpg,irregular
953648.jpg,elliptical
953655.jpg,elliptical
953688.jpg,spiral
953693.jpg,elliptical
953711.jpg,elliptical
953716.jpg,elliptical
953734.jpg,irregular
953757.jpg,spiral
953769.jpg,elliptical
953798.jpg,elliptical
953801.jpg,irregular
953923.jpg,elliptical
953937.jpg,elliptical
953969.jpg,spiral
953970.jpg,elliptical
954035.jpg,elliptical
954102.jpg,irregular
954120.jpg,spiral
954138.jpg,elliptical
954178.jpg,irregular
954183.jpg,elliptical
954233.jpg,spiral
954256.jpg,elliptical
954268.jpg,elliptical
954276.jpg,elliptical
954279.jpg,elliptical
954288.jpg,elliptical
954327.jpg,elliptical
954356.jpg,elliptical
954423.jpg,elliptical
954429.jpg,spiral
954452.jpg,spiral
954485.jpg,elliptical
954514.jpg,spiral
954517.jpg,elliptical
954577.jpg,elliptical
954584.jpg,spiral
954605.jpg,spiral
954620.jpg,irregular
954651.jpg,irregular
954719.jpg,irregular
954753.jpg,elliptical
954758.jpg,elliptical
954768.jpg,elliptical
954771.jpg,elliptical
954785.jpg,spiral
954810.jpg,spiral
954827.jpg,irregular
954833.jpg,irregular
954868.jpg,elliptical
954917.jpg,irregular
954926.jpg,elliptical
954935.jpg,spiral
954938.jpg,elliptical
954969.jpg,irregular
954985.jpg,spiral
955049.jpg,irregular
955055.jpg,elliptical
955057.jpg,irregular
955063.jpg,spiral
955070.jpg,irregular
955122.jpg,elliptical
955139.jpg,elliptical
955142.jpg,elliptical
955233.jpg,elliptical
955270.jpg,elliptical
955279.jpg,spiral
955295.jpg,elliptical
955302.jpg,elliptical
955305.jpg,elliptical
955356.jpg,elliptical
955361.jpg,elliptical
955392.jpg,elliptical
955416.jpg,spiral
955438.jpg,irregular
955447.jpg,spiral
955476.jpg,irregular
955484.jpg,elliptical
955563.jpg,elliptical
955571.jpg,elliptical
955579.jpg,elliptical
955587.jpg,irregular
955628.jpg,elliptical
955654.jpg,irregular
955669.jpg,elliptical
955678.jpg,spiral
955689.jpg,elliptical
955690.jpg,spiral
955715.jpg,irregular
955720.jpg,elliptical
955773.jpg,spiral
955802.jpg,elliptical
955813.jpg,irregular
955816.jpg,elliptical
955850.jpg,spiral
955852.jpg,elliptical
955922.jpg,irregular
955927.jpg,elliptical
955932.jpg,elliptical
955939.jpg,elliptical
955956.jpg,elliptical
955977.jpg,irregular
955995.jpg,irregular
956023.jpg,elliptical
956025.jpg,elliptical
956031.jpg,elliptical
956053.jpg,irregular
956071.jpg,elliptical
956095.jpg,elliptical
956097.jpg,elliptical
956109.jpg,elliptical
956129.jpg,spiral
956148.jpg,elliptical
956159.jpg,spiral
956164.jpg,spiral
956188.jpg,elliptical
956240.jpg,elliptical
956254.jpg,elliptical
956287.jpg,irregular
956305.jpg,elliptical
956339.jpg,elliptical
956374.jpg,elliptical
956396.jpg,irregular
956407.jpg,irregular
956416.jpg,elliptical
956482.jpg,elliptical
956483.jpg,irregular
956484.jpg,irregular
956499.jpg,elliptical
956501.jpg,elliptical
956507.jpg,elliptical
956517.jpg,irregular
956529.jpg,elliptical
956530.jpg,spiral
956545.jpg,spiral
956558.jpg,elliptical
956563.jpg,irregular
956574.jpg,elliptical
956608.jpg,elliptical
956688.jpg,elliptical
956733.jpg,elliptical
956736.jpg,elliptical
956775.jpg,elliptical
956846.jpg,elliptical
956901.jpg,irregular
956905.jpg,elliptical
956923.jpg,elliptical
956986.jpg,elliptical
956988.jpg,elliptical
957031.jpg,irregular
957044.jpg,elliptical
957065.jpg,elliptical
957070.jpg,elliptical
957084.jpg,spiral
957092.jpg,spiral
957104.jpg,spiral
957118.jpg,irregular
957141.jpg,irregular
957157.jpg,irregular
957159.jpg,irregular
957187.jpg,elliptical
957192.jpg,elliptical
957194.jpg,elliptical
957196.jpg,irregular
957211.jpg,spiral
957231.jpg,irregular
957234.jpg,elliptical
957249.jpg,irregular
957251.jpg,spiral
957253.jpg,elliptical
957263.jpg,spiral
957266.jpg,irregular
957312.jpg,spiral
957334.jpg,elliptical
957376.jpg,elliptical
957425.jpg,elliptical
957499.jpg,elliptical
957530.jpg,spiral
957554.jpg,spiral
957565.jpg,spiral
957577.jpg,elliptical
957591.jpg,elliptical
957616.jpg,irregular
957617.jpg,elliptical
957642.jpg,elliptical
957675.jpg,elliptical
957684.jpg,elliptical
957725.jpg,elliptical
957729.jpg,elliptical
957743.jpg,elliptical
957751.jpg,spiral
957776.jpg,irregular
957778.jpg,irregular
957779.jpg,elliptical
957791.jpg,irregular
957812.jpg,elliptical
957847.jpg,elliptical
957904.jpg,irregular
957972.jpg,elliptical
957980.jpg,elliptical
957996.jpg,irregular
958028.jpg,irregular
958037.jpg,irregular
958068.jpg,elliptical
958074.jpg,irregular
958090.jpg,irregular
958094.jpg,elliptical
958113.jpg,elliptical
958143.jpg,elliptical
958159.jpg,irregular
958258.jpg,elliptical
958383.jpg,spiral
958392.jpg,spiral
958430.jpg,elliptical
958440.jpg,spiral
958482.jpg,elliptical
958506.jpg,spiral
958531.jpg,elliptical
958538.jpg,elliptical
958557.jpg,spiral
958565.jpg,elliptical
958597.jpg,elliptical
958611.jpg,spiral
958621.jpg,elliptical
958632.jpg,elliptical
958649.jpg,elliptical
958652.jpg,elliptical
958709.jpg,elliptical
958725.jpg,elliptical
958754.jpg,spiral
958765.jpg,spiral
958773.jpg,elliptical
958832.jpg,elliptical
958845.jpg,elliptical
958895.jpg,spiral
958899.jpg,spiral
958926.jpg,spiral
958978.jpg,elliptical
959029.jpg,spiral
959042.jpg,spiral
959043.jpg,elliptical
959046.jpg,irregular
959057.jpg,elliptical
959066.jpg,elliptical
959114.jpg,spiral
959118.jpg,spiral
959143.jpg,spiral
959155.jpg,irregular
959169.jpg,elliptical
959270.jpg,spiral
959276.jpg,elliptical
959339.jpg,elliptical
959340.jpg,irregular
959343.jpg,elliptical
959356.jpg,elliptical
959388.jpg,elliptical
959429.jpg,elliptical
959466.jpg,elliptical
959483.jpg,spiral
959498.jpg,irregular
959501.jpg,spiral
959508.jpg,elliptical
959513.jpg,elliptical
959540.jpg,elliptical
959564.jpg,elliptical
959583.jpg,spiral
959617.jpg,elliptical
959645.jpg,elliptical
959660.jpg,irregular
959679.jpg,elliptical
959766.jpg,irregular
959830.jpg,spiral
959856.jpg,elliptical
959870.jpg,elliptical
959871.jpg,elliptical
959880.jpg,elliptical
959930.jpg,elliptical
959932.jpg,elliptical
959953.jpg,spiral
959977.jpg,elliptical
959982.jpg,spiral
959987.jpg,elliptical
959998.jpg,irregular
960001.jpg,spiral
960004.jpg,elliptical
960103.jpg,elliptical
960124.jpg,elliptical
960130.jpg,irregular
960136.jpg,elliptical
960144.jpg,elliptical
960206.jpg,irregular
960208.jpg,irregular
960218.jpg,irregular
960264.jpg,elliptical
960281.jpg,irregular
960294.jpg,spiral
960300.jpg,spiral
960325.jpg,elliptical
960332.jpg,spiral
960351.jpg,elliptical
960362.jpg,elliptical
960366.jpg,elliptical
960375.jpg,irregular
960384.jpg,elliptical
960387.jpg,elliptical
960413.jpg,elliptical
960415.jpg,irregular
960419.jpg,elliptical
960421.jpg,elliptical
960429.jpg,elliptical
960453.jpg,elliptical
960523.jpg,irregular
960543.jpg,spiral
960561.jpg,irregular
960608.jpg,elliptical
960616.jpg,elliptical
960627.jpg,spiral
960648.jpg,elliptical
960662.jpg,irregular
960663.jpg,irregular
960686.jpg,elliptical
960691.jpg,elliptical
960724.jpg,elliptical
960740.jpg,elliptical
960773.jpg,irregular
960775.jpg,elliptical
960786.jpg,irregular
960794.jpg,irregular
960801.jpg,elliptical
960808.jpg,irregular
960825.jpg,spiral
960861.jpg,irregular
960899.jpg,irregular
960902.jpg,elliptical
960920.jpg,elliptical
960939.jpg,elliptical
961027.jpg,elliptical
961032.jpg,elliptical
961039.jpg,elliptical
961044.jpg,spiral
961051.jpg,elliptical
961083.jpg,elliptical
961122.jpg,irregular
961127.jpg,elliptical
961135.jpg,irregular
961136.jpg,elliptical
961151.jpg,irregular
961178.jpg,elliptical
961179.jpg,elliptical
961195.jpg,elliptical
961273.jpg,elliptical
961307.jpg,elliptical
961331.jpg,elliptical
961371.jpg,spiral
961376.jpg,irregular
961387.jpg,spiral
961403.jpg,spiral
961413.jpg,irregular
961426.jpg,spiral
961427.jpg,irregular
961442.jpg,spiral
961452.jpg,elliptical
961473.jpg,spiral
961503.jpg,elliptical
961513.jpg,elliptical
961544.jpg,spiral
961552.jpg,irregular
961572.jpg,elliptical
961577.jpg,irregular
961584.jpg,irregular
961598.jpg,irregular
961602.jpg,elliptical
961610.jpg,spiral
961628.jpg,elliptical
961659.jpg,elliptical
961669.jpg,elliptical
961682.jpg,elliptical
961717.jpg,irregular
961736.jpg,elliptical
961762.jpg,irregular
961782.jpg,elliptical
961830.jpg,irregular
961879.jpg,irregular
961912.jpg,spiral
961947.jpg,spiral
962027.jpg,elliptical
962051.jpg,elliptical
962064.jpg,elliptical
962069.jpg,spiral
962083.jpg,elliptical
962084.jpg,spiral
962107.jpg,spiral
962163.jpg,irregular
962183.jpg,spiral
962185.jpg,elliptical
962233.jpg,spiral
962263.jpg,irregular
962270.jpg,elliptical
962292.jpg,elliptical
962329.jpg,elliptical
962333.jpg,elliptical
962353.jpg,elliptical
962360.jpg,irregular
962361.jpg,elliptical
962369.jpg,spiral
962377.jpg,elliptical
962389.jpg,elliptical
962399.jpg,elliptical
962409.jpg,elliptical
962412.jpg,spiral
962419.jpg,irregular
962428.jpg,elliptical
962448.jpg,spiral
962458.jpg,elliptical
962482.jpg,spiral
962493.jpg,spiral
962499.jpg,elliptical
962503.jpg,irregular
962523.jpg,elliptical
962543.jpg,spiral
962588.jpg,elliptical
962678.jpg,irregular
962682.jpg,irregular
962727.jpg,elliptical
962739.jpg,elliptical
962745.jpg,elliptical
962747.jpg,elliptical
962805.jpg,irregular
962838.jpg,elliptical
962889.jpg,irregular
962897.jpg,spiral
962913.jpg,elliptical
962921.jpg,elliptical
962923.jpg,elliptical
962928.jpg,elliptical
962980.jpg,irregular
962985.jpg,elliptical
962986.jpg,spiral
963038.jpg,spiral
963039.jpg,spiral
963041.jpg,elliptical
963088.jpg,elliptical
963104.jpg,elliptical
963174.jpg,elliptical
963208.jpg,spiral
963210.jpg,elliptical
963211.jpg,spiral
963223.jpg,elliptical
963246.jpg,elliptical
963264.jpg,spiral
963270.jpg,irregular
963277.jpg,spiral
963292.jpg,irregular
963363.jpg,elliptical
963385.jpg,spiral
963435.jpg,spiral
963459.jpg,elliptical
963463.jpg,irregular
963500.jpg,elliptical
963521.jpg,elliptical
963558.jpg,elliptical
963627.jpg,elliptical
963628.jpg,elliptical
963649.jpg,irregular
963657.jpg,irregular
963673.jpg,spiral
963696.jpg,elliptical
963704.jpg,elliptical
963729.jpg,irregular
963742.jpg,spiral
963786.jpg,elliptical
963789.jpg,spiral
963803.jpg,elliptical
963806.jpg,irregular
963839.jpg,elliptical
963888.jpg,elliptical
963892.jpg,irregular
963926.jpg,elliptical
963990.jpg,elliptical
963999.jpg,elliptical
964006.jpg,irregular
964007.jpg,elliptical
964048.jpg,irregular
964064.jpg,irregular
964071.jpg,spiral
964091.jpg,irregular
964116.jpg,irregular
964119.jpg,irregular
964127.jpg,irregular
964129.jpg,irregular
964145.jpg,irregular
964149.jpg,irregular
964198.jpg,elliptical
964219.jpg,elliptical
964221.jpg,elliptical
964224.jpg,elliptical
964239.jpg,irregular
964248.jpg,elliptical
964249.jpg,spiral
964259.jpg,elliptical
964319.jpg,elliptical
964320.jpg,elliptical
964338.jpg,irregular
964386.jpg,irregular
964388.jpg,spiral
964412.jpg,elliptical
964423.jpg,elliptical
964484.jpg,elliptical
964489.jpg,spiral
964494.jpg,irregular
964499.jpg,spiral
964505.jpg,elliptical
964524.jpg,elliptical
964529.jpg,elliptical
964538.jpg,elliptical
964569.jpg,elliptical
964577.jpg,elliptical
964581.jpg,spiral
964610.jpg,elliptical
964613.jpg,elliptical
964656.jpg,elliptical
964689.jpg,irregular
964690.jpg,irregular
964707.jpg,spiral
964754.jpg,spiral
964778.jpg,elliptical
964826.jpg,elliptical
964830.jpg,spiral
964832.jpg,spiral
964839.jpg,irregular
964899.jpg,elliptical
964921.jpg,elliptical
964964.jpg,elliptical
964991.jpg,elliptical
965049.jpg,elliptical
965081.jpg,elliptical
965113.jpg,spiral
965127.jpg,elliptical
965155.jpg,elliptical
965166.jpg,spiral
965211.jpg,elliptical
965270.jpg,irregular
965280.jpg,elliptical
965338.jpg,irregular
965343.jpg,elliptical
965345.jpg,irregular
965356.jpg,irregular
965359.jpg,elliptical
965397.jpg,elliptical
965449.jpg,elliptical
965451.jpg,elliptical
965456.jpg,elliptical
965487.jpg,spiral
965495.jpg,elliptical
965539.jpg,spiral
965574.jpg,irregular
965652.jpg,elliptical
965669.jpg,spiral
965730.jpg,irregular
965740.jpg,elliptical
965755.jpg,spiral
965761.jpg,elliptical
965804.jpg,irregular
965817.jpg,spiral
965862.jpg,elliptical
965938.jpg,elliptical
965944.jpg,elliptical
965970.jpg,elliptical
965993.jpg,irregular
965995.jpg,irregular
966001.jpg,irregular
966002.jpg,elliptical
966012.jpg,elliptical
966027.jpg,irregular
966036.jpg,irregular
966047.jpg,spiral
966056.jpg,irregular
966064.jpg,irregular
966100.jpg,elliptical
966126.jpg,irregular
966149.jpg,elliptical
966171.jpg,elliptical
966196.jpg,elliptical
966201.jpg,elliptical
966217.jpg,spiral
966258.jpg,elliptical
966278.jpg,irregular
966351.jpg,spiral
966360.jpg,elliptical
966379.jpg,irregular
966385.jpg,elliptical
966420.jpg,irregular
966429.jpg,elliptical
966456.jpg,elliptical
966483.jpg,elliptical
966510.jpg,spiral
966521.jpg,elliptical
966524.jpg,spiral
966547.jpg,irregular
966557.jpg,elliptical
966558.jpg,irregular
966564.jpg,spiral
966594.jpg,irregular
966602.jpg,elliptical
966604.jpg,irregular
966618.jpg,elliptical
966631.jpg,irregular
966662.jpg,elliptical
966729.jpg,spiral
966748.jpg,elliptical
966759.jpg,spiral
966761.jpg,irregular
966772.jpg,elliptical
966781.jpg,irregular
966790.jpg,elliptical
966810.jpg,elliptical
966817.jpg,elliptical
966833.jpg,elliptical
966881.jpg,spiral
966887.jpg,spiral
966902.jpg,irregular
966923.jpg,elliptical
966924.jpg,spiral
966950.jpg,spiral
966978.jpg,elliptical
966989.jpg,elliptical
967019.jpg,elliptical
967028.jpg,irregular
967040.jpg,irregular
967058.jpg,elliptical
967062.jpg,elliptical
967095.jpg,elliptical
967148.jpg,irregular
967153.jpg,elliptical
967193.jpg,elliptical
967197.jpg,elliptical
967202.jpg,elliptical
967207.jpg,spiral
967213.jpg,elliptical
967227.jpg,spiral
967230.jpg,elliptical
967247.jpg,elliptical
967249.jpg,elliptical
967267.jpg,elliptical
967280.jpg,elliptical
967293.jpg,irregular
967300.jpg,spiral
967306.jpg,elliptical
967309.jpg,elliptical
967342.jpg,elliptical
967402.jpg,elliptical
967461.jpg,elliptical
967467.jpg,irregular
967491.jpg,elliptical
967498.jpg,elliptical
967522.jpg,elliptical
967582.jpg,irregular
967592.jpg,elliptical
967633.jpg,elliptical
967637.jpg,elliptical
967653.jpg,spiral
967663.jpg,spiral
967668.jpg,elliptical
967689.jpg,spiral
967746.jpg,spiral
967797.jpg,irregular
967803.jpg,elliptical
967823.jpg,elliptical
967838.jpg,elliptical
967882.jpg,elliptical
967966.jpg,spiral
968012.jpg,elliptical
968055.jpg,spiral
968114.jpg,irregular
968135.jpg,elliptical
968161.jpg,spiral
968210.jpg,elliptical
968214.jpg,elliptical
968222.jpg,irregular
968229.jpg,elliptical
968263.jpg,elliptical
968278.jpg,spiral
968297.jpg,elliptical
968306.jpg,elliptical
968321.jpg,irregular
968328.jpg,spiral
968336.jpg,irregular
968367.jpg,elliptical
968396.jpg,irregular
968398.jpg,irregular
968400.jpg,spiral
968401.jpg,elliptical
968441.jpg,spiral
968471.jpg,elliptical
968503.jpg,elliptical
968512.jpg,elliptical
968520.jpg,irregular
968525.jpg,elliptical
968527.jpg,elliptical
968528.jpg,spiral
968553.jpg,irregular
968564.jpg,elliptical
968576.jpg,elliptical
968579.jpg,elliptical
968586.jpg,elliptical
968621.jpg,elliptical
968630.jpg,irregular
968633.jpg,irregular
968640.jpg,elliptical
968652.jpg,spiral
968656.jpg,elliptical
968699.jpg,elliptical
968702.jpg,irregular
968718.jpg,spiral
968721.jpg,spiral
968730.jpg,elliptical
968758.jpg,irregular
968771.jpg,spiral
968783.jpg,irregular
968789.jpg,elliptical
968793.jpg,elliptical
968822.jpg,elliptical
968844.jpg,spiral
968854.jpg,spiral
968873.jpg,elliptical
968885.jpg,spiral
968967.jpg,spiral
968970.jpg,irregular
968980.jpg,spiral
968988.jpg,irregular
969004.jpg,irregular
969010.jpg,spiral
969019.jpg,irregular
969047.jpg,irregular
969070.jpg,spiral
969071.jpg,irregular
969112.jpg,elliptical
969139.jpg,elliptical
969149.jpg,irregular
969179.jpg,elliptical
969230.jpg,spiral
969232.jpg,spiral
969238.jpg,elliptical
969245.jpg,elliptical
969249.jpg,elliptical
969262.jpg,elliptical
969315.jpg,elliptical
969329.jpg,irregular
969338.jpg,irregular
969347.jpg,elliptical
969358.jpg,elliptical
969385.jpg,elliptical
969451.jpg,elliptical
969455.jpg,irregular
969480.jpg,elliptical
969530.jpg,spiral
969580.jpg,spiral
969614.jpg,elliptical
969616.jpg,elliptical
969630.jpg,elliptical
969631.jpg,elliptical
969634.jpg,irregular
969645.jpg,elliptical
969682.jpg,elliptical
969703.jpg,irregular
969724.jpg,elliptical
969744.jpg,elliptical
969747.jpg,elliptical
969748.jpg,spiral
969800.jpg,elliptical
969856.jpg,elliptical
969868.jpg,irregular
969908.jpg,elliptical
969938.jpg,elliptical
969947.jpg,elliptical
969991.jpg,elliptical
970034.jpg,elliptical
970046.jpg,elliptical
970055.jpg,elliptical
970075.jpg,elliptical
970126.jpg,elliptical
970242.jpg,spiral
970247.jpg,elliptical
970256.jpg,elliptical
970268.jpg,elliptical
970277.jpg,elliptical
970291.jpg,elliptical
970306.jpg,spiral
970317.jpg,irregular
970328.jpg,spiral
970374.jpg,spiral
970389.jpg,spiral
970390.jpg,elliptical
970398.jpg,irregular
970423.jpg,elliptical
970438.jpg,elliptical
970507.jpg,irregular
970529.jpg,elliptical
970533.jpg,elliptical
970545.jpg,elliptical
970584.jpg,elliptical
970625.jpg,irregular
970686.jpg,spiral
970688.jpg,irregular
970737.jpg,elliptical
970798.jpg,irregular
970825.jpg,elliptical
970883.jpg,spiral
970901.jpg,irregular
970930.jpg,elliptical
970968.jpg,irregular
971074.jpg,spiral
971089.jpg,irregular
971092.jpg,elliptical
971096.jpg,spiral
971107.jpg,elliptical
971114.jpg,elliptical
971144.jpg,spiral
971161.jpg,elliptical
971181.jpg,elliptical
971275.jpg,elliptical
971283.jpg,elliptical
971300.jpg,elliptical
971307.jpg,elliptical
971340.jpg,elliptical
971346.jpg,spiral
971371.jpg,elliptical
971378.jpg,elliptical
971392.jpg,elliptical
971402.jpg,elliptical
971442.jpg,elliptical
971465.jpg,elliptical
971480.jpg,elliptical
971508.jpg,elliptical
971544.jpg,elliptical
971571.jpg,elliptical
971598.jpg,elliptical
971603.jpg,irregular
971634.jpg,spiral
971675.jpg,elliptical
971732.jpg,elliptical
971738.jpg,spiral
971744.jpg,elliptical
971746.jpg,elliptical
971749.jpg,elliptical
971757.jpg,spiral
971762.jpg,elliptical
971791.jpg,irregular
971854.jpg,spiral
971859.jpg,elliptical
971865.jpg,irregular
971919.jpg,elliptical
971969.jpg,elliptical
971971.jpg,elliptical
971991.jpg,elliptical
971995.jpg,elliptical
972014.jpg,irregular
972053.jpg,spiral
972077.jpg,spiral
972086.jpg,elliptical
972100.jpg,irregular
972120.jpg,elliptical
972132.jpg,elliptical
972140.jpg,spiral
972195.jpg,irregular
972257.jpg,irregular
972301.jpg,irregular
972309.jpg,elliptical
972323.jpg,elliptical
972358.jpg,elliptical
972383.jpg,elliptical
972470.jpg,elliptical
972473.jpg,elliptical
972504.jpg,elliptical
972510.jpg,spiral
972550.jpg,elliptical
972556.jpg,spiral
972560.jpg,elliptical
972569.jpg,elliptical
972584.jpg,elliptical
972616.jpg,elliptical
972618.jpg,irregular
972634.jpg,elliptical
972725.jpg,elliptical
972727.jpg,irregular
972736.jpg,spiral
972746.jpg,elliptical
972839.jpg,elliptical
972925.jpg,elliptical
972926.jpg,spiral
972974.jpg,elliptical
973036.jpg,elliptical
973046.jpg,elliptical
973066.jpg,irregular
973102.jpg,elliptical
973168.jpg,elliptical
973207.jpg,elliptical
973244.jpg,spiral
973252.jpg,spiral
973265.jpg,spiral
973266.jpg,elliptical
973334.jpg,elliptical
973362.jpg,spiral
973368.jpg,elliptical
973380.jpg,spiral
973460.jpg,spiral
973504.jpg,elliptical
973543.jpg,irregular
973562.jpg,irregular
973565.jpg,elliptical
973602.jpg,irregular
973675.jpg,elliptical
973680.jpg,spiral
973694.jpg,elliptical
973707.jpg,irregular
973772.jpg,irregular
973781.jpg,elliptical
973804.jpg,irregular
973817.jpg,irregular
973819.jpg,spiral
973835.jpg,irregular
973841.jpg,elliptical
973875.jpg,elliptical
973889.jpg,spiral
973931.jpg,spiral
973939.jpg,spiral
973952.jpg,elliptical
973954.jpg,spiral
973999.jpg,elliptical
974009.jpg,elliptical
974023.jpg,elliptical
974050.jpg,elliptical
974058.jpg,spiral
974064.jpg,spiral
974069.jpg,spiral
974070.jpg,elliptical
974076.jpg,elliptical
974077.jpg,irregular
974120.jpg,elliptical
974122.jpg,irregular
974146.jpg,elliptical
974163.jpg,elliptical
974182.jpg,elliptical
974209.jpg,irregular
974217.jpg,spiral
974238.jpg,irregular
974250.jpg,spiral
974263.jpg,elliptical
974279.jpg,elliptical
974286.jpg,irregular
974313.jpg,spiral
974348.jpg,elliptical
974365.jpg,elliptical
974374.jpg,elliptical
974400.jpg,spiral
974427.jpg,elliptical
974438.jpg,irregular
974446.jpg,elliptical
974476.jpg,elliptical
974517.jpg,spiral
974599.jpg,elliptical
974606.jpg,spiral
974610.jpg,elliptical
974619.jpg,spiral
974623.jpg,elliptical
974638.jpg,elliptical
974685.jpg,spiral
974702.jpg,elliptical
974740.jpg,elliptical
974741.jpg,elliptical
974746.jpg,irregular
974779.jpg,elliptical
974787.jpg,elliptical
974800.jpg,elliptical
974801.jpg,elliptical
974831.jpg,elliptical
974883.jpg,elliptical
974918.jpg,spiral
974974.jpg,spiral
974982.jpg,elliptical
975039.jpg,elliptical
975050.jpg,irregular
975055.jpg,irregular
975062.jpg,elliptical
975075.jpg,elliptical
975080.jpg,irregular
975127.jpg,elliptical
975169.jpg,irregular
975191.jpg,elliptical
975207.jpg,elliptical
975214.jpg,elliptical
975292.jpg,elliptical
975297.jpg,elliptical
975314.jpg,elliptical
975352.jpg,elliptical
975379.jpg,elliptical
975392.jpg,spiral
975444.jpg,spiral
975455.jpg,elliptical
975467.jpg,spiral
975479.jpg,spiral
975524.jpg,elliptical
975529.jpg,elliptical
975552.jpg,elliptical
975555.jpg,elliptical
975559.jpg,spiral
975586.jpg,irregular
975589.jpg,elliptical
975597.jpg,elliptical
975621.jpg,irregular
975645.jpg,irregular
975666.jpg,elliptical
975686.jpg,elliptical
975688.jpg,irregular
975689.jpg,irregular
975692.jpg,elliptical
975729.jpg,irregular
975757.jpg,elliptical
975771.jpg,elliptical
975784.jpg,elliptical
975797.jpg,elliptical
975815.jpg,elliptical
975828.jpg,spiral
975835.jpg,elliptical
975836.jpg,spiral
975894.jpg,spiral
975895.jpg,irregular
975937.jpg,elliptical
975974.jpg,irregular
976023.jpg,elliptical
976058.jpg,elliptical
976059.jpg,spiral
976085.jpg,elliptical
976108.jpg,irregular
976125.jpg,spiral
976164.jpg,spiral
976185.jpg,elliptical
976188.jpg,elliptical
976206.jpg,elliptical
976231.jpg,elliptical
976255.jpg,irregular
976257.jpg,elliptical
976279.jpg,spiral
976287.jpg,elliptical
976305.jpg,elliptical
976358.jpg,irregular
976458.jpg,elliptical
976464.jpg,spiral
976480.jpg,irregular
976502.jpg,elliptical
976527.jpg,elliptical
976534.jpg,irregular
976541.jpg,elliptical
976565.jpg,spiral
976566.jpg,elliptical
976571.jpg,elliptical
976602.jpg,elliptical
976607.jpg,elliptical
976637.jpg,elliptical
976669.jpg,spiral
976672.jpg,elliptical
976703.jpg,spiral
976707.jpg,irregular
976713.jpg,elliptical
976759.jpg,elliptical
976763.jpg,irregular
976769.jpg,elliptical
976793.jpg,irregular
976794.jpg,elliptical
976809.jpg,elliptical
976822.jpg,irregular
976847.jpg,irregular
976858.jpg,irregular
976866.jpg,spiral
976884.jpg,irregular
976885.jpg,elliptical
976898.jpg,irregular
976917.jpg,spiral
976951.jpg,elliptical
976957.jpg,spiral
976983.jpg,elliptical
976994.jpg,elliptical
977000.jpg,irregular
977011.jpg,elliptical
977030.jpg,elliptical
977034.jpg,elliptical
977054.jpg,irregular
977151.jpg,irregular
977158.jpg,irregular
977178.jpg,elliptical
977181.jpg,spiral
977195.jpg,elliptical
977221.jpg,spiral
977234.jpg,elliptical
977267.jpg,elliptical
977331.jpg,elliptical
977348.jpg,elliptical
977430.jpg,spiral
977431.jpg,spiral
977470.jpg,irregular
977487.jpg,spiral
977558.jpg,elliptical
977559.jpg,elliptical
977579.jpg,elliptical
977583.jpg,spiral
977623.jpg,elliptical
977644.jpg,elliptical
977655.jpg,elliptical
977663.jpg,irregular
977675.jpg,spiral
977791.jpg,spiral
977815.jpg,irregular
977822.jpg,spiral
977840.jpg,irregular
977847.jpg,irregular
977862.jpg,irregular
977876.jpg,spiral
977885.jpg,spiral
977911.jpg,elliptical
977935.jpg,elliptical
977967.jpg,elliptical
978012.jpg,spiral
978047.jpg,irregular
978063.jpg,elliptical
978095.jpg,elliptical
978161.jpg,spiral
978213.jpg,elliptical
978221.jpg,irregular
978235.jpg,elliptical
978248.jpg,elliptical
978249.jpg,elliptical
978250.jpg,irregular
978251.jpg,elliptical
978339.jpg,elliptical
978367.jpg,elliptical
978385.jpg,elliptical
978388.jpg,elliptical
978476.jpg,spiral
978481.jpg,spiral
978513.jpg,elliptical
978516.jpg,spiral
978528.jpg,elliptical
978538.jpg,elliptical
978644.jpg,irregular
978648.jpg,elliptical
978661.jpg,elliptical
978742.jpg,spiral
978759.jpg,irregular
978776.jpg,elliptical
978808.jpg,spiral
978877.jpg,spiral
978924.jpg,elliptical
978935.jpg,elliptical
978937.jpg,elliptical
978947.jpg,irregular
978949.jpg,spiral
978969.jpg,elliptical
978974.jpg,irregular
979012.jpg,elliptical
979068.jpg,spiral
979169.jpg,spiral
979175.jpg,spiral
979208.jpg,elliptical
979234.jpg,elliptical
979242.jpg,spiral
979243.jpg,irregular
979251.jpg,elliptical
979267.jpg,elliptical
979275.jpg,elliptical
979281.jpg,spiral
979293.jpg,elliptical
979374.jpg,elliptical
979381.jpg,elliptical
979387.jpg,elliptical
979389.jpg,elliptical
979436.jpg,irregular
979489.jpg,irregular
979513.jpg,irregular
979516.jpg,elliptical
979537.jpg,irregular
979549.jpg,spiral
979555.jpg,elliptical
979591.jpg,spiral
979644.jpg,spiral
979649.jpg,elliptical
979669.jpg,elliptical
979726.jpg,elliptical
979730.jpg,irregular
979755.jpg,elliptical
979782.jpg,irregular
979806.jpg,elliptical
979836.jpg,elliptical
979903.jpg,irregular
979949.jpg,elliptical
979972.jpg,spiral
979994.jpg,elliptical
980005.jpg,elliptical
980008.jpg,elliptical
980014.jpg,elliptical
980016.jpg,elliptical
980020.jpg,spiral
980042.jpg,spiral
980051.jpg,elliptical
980057.jpg,elliptical
980070.jpg,irregular
980076.jpg,elliptical
980078.jpg,elliptical
980094.jpg,spiral
980115.jpg,elliptical
980136.jpg,elliptical
980165.jpg,elliptical
980222.jpg,irregular
980257.jpg,elliptical
980317.jpg,spiral
980340.jpg,irregular
980348.jpg,elliptical
980375.jpg,elliptical
980383.jpg,elliptical
980429.jpg,spiral
980467.jpg,elliptical
980469.jpg,spiral
980482.jpg,irregular
980501.jpg,elliptical
980549.jpg,irregular
980563.jpg,irregular
980564.jpg,elliptical
980610.jpg,irregular
980612.jpg,elliptical
980631.jpg,irregular
980730.jpg,elliptical
980754.jpg,irregular
980808.jpg,spiral
980839.jpg,irregular
980850.jpg,elliptical
980882.jpg,irregular
980967.jpg,elliptical
981009.jpg,elliptical
981059.jpg,spiral
981072.jpg,elliptical
981122.jpg,elliptical
981203.jpg,elliptical
981245.jpg,irregular
981271.jpg,elliptical
981277.jpg,irregular
981285.jpg,spiral
981340.jpg,elliptical
981351.jpg,irregular
981369.jpg,irregular
981391.jpg,elliptical
981398.jpg,elliptical
981419.jpg,elliptical
981494.jpg,irregular
981540.jpg,elliptical
981563.jpg,elliptical
981579.jpg,elliptical
981591.jpg,elliptical
981605.jpg,elliptical
981626.jpg,elliptical
981646.jpg,irregular
981677.jpg,elliptical
981685.jpg,spiral
981712.jpg,irregular
981725.jpg,elliptical
981743.jpg,elliptical
981766.jpg,elliptical
981797.jpg,spiral
981807.jpg,elliptical
981822.jpg,elliptical
981880.jpg,spiral
981901.jpg,spiral
981904.jpg,elliptical
981930.jpg,elliptical
981956.jpg,elliptical
982013.jpg,elliptical
982018.jpg,spiral
982076.jpg,elliptical
982105.jpg,elliptical
982157.jpg,elliptical
982174.jpg,elliptical
982198.jpg,spiral
982200.jpg,spiral
982201.jpg,irregular
982211.jpg,elliptical
982235.jpg,irregular
982271.jpg,spiral
982291.jpg,elliptical
982293.jpg,elliptical
982313.jpg,irregular
982315.jpg,spiral
982323.jpg,elliptical
982346.jpg,elliptical
982359.jpg,elliptical
982393.jpg,elliptical
982401.jpg,spiral
982411.jpg,elliptical
982432.jpg,irregular
982448.jpg,elliptical
982466.jpg,spiral
982481.jpg,elliptical
982524.jpg,elliptical
982543.jpg,elliptical
982602.jpg,elliptical
982607.jpg,elliptical
982609.jpg,elliptical
982610.jpg,spiral
982626.jpg,elliptical
982716.jpg,spiral
982719.jpg,spiral
982779.jpg,elliptical
982789.jpg,spiral
982800.jpg,spiral
982838.jpg,elliptical
982855.jpg,irregular
982912.jpg,elliptical
982953.jpg,spiral
982985.jpg,elliptical
983000.jpg,irregular
983012.jpg,elliptical
983016.jpg,elliptical
983043.jpg,elliptical
983057.jpg,elliptical
983059.jpg,elliptical
983115.jpg,irregular
983122.jpg,elliptical
983124.jpg,elliptical
983142.jpg,elliptical
983144.jpg,irregular
983150.jpg,elliptical
983172.jpg,irregular
983192.jpg,elliptical
983222.jpg,elliptical
983225.jpg,spiral
983261.jpg,irregular
983299.jpg,irregular
983314.jpg,spiral
983348.jpg,elliptical
983356.jpg,elliptical
983383.jpg,elliptical
983445.jpg,elliptical
983449.jpg,spiral
983477.jpg,elliptical
983538.jpg,irregular
983545.jpg,elliptical
983574.jpg,spiral
983580.jpg,spiral
983587.jpg,elliptical
983592.jpg,irregular
983604.jpg,elliptical
983625.jpg,elliptical
983691.jpg,elliptical
983709.jpg,elliptical
983739.jpg,elliptical
983766.jpg,elliptical
983884.jpg,spiral
983939.jpg,elliptical
983941.jpg,spiral
983965.jpg,elliptical
984010.jpg,elliptical
984040.jpg,elliptical
984057.jpg,irregular
984060.jpg,elliptical
984066.jpg,elliptical
984087.jpg,elliptical
984095.jpg,spiral
984099.jpg,elliptical
984121.jpg,elliptical
984149.jpg,irregular
984153.jpg,elliptical
984154.jpg,elliptical
984155.jpg,elliptical
984158.jpg,elliptical
984164.jpg,spiral
984176.jpg,elliptical
984178.jpg,irregular
984187.jpg,spiral
984193.jpg,elliptical
984205.jpg,elliptical
984214.jpg,elliptical
984251.jpg,irregular
984259.jpg,irregular
984272.jpg,elliptical
984292.jpg,elliptical
984298.jpg,elliptical
984335.jpg,elliptical
984337.jpg,elliptical
984342.jpg,elliptical
984362.jpg,elliptical
984380.jpg,irregular
984407.jpg,spiral
984446.jpg,spiral
984453.jpg,elliptical
984472.jpg,elliptical
984486.jpg,elliptical
984514.jpg,elliptical
984547.jpg,elliptical
984566.jpg,irregular
984567.jpg,elliptical
984577.jpg,elliptical
984587.jpg,elliptical
984590.jpg,irregular
984604.jpg,elliptical
984619.jpg,irregular
984624.jpg,irregular
984626.jpg,elliptical
984637.jpg,irregular
984659.jpg,elliptical
984669.jpg,spiral
984670.jpg,elliptical
984675.jpg,irregular
984714.jpg,elliptical
984726.jpg,elliptical
984754.jpg,spiral
984767.jpg,irregular
984769.jpg,elliptical
984807.jpg,elliptical
984819.jpg,elliptical
984833.jpg,spiral
984837.jpg,elliptical
984874.jpg,elliptical
984906.jpg,spiral
984921.jpg,spiral
984969.jpg,spiral
984986.jpg,elliptical
985016.jpg,irregular
985061.jpg,elliptical
985077.jpg,irregular
985093.jpg,irregular
985100.jpg,spiral
985151.jpg,elliptical
985152.jpg,spiral
985158.jpg,irregular
985170.jpg,elliptical
985234.jpg,elliptical
985258.jpg,irregular
985300.jpg,elliptical
985328.jpg,irregular
985344.jpg,irregular
985367.jpg,irregular
985371.jpg,irregular
985392.jpg,irregular
985424.jpg,elliptical
985455.jpg,elliptical
985463.jpg,elliptical
985500.jpg,elliptical
985510.jpg,spiral
985537.jpg,irregular
985552.jpg,irregular
985553.jpg,elliptical
985565.jpg,spiral
985596.jpg,elliptical
985603.jpg,elliptical
985615.jpg,elliptical
985641.jpg,elliptical
985667.jpg,spiral
985677.jpg,irregular
985694.jpg,elliptical
985703.jpg,elliptical
985705.jpg,irregular
985721.jpg,elliptical
985738.jpg,spiral
985744.jpg,elliptical
985757.jpg,elliptical
985775.jpg,spiral
985780.jpg,irregular
985818.jpg,spiral
985822.jpg,irregular
985831.jpg,elliptical
985846.jpg,irregular
985849.jpg,elliptical
985850.jpg,irregular
985862.jpg,elliptical
985874.jpg,elliptical
985879.jpg,elliptical
985891.jpg,elliptical
985942.jpg,spiral
985972.jpg,elliptical
985974.jpg,elliptical
985987.jpg,spiral
986000.jpg,elliptical
986038.jpg,elliptical
986060.jpg,spiral
986069.jpg,elliptical
986083.jpg,spiral
986109.jpg,spiral
986132.jpg,elliptical
986139.jpg,spiral
986142.jpg,elliptical
986168.jpg,spiral
986178.jpg,elliptical
986184.jpg,elliptical
986238.jpg,irregular
986243.jpg,spiral
986262.jpg,spiral
986282.jpg,elliptical
986295.jpg,elliptical
986330.jpg,spiral
986354.jpg,elliptical
986380.jpg,elliptical
986417.jpg,elliptical
986418.jpg,irregular
986422.jpg,spiral
986432.jpg,spiral
986447.jpg,spiral
986521.jpg,elliptical
986624.jpg,spiral
986627.jpg,elliptical
986640.jpg,irregular
986671.jpg,irregular
986672.jpg,irregular
986692.jpg,spiral
986696.jpg,irregular
986718.jpg,irregular
986737.jpg,elliptical
986739.jpg,elliptical
986753.jpg,spiral
986783.jpg,elliptical
986840.jpg,elliptical
986841.jpg,elliptical
986845.jpg,spiral
986854.jpg,elliptical
986868.jpg,elliptical
986871.jpg,irregular
986876.jpg,elliptical
986914.jpg,elliptical
987033.jpg,elliptical
987069.jpg,irregular
987091.jpg,spiral
987107.jpg,spiral
987124.jpg,spiral
987128.jpg,elliptical
987154.jpg,irregular
987159.jpg,elliptical
987162.jpg,elliptical
987192.jpg,irregular
987193.jpg,elliptical
987215.jpg,elliptical
987220.jpg,elliptical
987221.jpg,elliptical
987232.jpg,elliptical
987246.jpg,elliptical
987261.jpg,spiral
987300.jpg,elliptical
987315.jpg,elliptical
987320.jpg,irregular
987322.jpg,spiral
987353.jpg,elliptical
987394.jpg,spiral
987421.jpg,elliptical
987469.jpg,elliptical
987521.jpg,elliptical
987526.jpg,elliptical
987537.jpg,elliptical
987541.jpg,elliptical
987571.jpg,elliptical
987572.jpg,elliptical
987633.jpg,elliptical
987637.jpg,elliptical
987656.jpg,elliptical
987666.jpg,elliptical
987673.jpg,elliptical
987684.jpg,elliptical
987691.jpg,elliptical
987695.jpg,elliptical
987715.jpg,elliptical
987793.jpg,elliptical
987804.jpg,elliptical
987818.jpg,irregular
987820.jpg,elliptical
987824.jpg,irregular
987826.jpg,elliptical
987885.jpg,elliptical
987924.jpg,irregular
987932.jpg,elliptical
987942.jpg,elliptical
987987.jpg,elliptical
988001.jpg,elliptical
988100.jpg,elliptical
988103.jpg,elliptical
988125.jpg,elliptical
988136.jpg,elliptical
988148.jpg,elliptical
988185.jpg,spiral
988199.jpg,elliptical
988210.jpg,elliptical
988248.jpg,elliptical
988260.jpg,irregular
988319.jpg,irregular
988321.jpg,elliptical
988328.jpg,elliptical
988333.jpg,irregular
988388.jpg,spiral
988403.jpg,elliptical
988411.jpg,irregular
988425.jpg,irregular
988436.jpg,spiral
988438.jpg,elliptical
988440.jpg,elliptical
988489.jpg,elliptical
988490.jpg,elliptical
988509.jpg,elliptical
988517.jpg,spiral
988521.jpg,elliptical
988540.jpg,elliptical
988551.jpg,elliptical
988552.jpg,irregular
988566.jpg,elliptical
988637.jpg,elliptical
988647.jpg,elliptical
988663.jpg,spiral
988735.jpg,spiral
988794.jpg,irregular
988803.jpg,irregular
988844.jpg,elliptical
988894.jpg,spiral
988906.jpg,elliptical
988923.jpg,elliptical
988993.jpg,spiral
989001.jpg,elliptical
989036.jpg,spiral
989050.jpg,elliptical
989058.jpg,irregular
989082.jpg,elliptical
989098.jpg,spiral
989186.jpg,elliptical
989188.jpg,spiral
989197.jpg,spiral
989215.jpg,elliptical
989223.jpg,elliptical
989239.jpg,irregular
989251.jpg,elliptical
989258.jpg,elliptical
989272.jpg,spiral
989287.jpg,spiral
989288.jpg,elliptical
989357.jpg,irregular
989380.jpg,irregular
989400.jpg,elliptical
989404.jpg,irregular
989415.jpg,irregular
989419.jpg,elliptical
989434.jpg,elliptical
989449.jpg,irregular
989464.jpg,elliptical
989475.jpg,elliptical
989477.jpg,irregular
989495.jpg,elliptical
989505.jpg,elliptical
989508.jpg,irregular
989523.jpg,elliptical
989531.jpg,spiral
989537.jpg,spiral
989557.jpg,elliptical
989574.jpg,spiral
989579.jpg,elliptical
989593.jpg,spiral
989614.jpg,irregular
989643.jpg,irregular
989656.jpg,elliptical
989662.jpg,elliptical
989671.jpg,elliptical
989741.jpg,elliptical
989763.jpg,spiral
989765.jpg,elliptical
989785.jpg,elliptical
989809.jpg,irregular
989824.jpg,elliptical
989846.jpg,elliptical
989873.jpg,spiral
989899.jpg,spiral
989934.jpg,elliptical
989942.jpg,irregular
989943.jpg,elliptical
989955.jpg,irregular
989957.jpg,elliptical
989960.jpg,spiral
989970.jpg,elliptical
989987.jpg,spiral
989991.jpg,elliptical
989996.jpg,elliptical
990011.jpg,elliptical
990027.jpg,spiral
990044.jpg,elliptical
990063.jpg,irregular
990089.jpg,elliptical
990137.jpg,elliptical
990167.jpg,elliptical
990234.jpg,spiral
990241.jpg,irregular
990253.jpg,elliptical
990257.jpg,spiral
990305.jpg,elliptical
990339.jpg,elliptical
990341.jpg,irregular
990360.jpg,elliptical
990364.jpg,elliptical
990393.jpg,elliptical
990400.jpg,irregular
990414.jpg,irregular
990430.jpg,elliptical
990438.jpg,spiral
990443.jpg,elliptical
990496.jpg,elliptical
990522.jpg,spiral
990540.jpg,spiral
990567.jpg,elliptical
990571.jpg,elliptical
990599.jpg,elliptical
990666.jpg,irregular
990672.jpg,elliptical
990698.jpg,elliptical
990700.jpg,irregular
990710.jpg,elliptical
990728.jpg,elliptical
990737.jpg,elliptical
990743.jpg,irregular
990754.jpg,elliptical
990774.jpg,elliptical
990809.jpg,spiral
990842.jpg,elliptical
990864.jpg,elliptical
990865.jpg,elliptical
990893.jpg,elliptical
990896.jpg,elliptical
990939.jpg,elliptical
990972.jpg,spiral
991003.jpg,irregular
991011.jpg,irregular
991019.jpg,spiral
991065.jpg,irregular
991067.jpg,spiral
991080.jpg,irregular
991103.jpg,elliptical
991150.jpg,elliptical
991171.jpg,elliptical
991227.jpg,spiral
991256.jpg,irregular
991364.jpg,elliptical
991381.jpg,elliptical
991401.jpg,elliptical
991426.jpg,irregular
991484.jpg,irregular
991519.jpg,spiral
991547.jpg,spiral
991623.jpg,spiral
991665.jpg,spiral
991718.jpg,spiral
991768.jpg,elliptical
991797.jpg,elliptical
991817.jpg,elliptical
991818.jpg,irregular
991822.jpg,irregular
991834.jpg,irregular
991848.jpg,spiral
991852.jpg,elliptical
991929.jpg,elliptical
991984.jpg,spiral
992005.jpg,irregular
992046.jpg,spiral
992069.jpg,spiral
992144.jpg,elliptical
992185.jpg,elliptical
992195.jpg,elliptical
992221.jpg,elliptical
992260.jpg,elliptical
992275.jpg,elliptical
992294.jpg,elliptical
992308.jpg,elliptical
992312.jpg,elliptical
992352.jpg,elliptical
992378.jpg,spiral
992402.jpg,elliptical
992408.jpg,elliptical
992426.jpg,irregular
992427.jpg,elliptical
992478.jpg,elliptical
992521.jpg,irregular
992604.jpg,elliptical
992617.jpg,elliptical
992642.jpg,spiral
992649.jpg,spiral
992663.jpg,elliptical
992671.jpg,elliptical
992692.jpg,elliptical
992748.jpg,irregular
992762.jpg,irregular
992777.jpg,spiral
992785.jpg,elliptical
992791.jpg,elliptical
992809.jpg,elliptical
992850.jpg,irregular
992851.jpg,elliptical
992856.jpg,irregular
992864.jpg,irregular
992867.jpg,elliptical
992932.jpg,elliptical
992956.jpg,elliptical
992978.jpg,spiral
993056.jpg,irregular
993061.jpg,elliptical
993094.jpg,elliptical
993124.jpg,elliptical
993147.jpg,elliptical
993183.jpg,elliptical
993279.jpg,spiral
993282.jpg,spiral
993285.jpg,spiral
993323.jpg,elliptical
993334.jpg,elliptical
993366.jpg,elliptical
993371.jpg,irregular
993380.jpg,elliptical
993399.jpg,elliptical
993420.jpg,elliptical
993428.jpg,elliptical
993434.jpg,irregular
993470.jpg,elliptical
993484.jpg,elliptical
993523.jpg,elliptical
993535.jpg,elliptical
993546.jpg,elliptical
993577.jpg,elliptical
993599.jpg,spiral
993738.jpg,elliptical
993758.jpg,spiral
993830.jpg,spiral
993840.jpg,spiral
993859.jpg,elliptical
993869.jpg,irregular
993872.jpg,elliptical
993920.jpg,elliptical
993922.jpg,elliptical
993980.jpg,irregular
993982.jpg,elliptical
993988.jpg,elliptical
994031.jpg,elliptical
994064.jpg,spiral
994096.jpg,elliptical
994152.jpg,irregular
994186.jpg,elliptical
994191.jpg,elliptical
994219.jpg,spiral
994243.jpg,elliptical
994288.jpg,spiral
994298.jpg,spiral
994313.jpg,elliptical
994314.jpg,elliptical
994324.jpg,elliptical
994347.jpg,elliptical
994401.jpg,elliptical
994402.jpg,elliptical
994409.jpg,spiral
994454.jpg,spiral
994474.jpg,spiral
994480.jpg,spiral
994503.jpg,elliptical
994553.jpg,elliptical
994560.jpg,elliptical
994573.jpg,elliptical
994602.jpg,elliptical
994632.jpg,irregular
994717.jpg,spiral
994834.jpg,elliptical
994835.jpg,elliptical
994838.jpg,elliptical
994845.jpg,spiral
994860.jpg,spiral
994886.jpg,elliptical
994890.jpg,elliptical
994904.jpg,elliptical
994910.jpg,spiral
994929.jpg,irregular
994989.jpg,spiral
994990.jpg,elliptical
994997.jpg,elliptical
995012.jpg,elliptical
995054.jpg,elliptical
995056.jpg,elliptical
995061.jpg,spiral
995091.jpg,elliptical
995128.jpg,elliptical
995131.jpg,elliptical
995137.jpg,irregular
995138.jpg,spiral
995153.jpg,elliptical
995170.jpg,elliptical
995185.jpg,elliptical
995229.jpg,spiral
995241.jpg,spiral
995256.jpg,elliptical
995280.jpg,elliptical
995300.jpg,irregular
995308.jpg,elliptical
995364.jpg,spiral
995365.jpg,elliptical
995379.jpg,elliptical
995416.jpg,elliptical
995423.jpg,elliptical
995429.jpg,irregular
995542.jpg,spiral
995559.jpg,elliptical
995605.jpg,irregular
995636.jpg,irregular
995638.jpg,elliptical
995659.jpg,elliptical
995702.jpg,spiral
995771.jpg,spiral
995793.jpg,elliptical
995858.jpg,elliptical
995867.jpg,irregular
995869.jpg,elliptical
995891.jpg,elliptical
995975.jpg,elliptical
995978.jpg,irregular
995993.jpg,irregular
996030.jpg,spiral
996043.jpg,elliptical
996047.jpg,elliptical
996064.jpg,elliptical
996138.jpg,irregular
996164.jpg,spiral
996186.jpg,elliptical
996192.jpg,elliptical
996195.jpg,elliptical
996288.jpg,spiral
996295.jpg,elliptical
996299.jpg,elliptical
996302.jpg,spiral
996329.jpg,spiral
996350.jpg,elliptical
996396.jpg,elliptical
996431.jpg,spiral
996443.jpg,spiral
996452.jpg,elliptical
996508.jpg,elliptical
996537.jpg,irregular
996542.jpg,elliptical
996552.jpg,elliptical
996566.jpg,irregular
996585.jpg,irregular
996602.jpg,elliptical
996625.jpg,irregular
996629.jpg,irregular
996646.jpg,irregular
996661.jpg,elliptical
996665.jpg,elliptical
996699.jpg,elliptical
996701.jpg,elliptical
996705.jpg,elliptical
996707.jpg,elliptical
996727.jpg,elliptical
996783.jpg,elliptical
996814.jpg,irregular
996836.jpg,irregular
996844.jpg,irregular
996854.jpg,spiral
996869.jpg,elliptical
996922.jpg,elliptical
996945.jpg,spiral
996957.jpg,irregular
997008.jpg,spiral
997040.jpg,spiral
997069.jpg,spiral
997072.jpg,elliptical
997090.jpg,elliptical
997093.jpg,irregular
997133.jpg,spiral
997140.jpg,elliptical
997152.jpg,irregular
997170.jpg,spiral
997240.jpg,elliptical
997244.jpg,spiral
997265.jpg,elliptical
997296.jpg,elliptical
997314.jpg,elliptical
997316.jpg,elliptical
997319.jpg,elliptical
997342.jpg,elliptical
997348.jpg,spiral
997404.jpg,elliptical
997405.jpg,spiral
997424.jpg,spiral
997456.jpg,spiral
997459.jpg,elliptical
997487.jpg,elliptical
997586.jpg,elliptical
997627.jpg,elliptical
997634.jpg,elliptical
997664.jpg,elliptical
997669.jpg,elliptical
997691.jpg,elliptical
997713.jpg,elliptical
997725.jpg,elliptical
997749.jpg,elliptical
997788.jpg,elliptical
997804.jpg,elliptical
997823.jpg,irregular
997840.jpg,spiral
997842.jpg,elliptical
997882.jpg,elliptical
997889.jpg,elliptical
997899.jpg,elliptical
997901.jpg,elliptical
997966.jpg,elliptical
997970.jpg,elliptical
997989.jpg,irregular
998009.jpg,spiral
998011.jpg,irregular
998039.jpg,irregular
998044.jpg,elliptical
998077.jpg,spiral
998097.jpg,elliptical
998126.jpg,elliptical
998178.jpg,irregular
998202.jpg,elliptical
998220.jpg,elliptical
998245.jpg,spiral
998288.jpg,irregular
998334.jpg,irregular
998343.jpg,elliptical
998355.jpg,spiral
998356.jpg,elliptical
998370.jpg,elliptical
998378.jpg,irregular
998406.jpg,elliptical
998410.jpg,elliptical
998418.jpg,spiral
998471.jpg,elliptical
998492.jpg,spiral
998501.jpg,elliptical
998503.jpg,elliptical
998507.jpg,elliptical
998525.jpg,elliptical
998542.jpg,irregular
998552.jpg,elliptical
998570.jpg,elliptical
998575.jpg,elliptical
998579.jpg,spiral
998612.jpg,elliptical
998645.jpg,elliptical
998649.jpg,irregular
998659.jpg,elliptical
998662.jpg,irregular
998669.jpg,elliptical
998751.jpg,elliptical
998789.jpg,irregular
998816.jpg,irregular
998823.jpg,elliptical
998874.jpg,elliptical
998907.jpg,elliptical
998915.jpg,elliptical
998927.jpg,elliptical
998947.jpg,elliptical
999003.jpg,spiral
999031.jpg,irregular
999045.jpg,elliptical
999100.jpg,elliptical
999137.jpg,spiral
999264.jpg,spiral
999274.jpg,elliptical
999293.jpg,elliptical
999308.jpg,elliptical
999353.jpg,elliptical
999354.jpg,irregular
999393.jpg,elliptical
999415.jpg,spiral
999418.jpg,elliptical
999423.jpg,spiral
999435.jpg,elliptical
999475.jpg,elliptical
999502.jpg,spiral
999508.jpg,elliptical
999540.jpg,elliptical
999569.jpg,elliptical
999604.jpg,elliptical
999622.jpg,elliptical
999655.jpg,elliptical
999680.jpg,elliptical
999687.jpg,elliptical
999731.jpg,elliptical
999777.jpg,spiral
999781.jpg,elliptical
999786.jpg,elliptical
999795.jpg,spiral
999873.jpg,elliptical
999875.jpg,spiral
999893.jpg,irregular
999936.jpg,elliptical
999948.jpg,elliptical
999950.jpg,elliptical
999958.jpg,irregular
999964.jpg,irregular
999967.jpg,elliptical
